language,task,item_id,manualApproved,needsReview,reason,approvalUpdatedAt,reviewUpdatedAt,updatedYesterday,approvedToday,needsReviewToday,scoreSource,score
de,other,general-rotate-device,false,true,second ry,,,false,false,false,,0.5
de,other,task-completion,false,true,wrong tense,,,false,false,false,,0.125
de,other,components/participant-sidebar.grade,false,true,test,,,false,false,false,,
es-ar,thoughts-feelings,main/itembank_by_task/thoughts-feelings.xliff::ChildSurveyIntro,false,true,Escuela vs. colegio in questions,,,false,false,false,ai,0.4
es-ar,thoughts-feelings,main/itembank_by_task/thoughts-feelings.xliff::Example1Comic,true,false,,,,false,false,false,manual,1
es-ar,thoughts-feelings,main/itembank_by_task/thoughts-feelings.xliff::Example2Neat,false,true,escuela vs. colegio,,,false,false,false,ai,0.7
es-ar,thoughts-feelings,main/itembank_by_task/thoughts-feelings.xliff::TeacherNice,true,false,,,,false,false,false,manual,1
es-ar,thoughts-feelings,main/itembank_by_task/thoughts-feelings.xliff::TeacherLike,true,false,,,,false,false,false,manual,1
es-ar,thoughts-feelings,main/itembank_by_task/thoughts-feelings.xliff::SchoolFun,false,true,escuela vs. colegio,,,false,false,false,ai,1
es-ar,thoughts-feelings,main/itembank_by_task/thoughts-feelings.xliff::TeacherListen,true,false,,,,false,false,false,manual,1
es-ar,thoughts-feelings,main/itembank_by_task/thoughts-feelings.xliff::SchoolEnjoy,false,true,escuela vs. colegio,,,false,false,false,ai,1
es-ar,thoughts-feelings,main/itembank_by_task/thoughts-feelings.xliff::SchoolHappy,false,true,escuela vs. colegio,,,false,false,false,ai,1
es-ar,thoughts-feelings,main/itembank_by_task/thoughts-feelings.xliff::SchoolSafe,false,true,escuela vs. colegio,,,false,false,false,ai,1
es-ar,thoughts-feelings,main/itembank_by_task/thoughts-feelings.xliff::ClassFriends,true,false,,,,false,false,false,manual,1
es-ar,thoughts-feelings,main/itembank_by_task/thoughts-feelings.xliff::ClassHelp,true,false,,,,false,false,false,manual,1
es-ar,thoughts-feelings,main/itembank_by_task/thoughts-feelings.xliff::ClassPlay,true,false,,,,false,false,false,manual,1
es-ar,thoughts-feelings,main/itembank_by_task/thoughts-feelings.xliff::ClassNice,true,false,,,,false,false,false,manual,1
es-ar,thoughts-feelings,main/itembank_by_task/thoughts-feelings.xliff::LonelySchool,false,true,escuela vs. colegio,,,false,false,false,ai,1
es-ar,thoughts-feelings,main/itembank_by_task/thoughts-feelings.xliff::LearningGood,false,true,escuela vs. colegio,,,false,false,false,ai,0.9
es-ar,thoughts-feelings,main/itembank_by_task/thoughts-feelings.xliff::SchoolGiveUp,true,false,,,,false,false,false,manual,1
es-ar,thoughts-feelings,main/itembank_by_task/thoughts-feelings.xliff::MathEnjoy,false,true,escuela vs. colegio,,,false,false,false,ai,1
es-ar,thoughts-feelings,main/itembank_by_task/thoughts-feelings.xliff::ReadingGood,true,false,,,,false,false,false,manual,1
es-ar,thoughts-feelings,main/itembank_by_task/thoughts-feelings.xliff::MathGood,true,false,,,,false,false,false,manual,1
es-ar,thoughts-feelings,main/itembank_by_task/thoughts-feelings.xliff::GrowthMindSmart,true,false,,,,false,false,false,manual,1
es-ar,thoughts-feelings,main/itembank_by_task/thoughts-feelings.xliff::ChildSurveyRespoonses,true,false,,,,false,false,false,manual,1
es-ar,thoughts-feelings,main/itembank_by_task/thoughts-feelings.xliff::GrowthMindRead,true,false,,,,false,false,false,manual,1
es-ar,thoughts-feelings,main/itembank_by_task/thoughts-feelings.xliff::GrowthMindMath,true,false,,,,false,false,false,manual,1
es-ar,thoughts-feelings,main/itembank_by_task/thoughts-feelings.xliff::child-survey-intro-no-responses,false,true,reconcile with original introduction (and add first two are for practice),,,false,false,false,ai,0.4
es-ar,vocab,main/itembank_by_task/vocab.xliff::vocab-item-003,true,false,,,,false,false,false,manual,1
es-ar,vocab,main/itembank_by_task/vocab.xliff::vocab-item-001,true,false,,,,false,false,false,manual,1
es-ar,vocab,main/itembank_by_task/vocab.xliff::vocab-item-002,false,true,confirm change from es-CO,,,false,false,false,ai,1
es-ar,vocab,main/itembank_by_task/vocab.xliff::vocab-item-004,true,false,,,,false,false,false,manual,1
es-ar,vocab,main/itembank_by_task/vocab.xliff::vocab-item-006,true,false,,,,false,false,false,manual,1
es-ar,vocab,main/itembank_by_task/vocab.xliff::vocab-item-005,true,false,,,,false,false,false,manual,1
es-ar,vocab,main/itembank_by_task/vocab.xliff::vocab-item-007,true,false,,,,false,false,false,manual,1
es-ar,vocab,main/itembank_by_task/vocab.xliff::vocab-item-008,false,true,el soplador vs. la sopladora,,,false,false,false,ai,1
es-ar,vocab,main/itembank_by_task/vocab.xliff::vocab-item-011,true,false,,,,false,false,false,manual,1
es-ar,vocab,main/itembank_by_task/vocab.xliff::vocab-item-010,true,false,,,,false,false,false,manual,1
es-ar,vocab,main/itembank_by_task/vocab.xliff::vocab-item-009,true,false,,,,false,false,false,manual,1
es-ar,vocab,main/itembank_by_task/vocab.xliff::vocab-item-012,true,false,,,,false,false,false,manual,1
es-ar,vocab,main/itembank_by_task/vocab.xliff::vocab-item-013,true,false,,,,false,false,false,manual,1
es-ar,vocab,main/itembank_by_task/vocab.xliff::vocab-item-014,true,false,,,,false,false,false,manual,1
es-ar,vocab,main/itembank_by_task/vocab.xliff::vocab-item-015,true,false,,,,false,false,false,manual,1
es-ar,vocab,main/itembank_by_task/vocab.xliff::vocab-item-016,true,false,,,,false,false,false,manual,1
es-ar,vocab,main/itembank_by_task/vocab.xliff::vocab-item-017,true,false,,,,false,false,false,manual,1
es-ar,vocab,main/itembank_by_task/vocab.xliff::vocab-item-018,true,false,,,,false,false,false,manual,1
es-ar,vocab,main/itembank_by_task/vocab.xliff::vocab-item-019,true,false,,,,false,false,false,manual,1
es-ar,vocab,main/itembank_by_task/vocab.xliff::vocab-item-020,true,false,,,,false,false,false,manual,1
es-ar,vocab,main/itembank_by_task/vocab.xliff::vocab-item-023,true,false,,,,false,false,false,manual,1
es-ar,vocab,main/itembank_by_task/vocab.xliff::vocab-item-022,true,false,,,,false,false,false,manual,1
es-ar,vocab,main/itembank_by_task/vocab.xliff::vocab-item-021,true,false,,,,false,false,false,manual,1
es-ar,vocab,main/itembank_by_task/vocab.xliff::vocab-item-024,true,false,,,,false,false,false,manual,1
es-ar,vocab,main/itembank_by_task/vocab.xliff::vocab-item-026,true,false,,,,false,false,false,manual,1
es-ar,vocab,main/itembank_by_task/vocab.xliff::vocab-item-025,true,false,,,,false,false,false,manual,1
es-ar,vocab,main/itembank_by_task/vocab.xliff::vocab-item-027,true,false,,,,false,false,false,manual,1
es-ar,vocab,main/itembank_by_task/vocab.xliff::vocab-item-028,true,false,,,,false,false,false,manual,1
es-ar,vocab,main/itembank_by_task/vocab.xliff::vocab-item-029,true,false,,,,false,false,false,manual,1
es-ar,vocab,main/itembank_by_task/vocab.xliff::vocab-item-030,true,false,,,,false,false,false,manual,1
es-ar,vocab,main/itembank_by_task/vocab.xliff::vocab-item-031,true,false,,,,false,false,false,manual,1
es-ar,vocab,main/itembank_by_task/vocab.xliff::vocab-item-033,true,false,,,,false,false,false,manual,1
es-ar,vocab,main/itembank_by_task/vocab.xliff::vocab-item-032,true,false,,,,false,false,false,manual,1
es-ar,vocab,main/itembank_by_task/vocab.xliff::vocab-item-034,true,false,,,,false,false,false,manual,1
es-ar,vocab,main/itembank_by_task/vocab.xliff::vocab-item-035,true,false,,,,false,false,false,manual,1
es-ar,vocab,main/itembank_by_task/vocab.xliff::vocab-item-036,true,false,,,,false,false,false,manual,1
es-ar,vocab,main/itembank_by_task/vocab.xliff::vocab-item-037,true,false,,,,false,false,false,manual,1
es-ar,vocab,main/itembank_by_task/vocab.xliff::vocab-item-038,true,false,,,,false,false,false,manual,1
es-ar,vocab,main/itembank_by_task/vocab.xliff::vocab-item-039,true,false,,,,false,false,false,manual,1
es-ar,vocab,main/itembank_by_task/vocab.xliff::vocab-item-041,true,false,,,,false,false,false,manual,1
es-ar,vocab,main/itembank_by_task/vocab.xliff::vocab-item-043,true,false,,,,false,false,false,manual,1
es-ar,vocab,main/itembank_by_task/vocab.xliff::vocab-item-042,true,false,,,,false,false,false,manual,1
es-ar,vocab,main/itembank_by_task/vocab.xliff::vocab-item-040,true,false,,,,false,false,false,manual,1
es-ar,vocab,main/itembank_by_task/vocab.xliff::vocab-item-044,true,false,,,,false,false,false,manual,1
es-ar,vocab,main/itembank_by_task/vocab.xliff::vocab-item-045,true,false,,,,false,false,false,manual,1
es-ar,vocab,main/itembank_by_task/vocab.xliff::vocab-item-046,true,false,,,,false,false,false,manual,1
es-ar,vocab,main/itembank_by_task/vocab.xliff::vocab-item-047,true,false,,,,false,false,false,manual,1
es-ar,vocab,main/itembank_by_task/vocab.xliff::vocab-item-048,true,false,,,,false,false,false,manual,1
es-ar,vocab,main/itembank_by_task/vocab.xliff::vocab-item-050,true,false,,,,false,false,false,manual,1
es-ar,vocab,main/itembank_by_task/vocab.xliff::vocab-item-049,true,false,,,,false,false,false,manual,1
es-ar,vocab,main/itembank_by_task/vocab.xliff::vocab-item-051,true,false,,,,false,false,false,manual,1
es-ar,vocab,main/itembank_by_task/vocab.xliff::vocab-item-052,false,true,confirm due to addition of new distractor (dog harness),,,false,false,false,ai,0.1
es-ar,vocab,main/itembank_by_task/vocab.xliff::vocab-item-053,false,true,double check per image,,,false,false,false,ai,1
es-ar,vocab,main/itembank_by_task/vocab.xliff::vocab-item-054,true,false,,,,false,false,false,manual,1
es-ar,vocab,main/itembank_by_task/vocab.xliff::vocab-item-055,true,false,,,,false,false,false,manual,1
es-ar,vocab,main/itembank_by_task/vocab.xliff::vocab-item-056,true,false,,,,false,false,false,manual,1
es-ar,vocab,main/itembank_by_task/vocab.xliff::vocab-item-057,true,false,,,,false,false,false,manual,1
es-ar,vocab,main/itembank_by_task/vocab.xliff::vocab-item-059,true,false,,,,false,false,false,manual,1
es-ar,vocab,main/itembank_by_task/vocab.xliff::vocab-item-058,true,false,,,,false,false,false,manual,1
es-ar,vocab,main/itembank_by_task/vocab.xliff::vocab-item-060,false,true,CO recently changed this to el lavamanos.,,,false,false,false,ai,1
es-ar,vocab,main/itembank_by_task/vocab.xliff::vocab-item-062,false,true,confirm per image (vs. oso perezoso),,,false,false,false,ai,1
es-ar,vocab,main/itembank_by_task/vocab.xliff::vocab-item-061,true,false,,,,false,false,false,manual,1
es-ar,vocab,main/itembank_by_task/vocab.xliff::vocab-item-063,true,false,,,,false,false,false,manual,1
es-ar,vocab,main/itembank_by_task/vocab.xliff::vocab-item-064,false,true,confirm - ice cream vs. sorbet,,,false,false,false,ai,0.2
es-ar,vocab,main/itembank_by_task/vocab.xliff::vocab-item-066,true,false,,,,false,false,false,manual,1
es-ar,vocab,main/itembank_by_task/vocab.xliff::vocab-item-065,true,false,,,,false,false,false,manual,1
es-ar,vocab,main/itembank_by_task/vocab.xliff::vocab-item-067,true,false,,,,false,false,false,manual,1
es-ar,vocab,main/itembank_by_task/vocab.xliff::vocab-item-068,true,false,,,,false,false,false,manual,1
es-ar,vocab,main/itembank_by_task/vocab.xliff::vocab-item-069,true,false,,,,false,false,false,manual,1
es-ar,vocab,main/itembank_by_task/vocab.xliff::vocab-item-070,true,false,,,,false,false,false,manual,1
es-ar,vocab,main/itembank_by_task/vocab.xliff::vocab-item-071,true,false,,,,false,false,false,manual,1
es-ar,vocab,main/itembank_by_task/vocab.xliff::vocab-item-072,true,false,,,,false,false,false,manual,1
es-ar,vocab,main/itembank_by_task/vocab.xliff::vocab-item-073,true,false,,,,false,false,false,manual,1
es-ar,vocab,main/itembank_by_task/vocab.xliff::vocab-item-074,true,false,,,,false,false,false,manual,1
es-ar,vocab,main/itembank_by_task/vocab.xliff::vocab-item-075,true,false,,,,false,false,false,manual,1
es-ar,vocab,main/itembank_by_task/vocab.xliff::vocab-item-076,true,false,,,,false,false,false,manual,1
es-ar,vocab,main/itembank_by_task/vocab.xliff::vocab-item-077,true,false,,,,false,false,false,manual,1
es-ar,vocab,main/itembank_by_task/vocab.xliff::vocab-item-078,true,false,,,,false,false,false,manual,1
es-ar,vocab,main/itembank_by_task/vocab.xliff::vocab-item-079,true,false,,,,false,false,false,manual,1
es-ar,vocab,main/itembank_by_task/vocab.xliff::vocab-item-080,true,false,,,,false,false,false,manual,1
es-ar,vocab,main/itembank_by_task/vocab.xliff::vocab-item-081,true,false,,,,false,false,false,manual,1
es-ar,vocab,main/itembank_by_task/vocab.xliff::vocab-item-082,true,false,,,,false,false,false,manual,1
es-ar,vocab,main/itembank_by_task/vocab.xliff::vocab-item-083,true,false,,,,false,false,false,manual,1
es-ar,vocab,main/itembank_by_task/vocab.xliff::vocab-item-084,true,false,,,,false,false,false,manual,1
es-ar,vocab,main/itembank_by_task/vocab.xliff::vocab-item-085,true,false,,,,false,false,false,manual,1
es-ar,vocab,main/itembank_by_task/vocab.xliff::vocab-item-086,true,false,,,,false,false,false,manual,1
es-ar,vocab,main/itembank_by_task/vocab.xliff::vocab-item-087,true,false,,,,false,false,false,manual,1
es-ar,vocab,main/itembank_by_task/vocab.xliff::vocab-item-088,true,false,,,,false,false,false,manual,1
es-ar,vocab,main/itembank_by_task/vocab.xliff::vocab-item-089,true,false,,,,false,false,false,manual,1
es-ar,vocab,main/itembank_by_task/vocab.xliff::vocab-item-090,true,false,,,,false,false,false,manual,1
es-ar,vocab,main/itembank_by_task/vocab.xliff::vocab-item-091,true,false,,,,false,false,false,manual,1
es-ar,vocab,main/itembank_by_task/vocab.xliff::vocab-item-092,true,false,,,,false,false,false,manual,1
es-ar,vocab,main/itembank_by_task/vocab.xliff::vocab-item-093,true,false,,,,false,false,false,manual,1
es-ar,vocab,main/itembank_by_task/vocab.xliff::vocab-item-094,false,true,"discuss ""smoothie"" (fruit) vs. milkshake (ice cream)",,,false,false,false,ai,0.2
es-ar,vocab,main/itembank_by_task/vocab.xliff::vocab-item-095,true,false,,,,false,false,false,manual,1
es-ar,vocab,main/itembank_by_task/vocab.xliff::vocab-item-096,true,false,,,,false,false,false,manual,1
es-ar,vocab,main/itembank_by_task/vocab.xliff::vocab-item-097,true,false,,,,false,false,false,manual,1
es-ar,vocab,main/itembank_by_task/vocab.xliff::vocab-item-098,true,false,,,,false,false,false,manual,1
es-ar,vocab,main/itembank_by_task/vocab.xliff::vocab-item-099,true,false,,,,false,false,false,manual,1
es-ar,vocab,main/itembank_by_task/vocab.xliff::vocab-item-101,true,false,,,,false,false,false,manual,1
es-ar,vocab,main/itembank_by_task/vocab.xliff::vocab-item-100,true,false,,,,false,false,false,manual,1
es-ar,vocab,main/itembank_by_task/vocab.xliff::vocab-item-102,true,false,,,,false,false,false,manual,1
es-ar,vocab,main/itembank_by_task/vocab.xliff::vocab-item-103,true,false,,,,false,false,false,manual,1
es-ar,vocab,main/itembank_by_task/vocab.xliff::vocab-item-104,true,false,,,,false,false,false,manual,1
es-ar,vocab,main/itembank_by_task/vocab.xliff::vocab-item-105,true,false,,,,false,false,false,manual,1
es-ar,vocab,main/itembank_by_task/vocab.xliff::vocab-item-106,true,false,,,,false,false,false,manual,1
es-ar,vocab,main/itembank_by_task/vocab.xliff::vocab-item-107,true,false,,,,false,false,false,manual,1
es-ar,vocab,main/itembank_by_task/vocab.xliff::vocab-item-108,true,false,,,,false,false,false,manual,1
es-ar,vocab,main/itembank_by_task/vocab.xliff::vocab-item-109,true,false,,,,false,false,false,manual,1
es-ar,vocab,main/itembank_by_task/vocab.xliff::vocab-item-111,false,true,goteo vs. goteando,,,false,false,false,ai,0.5
es-ar,vocab,main/itembank_by_task/vocab.xliff::vocab-item-110,true,false,,,,false,false,false,manual,1
es-ar,vocab,main/itembank_by_task/vocab.xliff::vocab-item-113,true,false,,,,false,false,false,manual,1
es-ar,vocab,main/itembank_by_task/vocab.xliff::vocab-item-112,true,false,,,,false,false,false,manual,1
es-ar,vocab,main/itembank_by_task/vocab.xliff::vocab-item-114,true,false,,,,false,false,false,manual,1
es-ar,vocab,main/itembank_by_task/vocab.xliff::vocab-item-115,false,true,el saca clavos - also maybe removing this item from all corpora,,,false,false,false,ai,1
es-ar,vocab,main/itembank_by_task/vocab.xliff::vocab-item-117,true,false,,,,false,false,false,manual,1
es-ar,vocab,main/itembank_by_task/vocab.xliff::vocab-item-116,true,false,,,,false,false,false,manual,1
es-ar,vocab,main/itembank_by_task/vocab.xliff::vocab-item-118,true,false,,,,false,false,false,manual,1
es-ar,vocab,main/itembank_by_task/vocab.xliff::vocab-item-119,true,false,,,,false,false,false,manual,1
es-ar,vocab,main/itembank_by_task/vocab.xliff::vocab-item-121,true,false,,,,false,false,false,manual,1
es-ar,vocab,main/itembank_by_task/vocab.xliff::vocab-item-120,true,false,,,,false,false,false,manual,1
es-ar,vocab,main/itembank_by_task/vocab.xliff::vocab-item-122,true,false,,,,false,false,false,manual,1
es-ar,vocab,main/itembank_by_task/vocab.xliff::vocab-item-125,true,false,,,,false,false,false,manual,1
es-ar,vocab,main/itembank_by_task/vocab.xliff::vocab-item-124,true,false,,,,false,false,false,manual,1
es-ar,vocab,main/itembank_by_task/vocab.xliff::vocab-item-123,true,false,,,,false,false,false,manual,1
es-ar,vocab,main/itembank_by_task/vocab.xliff::vocab-item-126,true,false,,,,false,false,false,manual,1
es-ar,vocab,main/itembank_by_task/vocab.xliff::vocab-item-128,true,false,,,,false,false,false,manual,1
es-ar,vocab,main/itembank_by_task/vocab.xliff::vocab-item-127,true,false,,,,false,false,false,manual,1
es-ar,vocab,main/itembank_by_task/vocab.xliff::vocab-item-129,false,true,this should refer to a confectionary shop rather than the sweets themselves (CO la confitería),,,false,false,false,ai,0.3
es-ar,vocab,main/itembank_by_task/vocab.xliff::vocab-item-130,true,false,,,,false,false,false,manual,1
es-ar,vocab,main/itembank_by_task/vocab.xliff::vocab-item-132,true,false,,,,false,false,false,manual,1
es-ar,vocab,main/itembank_by_task/vocab.xliff::vocab-item-133,true,false,,,,false,false,false,manual,1
es-ar,vocab,main/itembank_by_task/vocab.xliff::vocab-item-131,true,false,,,,false,false,false,manual,1
es-ar,vocab,main/itembank_by_task/vocab.xliff::vocab-item-134,true,false,,,,false,false,false,manual,1
es-ar,vocab,main/itembank_by_task/vocab.xliff::vocab-item-136,true,false,,,,false,false,false,manual,1
es-ar,vocab,main/itembank_by_task/vocab.xliff::vocab-item-137,true,false,,,,false,false,false,manual,1
es-ar,vocab,main/itembank_by_task/vocab.xliff::vocab-item-135,true,false,,,,false,false,false,manual,1
es-ar,vocab,main/itembank_by_task/vocab.xliff::vocab-item-138,true,false,,,,false,false,false,manual,1
es-ar,vocab,main/itembank_by_task/vocab.xliff::vocab-item-139,true,false,,,,false,false,false,manual,1
es-ar,vocab,main/itembank_by_task/vocab.xliff::vocab-item-141,true,false,,,,false,false,false,manual,1
es-ar,vocab,main/itembank_by_task/vocab.xliff::vocab-item-140,true,false,,,,false,false,false,manual,1
es-ar,vocab,main/itembank_by_task/vocab.xliff::vocab-item-142,true,false,,,,false,false,false,manual,1
es-ar,vocab,main/itembank_by_task/vocab.xliff::vocab-item-143,true,false,,,,false,false,false,manual,1
es-ar,vocab,main/itembank_by_task/vocab.xliff::vocab-item-145,true,false,,,,false,false,false,manual,1
es-ar,vocab,main/itembank_by_task/vocab.xliff::vocab-item-144,true,false,,,,false,false,false,manual,1
es-ar,vocab,main/itembank_by_task/vocab.xliff::vocab-item-146,true,false,,,,false,false,false,manual,1
es-ar,vocab,main/itembank_by_task/vocab.xliff::vocab-item-148,false,true,"this is updated for CO to conservar so want to confirm best word for ""preserves"" (see picture)",,,false,false,false,ai,1
es-ar,vocab,main/itembank_by_task/vocab.xliff::vocab-item-149,true,false,,,,false,false,false,manual,1
es-ar,vocab,main/itembank_by_task/vocab.xliff::vocab-item-147,true,false,,,,false,false,false,manual,1
es-ar,vocab,main/itembank_by_task/vocab.xliff::vocab-item-150,true,false,,,,false,false,false,manual,1
es-ar,vocab,main/itembank_by_task/vocab.xliff::vocab-item-151,true,false,,,,false,false,false,manual,1
es-ar,vocab,main/itembank_by_task/vocab.xliff::vocab-item-152,true,false,,,,false,false,false,manual,1
es-ar,vocab,main/itembank_by_task/vocab.xliff::vocab-item-153,true,false,,,,false,false,false,manual,1
es-ar,vocab,main/itembank_by_task/vocab.xliff::vocab-item-154,true,false,,,,false,false,false,manual,1
es-ar,vocab,main/itembank_by_task/vocab.xliff::vocab-item-155,true,false,,,,false,false,false,manual,1
es-ar,vocab,main/itembank_by_task/vocab.xliff::vocab-item-157,true,false,,,,false,false,false,manual,1
es-ar,vocab,main/itembank_by_task/vocab.xliff::vocab-item-156,false,true,just want to confirm based on image and difficulty level,,,false,false,false,ai,0
es-ar,vocab,main/itembank_by_task/vocab.xliff::vocab-item-158,true,false,,,,false,false,false,manual,1
es-ar,vocab,main/itembank_by_task/vocab.xliff::vocab-item-159,true,false,,,,false,false,false,manual,1
es-ar,vocab,main/itembank_by_task/vocab.xliff::vocab-item-160,true,false,,,,false,false,false,manual,1
es-ar,vocab,main/itembank_by_task/vocab.xliff::vocab-item-161,false,true,"Discuss because of the removal and vs. item 171 in CO - which to retain for AR (same images, different target response)",,,false,false,false,ai,1
es-ar,vocab,main/itembank_by_task/vocab.xliff::vocab-item-162,true,false,,,,false,false,false,manual,1
es-ar,vocab,main/itembank_by_task/vocab.xliff::vocab-item-163,true,false,,,,false,false,false,manual,1
es-ar,vocab,main/itembank_by_task/vocab.xliff::vocab-item-164,true,false,,,,false,false,false,manual,1
es-ar,vocab,main/itembank_by_task/vocab.xliff::vocab-item-165,true,false,,,,false,false,false,manual,1
es-ar,vocab,main/itembank_by_task/vocab.xliff::vocab-item-166,true,false,,,,false,false,false,manual,1
es-ar,vocab,main/itembank_by_task/vocab.xliff::vocab-item-167,true,false,,,,false,false,false,manual,1
es-ar,vocab,main/itembank_by_task/vocab.xliff::vocab-item-168,true,false,,,,false,false,false,manual,1
es-ar,vocab,main/itembank_by_task/vocab.xliff::vocab-item-169,true,false,,,,false,false,false,manual,1
es-ar,vocab,main/itembank_by_task/vocab.xliff::vocab-item-170,true,false,,,,false,false,false,manual,1
es-ar,vocab,main/itembank_by_task/vocab.xliff::vocab-instruct-1,true,false,,,,false,false,false,manual,1
es-ar,vocab,main/itembank_by_task/vocab.xliff::vocab-practice-1,true,false,,,,false,false,false,manual,1
es-ar,vocab,main/itembank_by_task/vocab.xliff::vocab-instruct-3,true,false,,,,false,false,false,manual,1
es-ar,vocab,main/itembank_by_task/vocab.xliff::vocab-item-171,false,true,"Discuss because of the removal and vs. item 171 in CO - which to retain for AR (same images, different target response)",,,false,false,false,ai,0.4
es-ar,hearts-and-flowers,main/itembank_by_task/hearts-and-flowers.xliff::heart-instruct1,true,false,,,,false,false,false,manual,1
es-ar,hearts-and-flowers,main/itembank_by_task/hearts-and-flowers.xliff::heart-instruct2,true,false,,,,false,false,false,manual,1
es-ar,hearts-and-flowers,main/itembank_by_task/hearts-and-flowers.xliff::hearts-and-flowers-try-again,true,false,,,,false,false,false,manual,1
es-ar,hearts-and-flowers,main/itembank_by_task/hearts-and-flowers.xliff::heart-practice-feedback1,true,false,,,,false,false,false,manual,1
es-ar,hearts-and-flowers,main/itembank_by_task/hearts-and-flowers.xliff::hearts-and-flowers-practice-time,true,false,,,,false,false,false,manual,1
es-ar,hearts-and-flowers,main/itembank_by_task/hearts-and-flowers.xliff::heart-practice-feedback2,true,false,,,,false,false,false,manual,1
es-ar,hearts-and-flowers,main/itembank_by_task/hearts-and-flowers.xliff::hearts-and-flowers-instruct1,true,false,,,,false,false,false,manual,1
es-ar,hearts-and-flowers,main/itembank_by_task/hearts-and-flowers.xliff::hearts-and-flowers-instruct2,true,false,,,,false,false,false,manual,1
es-ar,hearts-and-flowers,main/itembank_by_task/hearts-and-flowers.xliff::hearts-and-flowers-play-time,true,false,,,,false,false,false,manual,1
es-ar,hearts-and-flowers,main/itembank_by_task/hearts-and-flowers.xliff::flower-instruct1,true,false,,,,false,false,false,manual,1
es-ar,hearts-and-flowers,main/itembank_by_task/hearts-and-flowers.xliff::flower-instruct2,true,false,,,,false,false,false,manual,1
es-ar,hearts-and-flowers,main/itembank_by_task/hearts-and-flowers.xliff::flower-practice-feedback1,true,false,,,,false,false,false,manual,1
es-ar,hearts-and-flowers,main/itembank_by_task/hearts-and-flowers.xliff::flower-practice-feedback2,true,false,,,,false,false,false,manual,1
es-ar,hearts-and-flowers,main/itembank_by_task/hearts-and-flowers.xliff::hearts-and-flowers-instruct3,true,false,,,,false,false,false,manual,1
es-ar,hearts-and-flowers,main/itembank_by_task/hearts-and-flowers.xliff::hearts-and-flowers-encourage1,true,false,,,,false,false,false,manual,1
es-ar,hearts-and-flowers,main/itembank_by_task/hearts-and-flowers.xliff::hearts-and-flowers-encourage2,true,false,,,,false,false,false,manual,1
es-ar,hearts-and-flowers,main/itembank_by_task/hearts-and-flowers.xliff::hearts-and-flowers-end,true,false,,,,false,false,false,manual,1
es-ar,memory-game,main/itembank_by_task/memory-game.xliff::memory-game-display,true,false,,,,false,false,false,manual,1
es-ar,memory-game,main/itembank_by_task/memory-game.xliff::memory-game-input,true,false,,,,false,false,false,manual,1
es-ar,memory-game,main/itembank_by_task/memory-game.xliff::memory-game-instruct1,true,false,,,,false,false,false,manual,1
es-ar,memory-game,main/itembank_by_task/memory-game.xliff::memory-game-instruct2,true,false,,,,false,false,false,manual,1
es-ar,memory-game,main/itembank_by_task/memory-game.xliff::memory-game-instruct3,true,false,,,,false,false,false,manual,1
es-ar,memory-game,main/itembank_by_task/memory-game.xliff::memory-game-instruct4,true,false,,,,false,false,false,manual,1
es-ar,memory-game,main/itembank_by_task/memory-game.xliff::memory-game-forward-prompt,true,false,,,,false,false,false,manual,1
es-ar,memory-game,main/itembank_by_task/memory-game.xliff::memory-game-forward-try-again,true,false,,,,false,false,false,manual,1
es-ar,memory-game,main/itembank_by_task/memory-game.xliff::memory-game-instruct5,true,false,,,,false,false,false,manual,1
es-ar,memory-game,main/itembank_by_task/memory-game.xliff::memory-game-instruct6,true,false,,2026-06-10T17:26:34.629Z,2026-06-10T17:26:24.749Z,true,false,false,manual,1
es-ar,memory-game,main/itembank_by_task/memory-game.xliff::memory-game-instruct7,true,false,,,,false,false,false,manual,1
es-ar,memory-game,main/itembank_by_task/memory-game.xliff::memory-game-backward-prompt,true,false,,,,false,false,false,manual,1
es-ar,memory-game,main/itembank_by_task/memory-game.xliff::memory-game-backward-try-again,true,false,,,,false,false,false,manual,1
es-ar,same-and-different,main/itembank_by_task/same-and-different.xliff::same-different-selection-touch-circle,true,false,,2026-06-09T21:39:19.261Z,,false,false,false,manual,1
es-ar,same-and-different,main/itembank_by_task/same-and-different.xliff::same-different-selection-touch-square,true,false,,2026-06-09T21:39:23.144Z,,false,false,false,manual,1
es-ar,same-and-different,main/itembank_by_task/same-and-different.xliff::same-different-selection-touch-triangle,true,false,,2026-06-09T21:39:25.197Z,,false,false,false,manual,1
es-ar,same-and-different,main/itembank_by_task/same-and-different.xliff::same-different-selection-touch-star,true,false,,2026-06-09T21:39:27.247Z,,false,false,false,manual,1
es-ar,same-and-different,main/itembank_by_task/same-and-different.xliff::same-different-selection-touch-green,true,false,,2026-06-09T21:39:28.697Z,,false,false,false,manual,1
es-ar,same-and-different,main/itembank_by_task/same-and-different.xliff::same-different-selection-touch-red,true,false,,2026-06-09T21:39:30.883Z,,false,false,false,manual,1
es-ar,same-and-different,main/itembank_by_task/same-and-different.xliff::same-different-selection-touch-blue,true,false,,2026-06-09T21:39:46.847Z,,false,false,false,manual,1
es-ar,same-and-different,main/itembank_by_task/same-and-different.xliff::same-different-selection-touch-yellow,true,false,,2026-06-09T21:42:23.586Z,,false,false,false,manual,1
es-ar,same-and-different,main/itembank_by_task/same-and-different.xliff::same-different-selection-touch-small,true,false,,2026-06-09T21:42:26.206Z,,false,false,false,manual,1
es-ar,same-and-different,main/itembank_by_task/same-and-different.xliff::same-different-selection-touch-1,true,false,,2026-06-09T21:42:27.203Z,,false,false,false,manual,1
es-ar,same-and-different,main/itembank_by_task/same-and-different.xliff::sds-your-turn,true,false,,2026-06-09T21:42:31.850Z,,false,false,false,manual,1
es-ar,stories,main/itembank_by_task/stories.xliff::yes,true,false,,,,false,false,false,manual,1
es-ar,stories,main/itembank_by_task/stories.xliff::no,true,false,,,,false,false,false,manual,1
es-ar,stories,main/itembank_by_task/stories.xliff::angry,true,false,,,,false,false,false,manual,1
es-ar,stories,main/itembank_by_task/stories.xliff::sad,true,false,,,,false,false,false,manual,1
es-ar,stories,main/itembank_by_task/stories.xliff::scared,true,false,,,,false,false,false,manual,1
es-ar,stories,main/itembank_by_task/stories.xliff::calm,true,false,,,,false,false,false,manual,1
es-ar,stories,main/itembank_by_task/stories.xliff::proud,true,false,,,,false,false,false,manual,1
es-ar,stories,main/itembank_by_task/stories.xliff::disgusted,true,false,,,,false,false,false,manual,1
es-ar,stories,main/itembank_by_task/stories.xliff::surprised,true,false,,,,false,false,false,manual,1
es-ar,stories,main/itembank_by_task/stories.xliff::ToM-intro,true,false,,,,false,false,false,manual,1
es-ar,stories,main/itembank_by_task/stories.xliff::ToM-transition,true,false,,,,false,false,false,manual,1
es-ar,stories,main/itembank_by_task/stories.xliff::ToM-scene1-instruct1,true,false,,,,false,false,false,manual,1
es-ar,stories,main/itembank_by_task/stories.xliff::ToM-scene1-instruct2,true,false,,,,false,false,false,manual,1
es-ar,stories,main/itembank_by_task/stories.xliff::ToM-scene1-instruct3,true,false,,,,false,false,false,manual,1
es-ar,stories,main/itembank_by_task/stories.xliff::ToM-scene1-q1-false_belief,true,false,,,,false,false,false,manual,1
es-ar,stories,main/itembank_by_task/stories.xliff::chair,true,false,,,,false,false,false,manual,1
es-ar,stories,main/itembank_by_task/stories.xliff::rug,true,false,,,,false,false,false,manual,1
es-ar,stories,main/itembank_by_task/stories.xliff::ToM-scene1-q2-reality_check,true,false,,,,false,false,false,manual,1
es-ar,stories,main/itembank_by_task/stories.xliff::ToM-scene2-instruct1,true,false,,,,false,false,false,manual,1
es-ar,stories,main/itembank_by_task/stories.xliff::ToM-scene2-instruct2,true,false,,,,false,false,false,manual,1
es-ar,stories,main/itembank_by_task/stories.xliff::ToM-scene2-instruct3,true,false,,,,false,false,false,manual,1
es-ar,stories,main/itembank_by_task/stories.xliff::ToM-scene2-q1-false_belief,true,false,,,,false,false,false,manual,1
es-ar,stories,main/itembank_by_task/stories.xliff::coats,true,false,,,,false,false,false,manual,1
es-ar,stories,main/itembank_by_task/stories.xliff::ToM-scene2-instruct4,true,false,,,,false,false,false,manual,1
es-ar,stories,main/itembank_by_task/stories.xliff::shelf,true,false,,,,false,false,false,manual,1
es-ar,stories,main/itembank_by_task/stories.xliff::ToM-scene2-q2-emotion_reasoning,true,false,,,,false,false,false,manual,1
es-ar,stories,main/itembank_by_task/stories.xliff::ToM-scene2-q7-emotion_reasoning,true,false,,,,false,false,false,manual,1
es-ar,stories,main/itembank_by_task/stories.xliff::ToM-scene2-q3-false_belief,true,false,,,,false,false,false,manual,1
es-ar,stories,main/itembank_by_task/stories.xliff::ToM-scene2-q4-false_belief,true,false,,,,false,false,false,manual,1
es-ar,stories,main/itembank_by_task/stories.xliff::ToM-scene2-q5-reality_check,true,false,,,,false,false,false,manual,1
es-ar,stories,main/itembank_by_task/stories.xliff::ToM-scene2-q6-reality_check,false,true,Should this also be podés?,,,false,false,false,ai,0.9
es-ar,stories,main/itembank_by_task/stories.xliff::ToM-scene3-instruct2,true,false,,,,false,false,false,manual,1
es-ar,stories,main/itembank_by_task/stories.xliff::ToM-scene3-instruct1,true,false,,,,false,false,false,manual,1
es-ar,stories,main/itembank_by_task/stories.xliff::ToM-scene3-instruct3,true,false,,,,false,false,false,manual,1
es-ar,stories,main/itembank_by_task/stories.xliff::ToM-scene3-instruct4,true,false,,,,false,false,false,manual,1
es-ar,stories,main/itembank_by_task/stories.xliff::fountain,true,false,,,,false,false,false,manual,1
es-ar,stories,main/itembank_by_task/stories.xliff::ToM-scene3-q1,true,false,,,,false,false,false,manual,1
es-ar,stories,main/itembank_by_task/stories.xliff::tree,true,false,,,,false,false,false,manual,1
es-ar,stories,main/itembank_by_task/stories.xliff::ToM-scene3-q2-false_belief,true,false,,,,false,false,false,manual,1
es-ar,stories,main/itembank_by_task/stories.xliff::behind-tree,true,false,,,,false,false,false,manual,1
es-ar,stories,main/itembank_by_task/stories.xliff::behind-fountain,true,false,,,,false,false,false,manual,1
es-ar,stories,main/itembank_by_task/stories.xliff::ToM-scene3-q2-reality_check,true,false,,,,false,false,false,manual,1
es-ar,stories,main/itembank_by_task/stories.xliff::ToM-scene3-q3-emotion_reasoning,true,false,,,,false,false,false,manual,1
es-ar,stories,main/itembank_by_task/stories.xliff::ToM-scene4-q1-emotion_reasoning,true,false,,,,false,false,false,manual,1
es-ar,stories,main/itembank_by_task/stories.xliff::ToM-scene4-instruct2,true,false,,,,false,false,false,manual,1
es-ar,stories,main/itembank_by_task/stories.xliff::ToM-scene4-instruct1,true,false,,,,false,false,false,manual,1
es-ar,stories,main/itembank_by_task/stories.xliff::ToM-scene4-q8-emotion_reasoning,true,false,,,,false,false,false,manual,1
es-ar,stories,main/itembank_by_task/stories.xliff::ToM-scene4-instruct4,true,false,,,,false,false,false,manual,1
es-ar,stories,main/itembank_by_task/stories.xliff::ToM-scene4-instruct3,true,false,,,,false,false,false,manual,1
es-ar,stories,main/itembank_by_task/stories.xliff::ToM-scene4-q2,true,false,,,,false,false,false,manual,1
es-ar,stories,main/itembank_by_task/stories.xliff::ToM-scene4-q3,true,false,,,,false,false,false,manual,1
es-ar,stories,main/itembank_by_task/stories.xliff::ToM-scene4-q4-false_belief,true,false,,,,false,false,false,manual,1
es-ar,stories,main/itembank_by_task/stories.xliff::ToM-scene4-q5,true,false,,,,false,false,false,manual,1
es-ar,stories,main/itembank_by_task/stories.xliff::ToM-scene4-instruct5,true,false,,,,false,false,false,manual,1
es-ar,stories,main/itembank_by_task/stories.xliff::ToM-scene4-q6,true,false,,,,false,false,false,manual,1
es-ar,stories,main/itembank_by_task/stories.xliff::ToM-scene4-q7,true,false,,,,false,false,false,manual,1
es-ar,stories,main/itembank_by_task/stories.xliff::ToM-scene4-instruct6,true,false,,,,false,false,false,manual,1
es-ar,stories,main/itembank_by_task/stories.xliff::ToM-scene5-instruct1,true,false,,,,false,false,false,manual,1
es-ar,stories,main/itembank_by_task/stories.xliff::ToM-scene5-instruct2,true,false,,,,false,false,false,manual,1
es-ar,stories,main/itembank_by_task/stories.xliff::ToM-scene5-q1,true,false,,,,false,false,false,manual,1
es-ar,stories,main/itembank_by_task/stories.xliff::ToM-scene5-q2-reality_check,true,false,,,,false,false,false,manual,1
es-ar,stories,main/itembank_by_task/stories.xliff::small_cup,true,false,,,,false,false,false,manual,1
es-ar,stories,main/itembank_by_task/stories.xliff::medium_cup,true,false,,,,false,false,false,manual,1
es-ar,stories,main/itembank_by_task/stories.xliff::large_cup,true,false,,,,false,false,false,manual,1
es-ar,stories,main/itembank_by_task/stories.xliff::ToM-scene5-q4-emotion_reasoning,true,false,,,,false,false,false,manual,1
es-ar,stories,main/itembank_by_task/stories.xliff::ToM-scene5-q3-emotion_reasoning,true,false,,,,false,false,false,manual,1
es-ar,stories,main/itembank_by_task/stories.xliff::ToM-scene7-instruct1,false,true,escuela vs. colegio,,,false,false,false,ai,1
es-ar,stories,main/itembank_by_task/stories.xliff::ToM-scene7-instruct2,false,true,,,,false,false,false,ai,0.7
es-ar,stories,main/itembank_by_task/stories.xliff::ToM-scene8-instruct1,false,true,escuela vs. colegio,,,false,false,false,ai,0.3
es-ar,stories,main/itembank_by_task/stories.xliff::ToM-scene8-instruct3,false,true,"primary string needs updating and translations to be updated accordingly. ""Then Mike comes in, and Mike puts his pencil on the shelf above the backpack shelf...""",,,false,false,false,ai,0.7
es-ar,stories,main/itembank_by_task/stories.xliff::ToM-scene-8-instruct4,false,true,shelf vs. cabinet. confirm wording based on early edits.,,,false,false,false,ai,0.6
es-ar,stories,main/itembank_by_task/stories.xliff::ToM-scene-12-instruct1,false,true,colegio vs. escuela,,,false,false,false,ai,1
es-ar,stories,main/itembank_by_task/stories.xliff::ToM-scene-12-instruct2,false,true,colegio vs. escuela,,,false,false,false,ai,0.8
es-ar,stories,main/itembank_by_task/stories.xliff::ToM-scene-12-q1-false_belief,false,true,colegio vs. escuela,,,false,false,false,ai,1
es-ar,stories,main/itembank_by_task/stories.xliff::ToM-scene-12-instruct4,false,true,colegio vs. escuela,,,false,false,false,ai,0.9
es-ar,stories,main/itembank_by_task/stories.xliff::ToM-scene13-instruct1,false,true,colegio vs. escuela,,,false,false,false,ai,1
es-ar,stories,main/itembank_by_task/stories.xliff::ToM-scene14-instruct2,false,true,balon vs. pelota,,,false,false,false,ai,0.7
es-ar,stories,main/itembank_by_task/stories.xliff::ToM-scene14-q1-false_belief,false,true,balon vs. pelota,,,false,false,false,ai,0.2
es-ar,stories,main/itembank_by_task/stories.xliff::ToM-scene14-instruct3,false,true,balon vs. pelota,,,false,false,false,ai,0.3
es-ar,stories,main/itembank_by_task/stories.xliff::ToM-scene-14-instruct4,false,true,balon vs. pelota,,,false,false,false,ai,0.5
es-ar,stories,main/itembank_by_task/stories.xliff::ToM-scene-14-q3-emotion_reasoning,false,true,balon vs. pelota,,,false,false,false,ai,0.6
es-ar,stories,main/itembank_by_task/stories.xliff::ToM-scene-14-q2-emotion_reasoning,false,true,balon vs. pelota,,,false,false,false,ai,0.4
es-ar,stories,main/itembank_by_task/stories.xliff::ToM-scene-14-q4-false_belief,false,true,balon vs. pelota,,,false,false,false,ai,0.7
es-ar,stories,main/itembank_by_task/stories.xliff::ToM-scene-14-q5-false_belief,false,true,balon vs. pelota,,,false,false,false,ai,0.95
es-ar,stories,main/itembank_by_task/stories.xliff::ToM-scene-14-q7-reality_check,false,true,balon vs. pelota,,,false,false,false,ai,1
es-ar,stories,main/itembank_by_task/stories.xliff::ToM-scene-14-q6-reality_check,false,true,balon vs. pelota,,,false,false,false,ai,1
es-ar,stories,main/itembank_by_task/stories.xliff::ToM-scene-16-instruct1,false,true,colegio vs. escuela,,,false,false,false,ai,0.9
es-ar,stories,main/itembank_by_task/stories.xliff::ToM-scene-16-instruct4,false,true,colegio vs. escuela,,,false,false,false,ai,1
es-ar,sentence-understanding,main/itembank_by_task/sentence-understanding.xliff::trog-instruct1,true,false,,,,false,false,false,manual,1
es-ar,sentence-understanding,main/itembank_by_task/sentence-understanding.xliff::trog-prompt1,true,false,,,,false,false,false,manual,1
es-ar,sentence-understanding,main/itembank_by_task/sentence-understanding.xliff::trog-prompt2,true,false,,,,false,false,false,manual,1
es-ar,sentence-understanding,main/itembank_by_task/sentence-understanding.xliff::trog-prompt3,true,false,,,,false,false,false,manual,1
es-ar,sentence-understanding,main/itembank_by_task/sentence-understanding.xliff::trog-item-1,true,false,,,,false,false,false,manual,1
es-ar,sentence-understanding,main/itembank_by_task/sentence-understanding.xliff::trog-item-2,true,false,,,,false,false,false,manual,1
es-ar,sentence-understanding,main/itembank_by_task/sentence-understanding.xliff::trog-item-3,true,false,,,,false,false,false,manual,1
es-ar,sentence-understanding,main/itembank_by_task/sentence-understanding.xliff::trog-item-4,true,false,,,,false,false,false,manual,1
es-ar,sentence-understanding,main/itembank_by_task/sentence-understanding.xliff::trog-item-5,true,false,,,,false,false,false,manual,1
es-ar,sentence-understanding,main/itembank_by_task/sentence-understanding.xliff::trog-item-6,true,false,,,,false,false,false,manual,1
es-ar,sentence-understanding,main/itembank_by_task/sentence-understanding.xliff::trog-item-7,true,false,,,,false,false,false,manual,1
es-ar,sentence-understanding,main/itembank_by_task/sentence-understanding.xliff::trog-item-9,true,false,,,,false,false,false,manual,1
es-ar,sentence-understanding,main/itembank_by_task/sentence-understanding.xliff::trog-item-8,true,false,,,,false,false,false,manual,1
es-ar,sentence-understanding,main/itembank_by_task/sentence-understanding.xliff::trog-item-10,true,false,,,,false,false,false,manual,1
es-ar,sentence-understanding,main/itembank_by_task/sentence-understanding.xliff::trog-item-12,true,false,,,,false,false,false,manual,1
es-ar,sentence-understanding,main/itembank_by_task/sentence-understanding.xliff::trog-item-11,true,false,,,,false,false,false,manual,1
es-ar,sentence-understanding,main/itembank_by_task/sentence-understanding.xliff::trog-item-13,true,false,,,,false,false,false,manual,1
es-ar,sentence-understanding,main/itembank_by_task/sentence-understanding.xliff::trog-item-14,true,false,,,,false,false,false,manual,1
es-ar,sentence-understanding,main/itembank_by_task/sentence-understanding.xliff::trog-item-15,true,false,,,,false,false,false,manual,1
es-ar,sentence-understanding,main/itembank_by_task/sentence-understanding.xliff::trog-item-16,true,false,,,,false,false,false,manual,1
es-ar,sentence-understanding,main/itembank_by_task/sentence-understanding.xliff::trog-item-17,true,false,,,,false,false,false,manual,1
es-ar,sentence-understanding,main/itembank_by_task/sentence-understanding.xliff::trog-item-18,true,false,,,,false,false,false,manual,1
es-ar,sentence-understanding,main/itembank_by_task/sentence-understanding.xliff::trog-item-19,true,false,,,,false,false,false,manual,1
es-ar,sentence-understanding,main/itembank_by_task/sentence-understanding.xliff::trog-item-20,true,false,,,,false,false,false,manual,1
es-ar,sentence-understanding,main/itembank_by_task/sentence-understanding.xliff::trog-item-21,true,false,,,,false,false,false,manual,1
es-ar,sentence-understanding,main/itembank_by_task/sentence-understanding.xliff::trog-item-22,true,false,,,,false,false,false,manual,1
es-ar,sentence-understanding,main/itembank_by_task/sentence-understanding.xliff::trog-item-23,true,false,,,,false,false,false,manual,1
es-ar,sentence-understanding,main/itembank_by_task/sentence-understanding.xliff::trog-item-24,true,true,,,,false,false,false,manual,1
es-ar,sentence-understanding,main/itembank_by_task/sentence-understanding.xliff::trog-item-26,true,false,,,,false,false,false,manual,1
es-ar,sentence-understanding,main/itembank_by_task/sentence-understanding.xliff::trog-item-25,true,false,,,,false,false,false,manual,1
es-ar,sentence-understanding,main/itembank_by_task/sentence-understanding.xliff::trog-item-27,true,false,,,,false,false,false,manual,1
es-ar,sentence-understanding,main/itembank_by_task/sentence-understanding.xliff::trog-item-28,true,false,,,,false,false,false,manual,1
es-ar,sentence-understanding,main/itembank_by_task/sentence-understanding.xliff::trog-item-31,true,false,,,,false,false,false,manual,1
es-ar,sentence-understanding,main/itembank_by_task/sentence-understanding.xliff::trog-item-29,true,false,,,,false,false,false,manual,1
es-ar,sentence-understanding,main/itembank_by_task/sentence-understanding.xliff::trog-item-30,true,false,,,,false,false,false,manual,1
es-ar,sentence-understanding,main/itembank_by_task/sentence-understanding.xliff::trog-item-32,true,false,,,,false,false,false,manual,1
es-ar,sentence-understanding,main/itembank_by_task/sentence-understanding.xliff::trog-item-35,true,false,,,,false,false,false,manual,1
es-ar,sentence-understanding,main/itembank_by_task/sentence-understanding.xliff::trog-item-34,true,false,,,,false,false,false,manual,1
es-ar,sentence-understanding,main/itembank_by_task/sentence-understanding.xliff::trog-item-33,true,false,,,,false,false,false,manual,1
es-ar,sentence-understanding,main/itembank_by_task/sentence-understanding.xliff::trog-item-36,true,false,,,,false,false,false,manual,1
es-ar,sentence-understanding,main/itembank_by_task/sentence-understanding.xliff::trog-item-38,true,false,,,,false,false,false,manual,1
es-ar,sentence-understanding,main/itembank_by_task/sentence-understanding.xliff::trog-item-37,true,false,,,,false,false,false,manual,1
es-ar,sentence-understanding,main/itembank_by_task/sentence-understanding.xliff::trog-item-39,true,false,,,,false,false,false,manual,1
es-ar,sentence-understanding,main/itembank_by_task/sentence-understanding.xliff::trog-item-40,true,false,,,,false,false,false,manual,1
es-ar,sentence-understanding,main/itembank_by_task/sentence-understanding.xliff::trog-item-41,true,false,,,,false,false,false,manual,1
es-ar,sentence-understanding,main/itembank_by_task/sentence-understanding.xliff::trog-item-43,true,false,,,,false,false,false,manual,1
es-ar,sentence-understanding,main/itembank_by_task/sentence-understanding.xliff::trog-item-42,true,false,,,,false,false,false,manual,1
es-ar,sentence-understanding,main/itembank_by_task/sentence-understanding.xliff::trog-item-44,true,false,,,,false,false,false,manual,1
es-ar,sentence-understanding,main/itembank_by_task/sentence-understanding.xliff::trog-item-45,true,false,,,,false,false,false,manual,1
es-ar,sentence-understanding,main/itembank_by_task/sentence-understanding.xliff::trog-item-46,true,false,,,,false,false,false,manual,1
es-ar,sentence-understanding,main/itembank_by_task/sentence-understanding.xliff::trog-item-47,true,false,,,,false,false,false,manual,1
es-ar,sentence-understanding,main/itembank_by_task/sentence-understanding.xliff::trog-item-48,true,false,,,,false,false,false,manual,1
es-ar,sentence-understanding,main/itembank_by_task/sentence-understanding.xliff::trog-item-50,true,false,,,,false,false,false,manual,1
es-ar,sentence-understanding,main/itembank_by_task/sentence-understanding.xliff::trog-item-49,true,false,,,,false,false,false,manual,1
es-ar,sentence-understanding,main/itembank_by_task/sentence-understanding.xliff::trog-item-51,true,false,,,,false,false,false,manual,1
es-ar,sentence-understanding,main/itembank_by_task/sentence-understanding.xliff::trog-item-52,true,false,,,,false,false,false,manual,1
es-ar,sentence-understanding,main/itembank_by_task/sentence-understanding.xliff::trog-item-53,true,false,,,,false,false,false,manual,1
es-ar,sentence-understanding,main/itembank_by_task/sentence-understanding.xliff::trog-item-54,true,false,,,,false,false,false,manual,1
es-ar,sentence-understanding,main/itembank_by_task/sentence-understanding.xliff::trog-item-55,true,false,,,,false,false,false,manual,1
es-ar,sentence-understanding,main/itembank_by_task/sentence-understanding.xliff::trog-item-56,true,false,,,,false,false,false,manual,1
es-ar,sentence-understanding,main/itembank_by_task/sentence-understanding.xliff::trog-item-57,true,false,,,,false,false,false,manual,1
es-ar,sentence-understanding,main/itembank_by_task/sentence-understanding.xliff::trog-item-59,true,false,,,,false,false,false,manual,1
es-ar,sentence-understanding,main/itembank_by_task/sentence-understanding.xliff::trog-item-58,true,false,,,,false,false,false,manual,1
es-ar,sentence-understanding,main/itembank_by_task/sentence-understanding.xliff::trog-item-61,true,false,,,,false,false,false,manual,1
es-ar,sentence-understanding,main/itembank_by_task/sentence-understanding.xliff::trog-item-60,true,false,,,,false,false,false,manual,1
es-ar,sentence-understanding,main/itembank_by_task/sentence-understanding.xliff::trog-item-62,true,false,,,,false,false,false,manual,1
es-ar,sentence-understanding,main/itembank_by_task/sentence-understanding.xliff::trog-item-63,true,false,,,,false,false,false,manual,1
es-ar,sentence-understanding,main/itembank_by_task/sentence-understanding.xliff::trog-item-64,true,false,,,,false,false,false,manual,1
es-ar,sentence-understanding,main/itembank_by_task/sentence-understanding.xliff::trog-item-65,true,false,,,,false,false,false,manual,1
es-ar,sentence-understanding,main/itembank_by_task/sentence-understanding.xliff::trog-item-66,true,false,,,,false,false,false,manual,1
es-ar,sentence-understanding,main/itembank_by_task/sentence-understanding.xliff::trog-item-67,true,false,,,,false,false,false,manual,1
es-ar,sentence-understanding,main/itembank_by_task/sentence-understanding.xliff::trog-item-68,true,false,,,,false,false,false,manual,1
es-ar,sentence-understanding,main/itembank_by_task/sentence-understanding.xliff::trog-item-69,true,false,,,,false,false,false,manual,1
es-ar,sentence-understanding,main/itembank_by_task/sentence-understanding.xliff::trog-item-70,true,false,,,,false,false,false,manual,1
es-ar,sentence-understanding,main/itembank_by_task/sentence-understanding.xliff::trog-item-72,true,false,,,,false,false,false,manual,1
es-ar,sentence-understanding,main/itembank_by_task/sentence-understanding.xliff::trog-item-71,true,false,,,,false,false,false,manual,1
es-ar,sentence-understanding,main/itembank_by_task/sentence-understanding.xliff::trog-item-73,true,false,,,,false,false,false,manual,1
es-ar,sentence-understanding,main/itembank_by_task/sentence-understanding.xliff::trog-item-75,true,false,,,,false,false,false,manual,1
es-ar,sentence-understanding,main/itembank_by_task/sentence-understanding.xliff::trog-item-74,true,false,,,,false,false,false,manual,1
es-ar,sentence-understanding,main/itembank_by_task/sentence-understanding.xliff::trog-item-77,true,false,,,,false,false,false,manual,1
es-ar,sentence-understanding,main/itembank_by_task/sentence-understanding.xliff::trog-item-76,true,false,,,,false,false,false,manual,1
es-ar,sentence-understanding,main/itembank_by_task/sentence-understanding.xliff::trog-item-79,true,false,,,,false,false,false,manual,1
es-ar,sentence-understanding,main/itembank_by_task/sentence-understanding.xliff::trog-item-78,true,false,,,,false,false,false,manual,1
es-ar,sentence-understanding,main/itembank_by_task/sentence-understanding.xliff::trog-item-80,true,false,,,,false,false,false,manual,1
es-ar,sentence-understanding,main/itembank_by_task/sentence-understanding.xliff::trog-item-81,true,false,,,,false,false,false,manual,1
es-ar,sentence-understanding,main/itembank_by_task/sentence-understanding.xliff::trog-item-82,true,false,,,,false,false,false,manual,1
es-ar,sentence-understanding,main/itembank_by_task/sentence-understanding.xliff::trog-item-84,false,true,confirm almohadones vs. cojines per picture of correct answer,,,false,false,false,ai,1
es-ar,sentence-understanding,main/itembank_by_task/sentence-understanding.xliff::trog-item-85,true,false,,,,false,false,false,manual,1
es-ar,sentence-understanding,main/itembank_by_task/sentence-understanding.xliff::trog-item-88,true,false,,,,false,false,false,manual,1
es-ar,sentence-understanding,main/itembank_by_task/sentence-understanding.xliff::trog-item-87,true,false,,,,false,false,false,manual,1
es-ar,sentence-understanding,main/itembank_by_task/sentence-understanding.xliff::trog-item-89,true,false,,,,false,false,false,manual,1
es-ar,sentence-understanding,main/itembank_by_task/sentence-understanding.xliff::trog-item-86,true,false,,,,false,false,false,manual,1
es-ar,sentence-understanding,main/itembank_by_task/sentence-understanding.xliff::trog-item-90,true,false,,,,false,false,false,manual,1
es-ar,sentence-understanding,main/itembank_by_task/sentence-understanding.xliff::trog-item-92,true,false,,,,false,false,false,manual,1
es-ar,sentence-understanding,main/itembank_by_task/sentence-understanding.xliff::trog-item-91,true,false,,,,false,false,false,manual,1
es-ar,sentence-understanding,main/itembank_by_task/sentence-understanding.xliff::trog-item-93,true,false,,,,false,false,false,manual,1
es-ar,sentence-understanding,main/itembank_by_task/sentence-understanding.xliff::trog-item-94,true,false,,,,false,false,false,manual,1
es-ar,sentence-understanding,main/itembank_by_task/sentence-understanding.xliff::trog-item-95,true,false,,,,false,false,false,manual,1
es-ar,sentence-understanding,main/itembank_by_task/sentence-understanding.xliff::trog-item-96,true,false,,,,false,false,false,manual,1
es-ar,sentence-understanding,main/itembank_by_task/sentence-understanding.xliff::trog-item-97,true,false,,,,false,false,false,manual,1
es-ar,sentence-understanding,main/itembank_by_task/sentence-understanding.xliff::trog-item-98,true,false,,,,false,false,false,manual,1
es-ar,sentence-understanding,main/itembank_by_task/sentence-understanding.xliff::trog-item-99,true,false,,,,false,false,false,manual,1
es-ar,sentence-understanding,main/itembank_by_task/sentence-understanding.xliff::trog-item-100,true,false,,,,false,false,false,manual,1
es-ar,sentence-understanding,main/itembank_by_task/sentence-understanding.xliff::trog-item-103,true,false,,,,false,false,false,manual,1
es-ar,sentence-understanding,main/itembank_by_task/sentence-understanding.xliff::trog-item-102,true,false,,,,false,false,false,manual,1
es-ar,math,main/itembank_by_task/math.xliff::math-instructions1,true,false,,,,false,false,false,manual,1
es-ar,math,main/itembank_by_task/math.xliff::math-intro1,true,false,,,,false,false,false,manual,1
es-ar,math,main/itembank_by_task/math.xliff::math-intro2,true,false,,,,false,false,false,manual,1
es-ar,math,main/itembank_by_task/math.xliff::math-intro-fractions,true,false,,,,false,false,false,manual,1
es-ar,math,main/itembank_by_task/math.xliff::number-comparison-prompt1,true,false,,,,false,false,false,manual,1
es-ar,math,main/itembank_by_task/math.xliff::number-comparison-prompt2,true,false,,,,false,false,false,manual,1
es-ar,math,main/itembank_by_task/math.xliff::number-identification-prompt1,true,false,,,,false,false,false,manual,1
es-ar,math,main/itembank_by_task/math.xliff::missing-number-prompt1,true,false,,,,false,false,false,manual,1
es-ar,math,main/itembank_by_task/math.xliff::missing-number-prompt2,true,false,,,,false,false,false,manual,1
es-ar,math,main/itembank_by_task/math.xliff::missing-number-prompt3,true,false,,,,false,false,false,manual,1
es-ar,math,main/itembank_by_task/math.xliff::addition-prompt1,true,false,,,,false,false,false,manual,1
es-ar,math,main/itembank_by_task/math.xliff::addition-prompt2,true,false,,,,false,false,false,manual,1
es-ar,math,main/itembank_by_task/math.xliff::subtraction-prompt1,true,false,,,,false,false,false,manual,1
es-ar,math,main/itembank_by_task/math.xliff::subtraction-prompt2,true,false,,,,false,false,false,manual,1
es-ar,math,main/itembank_by_task/math.xliff::multiplication-prompt1,true,false,,,,false,false,false,manual,1
es-ar,math,main/itembank_by_task/math.xliff::multiplication-prompt2,true,false,,,,false,false,false,manual,1
es-ar,math,main/itembank_by_task/math.xliff::number-line-instruct1,true,false,,,,false,false,false,manual,1
es-ar,math,main/itembank_by_task/math.xliff::number-line-prompt1,true,false,,,,false,false,false,manual,1
es-ar,math,main/itembank_by_task/math.xliff::number-line-slider-prompt1,false,true,confirm with AR and CO that this is the best way to say this.,,,false,false,false,ai,0.6
es-ar,math,main/itembank_by_task/math.xliff::number-identification-1,true,false,,,,false,false,false,manual,1
es-ar,math,main/itembank_by_task/math.xliff::number-identification-2,true,false,,,,false,false,false,manual,1
es-ar,math,main/itembank_by_task/math.xliff::number-identification-3,true,false,,,,false,false,false,manual,1
es-ar,math,main/itembank_by_task/math.xliff::number-identification-4,true,false,,,,false,false,false,manual,1
es-ar,math,main/itembank_by_task/math.xliff::number-identification-5,true,false,,,,false,false,false,manual,1
es-ar,math,main/itembank_by_task/math.xliff::number-identification-6,true,false,,,,false,false,false,manual,1
es-ar,math,main/itembank_by_task/math.xliff::number-identification-7,true,false,,,,false,false,false,manual,1
es-ar,math,main/itembank_by_task/math.xliff::number-identification-8,true,false,,,,false,false,false,manual,1
es-ar,math,main/itembank_by_task/math.xliff::number-identification-10,true,false,,,,false,false,false,manual,1
es-ar,math,main/itembank_by_task/math.xliff::number-identification-9,true,false,,,,false,false,false,manual,1
es-ar,math,main/itembank_by_task/math.xliff::number-identification-11,true,false,,,,false,false,false,manual,1
es-ar,math,main/itembank_by_task/math.xliff::number-identification-12,true,false,,,,false,false,false,manual,1
es-ar,math,main/itembank_by_task/math.xliff::number-identification-14,true,false,,,,false,false,false,manual,1
es-ar,math,main/itembank_by_task/math.xliff::number-identification-13,true,false,,,,false,false,false,manual,1
es-ar,math,main/itembank_by_task/math.xliff::number-identification-15,true,false,,,,false,false,false,manual,1
es-ar,math,main/itembank_by_task/math.xliff::number-identification-16,true,false,,,,false,false,false,manual,1
es-ar,math,main/itembank_by_task/math.xliff::number-identification-17,true,false,,,,false,false,false,manual,1
es-ar,math,main/itembank_by_task/math.xliff::number-identification-18,true,false,,,,false,false,false,manual,1
es-ar,math,main/itembank_by_task/math.xliff::number-identification-19,true,false,,,,false,false,false,manual,1
es-ar,math,main/itembank_by_task/math.xliff::number-identification-21,true,false,,,,false,false,false,manual,1
es-ar,math,main/itembank_by_task/math.xliff::number-identification-20,true,false,,,,false,false,false,manual,1
es-ar,math,main/itembank_by_task/math.xliff::number-identification-23,true,false,,,,false,false,false,manual,1
es-ar,math,main/itembank_by_task/math.xliff::number-identification-22,true,false,,,,false,false,false,manual,1
es-ar,math,main/itembank_by_task/math.xliff::number-identification-25,true,false,,,,false,false,false,manual,1
es-ar,math,main/itembank_by_task/math.xliff::number-identification-24,true,false,,,,false,false,false,manual,1
es-ar,math,main/itembank_by_task/math.xliff::number-identification-28,true,false,,,,false,false,false,manual,1
es-ar,math,main/itembank_by_task/math.xliff::number-identification-26,true,false,,,,false,false,false,manual,1
es-ar,math,main/itembank_by_task/math.xliff::number-identification-27,true,false,,,,false,false,false,manual,1
es-ar,math,main/itembank_by_task/math.xliff::number-identification-29,true,false,,,,false,false,false,manual,1
es-ar,math,main/itembank_by_task/math.xliff::number-identification-30,true,false,,,,false,false,false,manual,1
es-ar,math,main/itembank_by_task/math.xliff::number-identification-31,true,false,,,,false,false,false,manual,1
es-ar,math,main/itembank_by_task/math.xliff::number-identification-32,true,false,,,,false,false,false,manual,1
es-ar,math,main/itembank_by_task/math.xliff::number-identification-33,true,false,,,,false,false,false,manual,1
es-ar,math,main/itembank_by_task/math.xliff::number-identification-35,true,false,,,,false,false,false,manual,1
es-ar,math,main/itembank_by_task/math.xliff::number-identification-34,true,false,,,,false,false,false,manual,1
es-ar,math,main/itembank_by_task/math.xliff::number-identification-36,true,false,,,,false,false,false,manual,1
es-ar,math,main/itembank_by_task/math.xliff::number-identification-37,true,false,,,,false,false,false,manual,1
es-ar,math,main/itembank_by_task/math.xliff::number-identification-38,true,false,,,,false,false,false,manual,1
es-ar,math,main/itembank_by_task/math.xliff::number-identification-39,true,false,,,,false,false,false,manual,1
es-ar,math,main/itembank_by_task/math.xliff::number-identification-40,true,false,,,,false,false,false,manual,1
es-ar,math,main/itembank_by_task/math.xliff::number-identification-41,true,false,,,,false,false,false,manual,1
es-ar,math,main/itembank_by_task/math.xliff::math-instructions1-heavy,true,false,,,,false,false,false,manual,1
es-ar,math,main/itembank_by_task/math.xliff::math-intro1-heavy,true,false,,,,false,false,false,manual,1
es-ar,math,main/itembank_by_task/math.xliff::math-intro2-heavy,true,false,,,,false,false,false,manual,1
es-ar,math,main/itembank_by_task/math.xliff::ns-number-identification-1,true,false,,,,false,false,false,manual,1
es-ar,math,main/itembank_by_task/math.xliff::counting-intro,true,false,,,,false,false,false,manual,1
es-ar,math,main/itembank_by_task/math.xliff::ns-number-identification-2,false,true,All other items use Eligí. Should this one use that too? Also Carros vs. Autos - see other related items.,,,false,false,false,ai,1
es-ar,math,main/itembank_by_task/math.xliff::counting-intro-afc,true,false,,,,false,false,false,manual,1
es-ar,math,main/itembank_by_task/math.xliff::ns-number-identification-10,false,true,All other items use Eligí. Should this one use that too?,,,false,false,false,ai,1
es-ar,math,main/itembank_by_task/math.xliff::ns-number-identification-7,false,true,Other items use carros. Clarify if references should be autos or carros (keep consistent unless reason not to),,,false,false,false,ai,0
es-ar,math,main/itembank_by_task/math.xliff::ns-number-identification-5,false,true,All other items use Eligí. Should this one use that too?,,,false,false,false,ai,1
es-ar,math,main/itembank_by_task/math.xliff::counting-1,false,true,Confirm carros vs. autos. Keep consistent unless there is a reason not to.,,,false,false,false,ai,1
es-ar,math,main/itembank_by_task/math.xliff::number-identification-42,true,false,,,,false,false,false,manual,1
es-ar,math,main/itembank_by_task/math.xliff::ns-number-comp-2,false,true,Confirm carros vs. autos per other items.,,,false,false,false,ai,1
es-ar,math,main/itembank_by_task/math.xliff::counting-2,true,false,,,,false,false,false,manual,1
es-ar,math,main/itembank_by_task/math.xliff::ns-number-comp-1,true,false,,,,false,false,false,manual,1
es-ar,shape-rotation,main/itembank_by_task/shape-rotation.xliff::mental-rotation-training-instruct3,true,false,,,,false,false,false,manual,1
es-ar,shape-rotation,main/itembank_by_task/shape-rotation.xliff::mental-rotation-instruct1,true,false,,,,false,false,false,manual,1
es-ar,shape-rotation,main/itembank_by_task/shape-rotation.xliff::mental-rotation-training-instruct2,true,false,,,,false,false,false,manual,1
es-ar,math,main/itembank_by_task/math.xliff::number-identification-45,true,false,,,,false,false,false,manual,1
es-ar,shape-rotation,main/itembank_by_task/shape-rotation.xliff::mental-rotation-prompt2,true,false,,,,false,false,false,manual,1
es-ar,shape-rotation,main/itembank_by_task/shape-rotation.xliff::mental-rotation-instruct-3D,true,false,,,,false,false,false,manual,1
es-ar,shape-rotation,main/itembank_by_task/shape-rotation.xliff::mental-rotation-test-instruct4,true,false,,,,false,false,false,manual,1
es-ar,shape-rotation,main/itembank_by_task/shape-rotation.xliff::mental-rotation-prompt1,true,false,,,,false,false,false,manual,1
es-ar,pattern-matching,main/itembank_by_task/pattern-matching.xliff::matrix-reasoning-prompt1,false,true,"Flagging because of the use of ""pattern"" in source string. This has been updated to Choose the best piece to complete the puzzle""",,,false,false,false,ai,0.1
es-ar,pattern-matching,main/itembank_by_task/pattern-matching.xliff::matrix-reasoning-instruct1,true,false,,,,false,false,false,manual,1
es-ar,pattern-matching,main/itembank_by_task/pattern-matching.xliff::matrix-reasoning-instruct2,true,false,,,,false,false,false,manual,1
es-ar,general,main/itembank_by_task/general.xliff::feedback-try-again,false,true,accent mark?,,,false,false,false,ai,0.8
es-ar,general,main/itembank_by_task/general.xliff::replay-button,false,true,confirm if tocar is best for all computer types (touch screen vs. mouse).,,,false,false,false,ai,1
es-ar,general,main/itembank_by_task/general.xliff::general-keyboard-instructions,false,true,discuss,,,false,false,false,ai,0.2
es-ar,pattern-matching,main/itembank_by_task/pattern-matching.xliff::matrix-reasoning-instruct1-part1-downex,true,false,,2026-06-10T17:27:09.432Z,,true,false,false,manual,1
es-ar,pattern-matching,main/itembank_by_task/pattern-matching.xliff::matrix-reasoning-instruct1-part2-downex,true,false,,2026-06-10T17:27:12.271Z,,true,false,false,manual,1
es-ar,memory-game,main/itembank_by_task/memory-game.xliff::memory-game-instruct2-downex,true,false,,2026-06-10T17:24:23.320Z,,true,false,false,manual,1
es-ar,memory-game,main/itembank_by_task/memory-game.xliff::memory-game-instruct3-downex,true,false,,2026-06-10T17:24:52.415Z,,true,false,false,manual,1
es-ar,memory-game,main/itembank_by_task/memory-game.xliff::memory-game-instruct4-downex,true,false,,2026-06-10T17:24:58.107Z,,true,false,false,manual,1
es-ar,memory-game,main/itembank_by_task/memory-game.xliff::memory-game-feedback-incorrect-downex,true,false,,2026-06-10T17:25:14.864Z,,true,false,false,manual,1
es-ar,memory-game,main/itembank_by_task/memory-game.xliff::memory-game-instruct5-downex,true,false,,2026-06-10T17:25:05.729Z,,true,false,false,manual,1
es-ar,memory-game,main/itembank_by_task/memory-game.xliff::memory-game-instruct6-downex,true,false,,2026-06-10T17:25:23.726Z,,true,false,false,manual,1
es-ar,memory-game,main/itembank_by_task/memory-game.xliff::memory-game-instruct7-downex,true,false,,2026-06-10T17:25:27.873Z,,true,false,false,manual,1
es-ar,memory-game,main/itembank_by_task/memory-game.xliff::memory-game-instruct8-downex,true,false,,2026-06-10T17:25:31.018Z,,true,false,false,manual,1
es-ar,memory-game,main/itembank_by_task/memory-game.xliff::memory-game-instruct9-downex,true,false,,2026-06-10T17:25:34.948Z,,true,false,false,manual,1
es-ar,memory-game,main/itembank_by_task/memory-game.xliff::memory-game-instruct10-downex,true,false,,2026-06-10T17:25:53.041Z,,true,false,false,manual,1
es-ar,memory-game,main/itembank_by_task/memory-game.xliff::memory-game-instruct11-downex,true,false,,2026-06-10T17:26:14.013Z,,true,false,false,manual,1
es-ar,shape-rotation,main/itembank_by_task/shape-rotation.xliff::mental-rotation-instruct1-part2-downex,true,false,,2026-06-09T21:12:24.465Z,,false,false,false,manual,1
es-ar,shape-rotation,main/itembank_by_task/shape-rotation.xliff::mental-rotation-instruct1-part1-downex,false,true,dibujo vs. imagen,,2026-06-09T21:12:05.424Z,false,false,false,ai,0.4
es-ar,shape-rotation,main/itembank_by_task/shape-rotation.xliff::mental-rotation-instruct2-downex,false,true,dibujo vs. imagen,,2026-06-09T21:12:41.074Z,false,false,false,ai,1
es-ar,shape-rotation,main/itembank_by_task/shape-rotation.xliff::mental-rotation-instruct3-downex,false,true,dibujo vs. imagen,,2026-06-09T21:12:46.651Z,false,false,false,ai,0.8
es-ar,shape-rotation,main/itembank_by_task/shape-rotation.xliff::mental-rotation-instruct4-downex,false,true,dibujo vs. imagen,,2026-06-09T21:12:50.922Z,false,false,false,ai,1
es-ar,shape-rotation,main/itembank_by_task/shape-rotation.xliff::mental-rotation-prompt1-downex,true,false,,2026-06-09T21:13:00.462Z,,false,false,false,manual,1
es-ar,shape-rotation,main/itembank_by_task/shape-rotation.xliff::mental-rotation-feedback-incorrect-downex,false,true,dibujo vs. imagen,,2026-06-09T21:13:09.149Z,false,false,false,ai,0.9
es-ar,shape-rotation,main/itembank_by_task/shape-rotation.xliff::mental-rotation-instruct5-downex,false,true,dibujo vs. imagen and solo/a,,2026-06-09T21:13:25.818Z,false,false,false,ai,1
es-ar,shape-rotation,main/itembank_by_task/shape-rotation.xliff::mental-rotation-prompt2-downex,false,true,dibujo vs. imagen,,2026-06-09T21:13:33.485Z,false,false,false,ai,1
es-ar,shape-rotation,main/itembank_by_task/shape-rotation.xliff::mental-rotation-instruct6-downex,false,true,solo/a,,2026-06-09T21:15:34.056Z,false,false,false,ai,1
es-ar,pattern-matching,main/itembank_by_task/pattern-matching.xliff::matrix-reasoning-instruct1-part3-downex,true,false,,2026-06-10T17:27:21.565Z,,true,false,false,manual,1
es-ar,surveys,main/surveys/caregiverchildsurvey_SHORT.xliff::introduction.q.caregiversurveyintroa.html,false,true,nino vs. hijo - keep consistent throughout,,2026-05-29T21:49:13.564Z,false,false,false,ai,0.9
es-ar,surveys,main/surveys/caregiverfamilysurvey_SHORT.xliff::page3.q.selfsupport.row.selfsupport4.text,true,false,,,,false,false,false,manual,1
es-ar,surveys,main/surveys/caregiverchildsurvey_SHORT.xliff::page1.q.caregiversectionintro1.title,true,false,,2026-05-29T21:49:55.817Z,,false,false,false,manual,1
es-ar,surveys,main/surveys/caregiverchildsurvey_SHORT.xliff::page1.q.caregiversectionintro1.html,true,false,,2026-05-29T22:41:35.112Z,,false,false,false,manual,1
es-ar,surveys,main/surveys/caregiverchildsurvey_SHORT.xliff::page1.q.respondentrelationship.title,true,false,,2026-05-29T22:41:56.650Z,,false,false,false,manual,1
es-ar,surveys,main/surveys/caregiverchildsurvey_SHORT.xliff::page1.q.respondentrelationship.choice.bioadoptmother.text,true,false,,2026-05-29T22:42:00.029Z,,false,false,false,manual,1
es-ar,surveys,main/surveys/caregiverchildsurvey_SHORT.xliff::page1.q.respondentrelationship.choice.bioadoptfather.text,true,false,,2026-05-29T22:42:03.279Z,,false,false,false,manual,1
es-ar,surveys,main/surveys/caregiverchildsurvey_SHORT.xliff::page1.q.respondentrelationship.choice.stepmother.text,true,false,,2026-05-29T22:42:05.683Z,,false,false,false,manual,1
es-ar,surveys,main/surveys/caregiverchildsurvey_SHORT.xliff::page1.q.respondentrelationship.choice.stepfather.text,true,false,,2026-05-29T22:42:08.378Z,,false,false,false,manual,1
es-ar,surveys,main/surveys/caregiverchildsurvey_SHORT.xliff::page1.q.respondentrelationship.choice.grandmother.text,true,false,,2026-05-29T22:42:11.834Z,,false,false,false,manual,1
es-ar,surveys,main/surveys/caregiverchildsurvey_SHORT.xliff::page1.q.respondentrelationship.choice.grandfather.text,true,false,,2026-05-29T22:42:14.601Z,,false,false,false,manual,1
es-ar,surveys,main/surveys/caregiverchildsurvey_SHORT.xliff::page1.q.respondentrelationship.choice.fosterparent.text,false,true,foster parent vs. legal guardian,,2026-05-29T22:43:11.240Z,false,false,false,ai,0.3
es-ar,surveys,main/surveys/caregiverchildsurvey_SHORT.xliff::page1.q.respondentrelationship.choice.otherrelative.text,true,false,,2026-05-29T22:44:46.808Z,,false,false,false,manual,1
es-ar,surveys,main/surveys/caregiverchildsurvey_SHORT.xliff::page1.q.respondentrelationship.choice.othernonrelative.text,true,false,,2026-05-29T22:44:50.299Z,,false,false,false,manual,1
es-ar,surveys,main/surveys/caregiverchildsurvey_SHORT.xliff::page1.q.respondentrelationshipotherspecify.title,true,false,,2026-05-29T22:45:28.079Z,,false,false,false,manual,1
es-ar,surveys,main/surveys/caregiverchildsurvey_SHORT.xliff::page1.q.respondenttimecaring.title,true,false,,2026-05-29T22:45:36.268Z,,false,false,false,manual,1
es-ar,surveys,main/surveys/caregiverchildsurvey_SHORT.xliff::page1.q.respondenttimecaring.items.respondenttimecaring.placeholder,true,false,,2026-05-29T22:45:39.002Z,,false,false,false,manual,1
es-ar,surveys,main/surveys/caregiverchildsurvey_SHORT.xliff::page1.q.respondenttimecaring.items.respondenttimecaring.title,true,false,,2026-05-29T22:45:40.726Z,,false,false,false,manual,1
es-ar,surveys,main/surveys/caregiverchildsurvey_SHORT.xliff::page1.q.respondenttimecaring.items.respondenttimecaringyears.placeholder,true,false,,2026-05-29T22:45:50.348Z,,false,false,false,manual,1
es-ar,surveys,main/surveys/caregiverchildsurvey_SHORT.xliff::page1.q.respondenttimecaring.items.respondenttimecaringyears.title,true,false,,2026-05-29T22:45:51.348Z,,false,false,false,manual,1
es-ar,surveys,main/surveys/caregiverchildsurvey_SHORT.xliff::page1.q.childageyears.title,false,true,change hijo to nino,,2026-05-29T22:46:10.128Z,false,false,false,ai,1
es-ar,surveys,main/surveys/caregiverchildsurvey_SHORT.xliff::page1.q.childageyears.placeholder,true,false,,2026-05-29T22:46:14.097Z,,false,false,false,manual,1
es-ar,surveys,main/surveys/caregiverchildsurvey_SHORT.xliff::page1.q.childheightcurrent.title,true,false,,2026-05-29T22:46:53.804Z,,false,false,false,manual,1
es-ar,surveys,main/surveys/caregiverchildsurvey_SHORT.xliff::page1.q.childheightcurrent.items.childheightcurrentfeet.placeholder,true,false,,2026-05-29T22:46:56.091Z,,false,false,false,manual,1
es-ar,surveys,main/surveys/caregiverchildsurvey_SHORT.xliff::page1.q.childheightcurrent.items.childheightcurrentfeet.title,true,false,,2026-05-29T22:46:58.054Z,,false,false,false,manual,1
es-ar,surveys,main/surveys/caregiverchildsurvey_SHORT.xliff::page1.q.childheightcurrent.items.childheightcurrentinches.placeholder,true,false,,2026-05-29T22:47:00.020Z,,false,false,false,manual,1
es-ar,surveys,main/surveys/caregiverchildsurvey_SHORT.xliff::page1.q.childheightcurrent.items.childheightcurrentinches.title,true,false,,2026-05-29T22:47:02.342Z,,false,false,false,manual,1
es-ar,surveys,main/surveys/caregiverchildsurvey_SHORT.xliff::page1.q.childweightcurrent.title,true,false,,2026-05-29T22:47:15.905Z,,false,false,false,manual,1
es-ar,surveys,main/surveys/caregiverchildsurvey_SHORT.xliff::page1.q.childweightcurrent.items.childweightcurrentpounds.placeholder,true,false,,2026-05-29T22:47:17.620Z,,false,false,false,manual,1
es-ar,surveys,main/surveys/caregiverchildsurvey_SHORT.xliff::page1.q.childweightcurrent.items.childweightcurrentpounds.title,true,false,,2026-05-29T22:47:19.355Z,,false,false,false,manual,1
es-ar,surveys,main/surveys/caregiverchildsurvey_SHORT.xliff::page1.q.childbornearly.title,true,false,,2026-05-29T22:47:48.392Z,,false,false,false,manual,1
es-ar,surveys,main/surveys/caregiverchildsurvey_SHORT.xliff::page1.q.childbornearly.choice.no.text,true,false,,2026-05-29T22:47:50.374Z,,false,false,false,manual,1
es-ar,surveys,main/surveys/caregiverchildsurvey_SHORT.xliff::page1.q.childbornearly.choice.yes.text,true,false,,2026-05-29T22:47:51.842Z,,false,false,false,manual,1
es-ar,surveys,main/surveys/caregiverchildsurvey_SHORT.xliff::page1.q.childbornearly.choice.unknown.text,true,false,,2026-05-29T22:47:53.925Z,,false,false,false,manual,1
es-ar,surveys,main/surveys/caregiverchildsurvey_SHORT.xliff::page1.q.childweightbirth.title,true,false,,2026-05-29T22:48:05.409Z,,false,false,false,manual,1
es-ar,surveys,main/surveys/caregiverchildsurvey_SHORT.xliff::page1.q.childweightbirth.placeholder,true,false,,2026-05-29T22:48:08.494Z,,false,false,false,manual,1
es-ar,surveys,main/surveys/caregiverchildsurvey_SHORT.xliff::page1.q.childhealth.title,true,false,,2026-05-29T22:49:14.216Z,,false,false,false,manual,1
es-ar,surveys,main/surveys/caregiverchildsurvey_SHORT.xliff::page1.q.childhealth.choice.5.text,true,false,,2026-05-29T22:49:17.111Z,,false,false,false,manual,1
es-ar,surveys,main/surveys/caregiverchildsurvey_SHORT.xliff::page1.q.childhealth.choice.4.text,true,false,,2026-05-29T22:49:19.525Z,,false,false,false,manual,1
es-ar,surveys,main/surveys/caregiverchildsurvey_SHORT.xliff::page1.q.childhealth.choice.3.text,true,false,,2026-05-29T22:49:22.782Z,,false,false,false,manual,1
es-ar,surveys,main/surveys/caregiverchildsurvey_SHORT.xliff::page1.q.childhealth.choice.2.text,true,false,,2026-05-29T22:51:58.179Z,,false,false,false,manual,1
es-ar,surveys,main/surveys/caregiverchildsurvey_SHORT.xliff::page1.q.childhealth.choice.1.text,true,false,,2026-05-29T22:52:02.513Z,,false,false,false,manual,1
es-ar,surveys,main/surveys/caregiverchildsurvey_SHORT.xliff::page1.q.childteeth.title,true,false,,2026-05-29T23:12:03.732Z,,false,false,false,manual,1
es-ar,surveys,main/surveys/caregiverchildsurvey_SHORT.xliff::page1.q.childteeth.choice.5.text,true,false,,2026-05-29T22:52:43.500Z,,false,false,false,manual,1
es-ar,surveys,main/surveys/caregiverchildsurvey_SHORT.xliff::page1.q.childteeth.choice.4.text,true,false,,2026-05-29T22:52:44.591Z,,false,false,false,manual,1
es-ar,surveys,main/surveys/caregiverchildsurvey_SHORT.xliff::page1.q.childteeth.choice.3.text,true,false,,2026-05-29T22:52:47.149Z,,false,false,false,manual,1
es-ar,surveys,main/surveys/caregiverchildsurvey_SHORT.xliff::page1.q.childteeth.choice.2.text,true,false,,2026-05-29T22:52:48.633Z,,false,false,false,manual,1
es-ar,surveys,main/surveys/caregiverchildsurvey_SHORT.xliff::page1.q.childteeth.choice.1.text,true,false,,2026-05-29T22:52:49.661Z,,false,false,false,manual,1
es-ar,surveys,main/surveys/caregiverchildsurvey_SHORT.xliff::page1.q.childphysicalactivity.title,true,false,,2026-05-29T22:53:00.317Z,,false,false,false,manual,1
es-ar,surveys,main/surveys/caregiverchildsurvey_SHORT.xliff::page1.q.childphysicalactivity.choice.0.text,true,false,,2026-05-29T22:53:03.452Z,,false,false,false,manual,1
es-ar,surveys,main/surveys/caregiverchildsurvey_SHORT.xliff::page1.q.childphysicalactivity.choice.1.text,true,false,,2026-05-29T22:53:04.700Z,,false,false,false,manual,1
es-ar,surveys,main/surveys/caregiverchildsurvey_SHORT.xliff::page1.q.childphysicalactivity.choice.2.text,true,false,,2026-05-29T22:53:05.717Z,,false,false,false,manual,1
es-ar,surveys,main/surveys/caregiverchildsurvey_SHORT.xliff::page1.q.childphysicalactivity.choice.3.text,true,false,,2026-05-29T22:53:07.069Z,,false,false,false,manual,1
es-ar,surveys,main/surveys/caregiverchildsurvey_SHORT.xliff::page2.q.childhealth1.q.childchronichealth.title,true,false,,2026-05-29T22:53:16.280Z,,false,false,false,manual,1
es-ar,surveys,main/surveys/caregiverchildsurvey_SHORT.xliff::page2.q.childhealth1.q.childchronichealth.q.childbreathing.title,true,false,,2026-05-29T22:53:22.019Z,,false,false,false,manual,1
es-ar,surveys,main/surveys/caregiverchildsurvey_SHORT.xliff::page2.q.childhealth1.q.childchronichealth.q.childbreathing.choice.no.text,true,false,,2026-05-29T22:53:23.403Z,,false,false,false,manual,1
es-ar,surveys,main/surveys/caregiverchildsurvey_SHORT.xliff::page2.q.childhealth1.q.childchronichealth.q.childbreathing.choice.yes.text,true,false,,2026-05-29T22:53:25.028Z,,false,false,false,manual,1
es-ar,surveys,main/surveys/caregiverchildsurvey_SHORT.xliff::page2.q.childhealth1.q.childchronichealth.q.childbreathing.choice.unknown.text,true,false,,2026-05-29T22:53:27.453Z,,false,false,false,manual,1
es-ar,surveys,main/surveys/caregiverchildsurvey_SHORT.xliff::page2.q.childhealth1.q.childchronichealth.q.childeating.title,true,false,,2026-05-29T22:53:39.404Z,,false,false,false,manual,1
es-ar,surveys,main/surveys/caregiverchildsurvey_SHORT.xliff::page2.q.childhealth1.q.childchronichealth.q.childeating.choice.no.text,true,false,,2026-05-29T22:53:42.049Z,,false,false,false,manual,1
es-ar,surveys,main/surveys/caregiverchildsurvey_SHORT.xliff::page2.q.childhealth1.q.childchronichealth.q.childeating.choice.yes.text,true,false,,2026-05-29T22:53:44.289Z,,false,false,false,manual,1
es-ar,surveys,main/surveys/caregiverchildsurvey_SHORT.xliff::page2.q.childhealth1.q.childchronichealth.q.childeating.choice.unknown.text,true,false,,2026-05-29T22:53:47.170Z,,false,false,false,manual,1
es-ar,surveys,main/surveys/caregiverchildsurvey_SHORT.xliff::page2.q.childhealth1.q.childchronichealth.q.childdigestion.title,true,false,,2026-05-29T22:53:53.894Z,,false,false,false,manual,1
es-ar,surveys,main/surveys/caregiverchildsurvey_SHORT.xliff::page2.q.childhealth1.q.childchronichealth.q.childdigestion.choice.no.text,true,false,,2026-05-29T22:53:55.956Z,,false,false,false,manual,1
es-ar,surveys,main/surveys/caregiverchildsurvey_SHORT.xliff::page2.q.childhealth1.q.childchronichealth.q.childdigestion.choice.yes.text,true,false,,2026-05-29T22:53:57.257Z,,false,false,false,manual,1
es-ar,surveys,main/surveys/caregiverchildsurvey_SHORT.xliff::page2.q.childhealth1.q.childchronichealth.q.childdigestion.choice.unknown.text,true,false,,2026-05-29T22:53:59.507Z,,false,false,false,manual,1
es-ar,surveys,main/surveys/caregiverchildsurvey_SHORT.xliff::page2.q.childhealth1.q.childchronichealth.q.childpain.title,true,false,,2026-05-29T22:54:06.745Z,,false,false,false,manual,1
es-ar,surveys,main/surveys/caregiverchildsurvey_SHORT.xliff::page2.q.childhealth1.q.childchronichealth.q.childpain.choice.no.text,true,false,,2026-05-29T22:54:08.473Z,,false,false,false,manual,1
es-ar,surveys,main/surveys/caregiverchildsurvey_SHORT.xliff::page2.q.childhealth1.q.childchronichealth.q.childpain.choice.yes.text,true,false,,2026-05-29T22:54:09.678Z,,false,false,false,manual,1
es-ar,surveys,main/surveys/caregiverchildsurvey_SHORT.xliff::page2.q.childhealth1.q.childchronichealth.q.childpain.choice.unknown.text,true,false,,2026-05-29T22:54:13.908Z,,false,false,false,manual,1
es-ar,surveys,main/surveys/caregiverchildsurvey_SHORT.xliff::page2.q.childhealth1.q.childchronichealth.q.childcavities.title,true,false,,2026-05-29T22:54:18.556Z,,false,false,false,manual,1
es-ar,surveys,main/surveys/caregiverchildsurvey_SHORT.xliff::page2.q.childhealth1.q.childchronichealth.q.childcavities.choice.no.text,true,false,,2026-05-29T22:54:21.728Z,,false,false,false,manual,1
es-ar,surveys,main/surveys/caregiverchildsurvey_SHORT.xliff::page2.q.childhealth1.q.childchronichealth.q.childcavities.choice.yes.text,true,false,,2026-05-29T22:54:23.140Z,,false,false,false,manual,1
es-ar,surveys,main/surveys/caregiverchildsurvey_SHORT.xliff::page2.q.childhealth1.q.childchronichealth.q.childcavities.choice.unknown.text,true,false,,2026-05-29T22:54:25.609Z,,false,false,false,manual,1
es-ar,surveys,main/surveys/caregiverchildsurvey_SHORT.xliff::page3.q.childhealth2.q.childhealthother.title,true,false,,2026-05-29T22:54:32.074Z,,false,false,false,manual,1
es-ar,surveys,main/surveys/caregiverchildsurvey_SHORT.xliff::page3.q.childhealth2.q.childhealthother.q.childconcentration.title,true,false,,2026-05-29T22:54:44.844Z,,false,false,false,manual,1
es-ar,surveys,main/surveys/caregiverchildsurvey_SHORT.xliff::page3.q.childhealth2.q.childhealthother.q.childconcentration.choice.no.text,true,false,,2026-05-29T22:55:39.346Z,,false,false,false,manual,1
es-ar,surveys,main/surveys/caregiverchildsurvey_SHORT.xliff::page3.q.childhealth2.q.childhealthother.q.childconcentration.choice.yes.text,true,false,,2026-05-29T22:55:40.307Z,,false,false,false,manual,1
es-ar,surveys,main/surveys/caregiverchildsurvey_SHORT.xliff::page3.q.childhealth2.q.childhealthother.q.childconcentration.choice.unknown.text,true,false,,2026-05-29T22:55:42.607Z,,false,false,false,manual,1
es-ar,surveys,main/surveys/caregiverchildsurvey_SHORT.xliff::page3.q.childhealth2.q.childhealthother.q.childstairs.title,true,false,,2026-05-29T22:56:04.592Z,,false,false,false,manual,1
es-ar,surveys,main/surveys/caregiverchildsurvey_SHORT.xliff::page3.q.childhealth2.q.childhealthother.q.childstairs.labeltrue,true,false,,2026-05-29T22:56:06.200Z,,false,false,false,manual,1
es-ar,surveys,main/surveys/caregiverchildsurvey_SHORT.xliff::page3.q.childhealth2.q.childhealthother.q.childstairs.labelfalse,true,false,,2026-05-29T22:56:06.976Z,,false,false,false,manual,1
es-ar,surveys,main/surveys/caregiverchildsurvey_SHORT.xliff::page3.q.childhealth2.q.childhealthother.q.childdressbathe.title,true,false,,2026-05-29T22:56:10.325Z,,false,false,false,manual,1
es-ar,surveys,main/surveys/caregiverchildsurvey_SHORT.xliff::page3.q.childhealth2.q.childhealthother.q.childdressbathe.labeltrue,true,false,,2026-05-29T22:56:11.692Z,,false,false,false,manual,1
es-ar,surveys,main/surveys/caregiverchildsurvey_SHORT.xliff::page3.q.childhealth2.q.childhealthother.q.childdressbathe.labelfalse,true,false,,2026-05-29T22:56:12.717Z,,false,false,false,manual,1
es-ar,surveys,main/surveys/caregiverchildsurvey_SHORT.xliff::page3.q.childhealth2.q.childhealthother.q.childhearing.title,true,false,,2026-05-29T22:56:18.193Z,,false,false,false,manual,1
es-ar,surveys,main/surveys/caregiverchildsurvey_SHORT.xliff::page3.q.childhealth2.q.childhealthother.q.childhearing.labeltrue,true,false,,2026-05-29T22:56:19.467Z,,false,false,false,manual,1
es-ar,surveys,main/surveys/caregiverchildsurvey_SHORT.xliff::page3.q.childhealth2.q.childhealthother.q.childhearing.labelfalse,true,false,,2026-05-29T22:56:20.695Z,,false,false,false,manual,1
es-ar,surveys,main/surveys/caregiverchildsurvey_SHORT.xliff::page3.q.childhealth2.q.childhealthother.q.childeyesight.title,true,false,,2026-05-29T22:56:26.951Z,,false,false,false,manual,1
es-ar,surveys,main/surveys/caregiverchildsurvey_SHORT.xliff::page3.q.childhealth2.q.childhealthother.q.childeyesight.labeltrue,true,false,,2026-05-29T22:56:28.348Z,,false,false,false,manual,1
es-ar,surveys,main/surveys/caregiverchildsurvey_SHORT.xliff::page3.q.childhealth2.q.childhealthother.q.childeyesight.labelfalse,true,false,,2026-05-29T22:56:29.502Z,,false,false,false,manual,1
es-ar,surveys,main/surveys/caregiverchildsurvey_SHORT.xliff::page4.q.childhealth3.q.childhealthconditions.title,true,false,,2026-05-29T23:12:41.938Z,,false,false,false,manual,1
es-ar,surveys,main/surveys/caregiverchildsurvey_SHORT.xliff::page4.q.childhealth3.q.childhealthconditions.q.childconduct.title,true,false,,2026-05-29T23:12:46.555Z,,false,false,false,manual,1
es-ar,surveys,main/surveys/caregiverchildsurvey_SHORT.xliff::page4.q.childhealth3.q.childhealthconditions.q.childconduct.choice.no.text,true,false,,2026-05-29T23:12:50.152Z,,false,false,false,manual,1
es-ar,surveys,main/surveys/caregiverchildsurvey_SHORT.xliff::page4.q.childhealth3.q.childhealthconditions.q.childconduct.choice.yes.text,true,false,,2026-05-29T23:12:51.306Z,,false,false,false,manual,1
es-ar,surveys,main/surveys/caregiverchildsurvey_SHORT.xliff::page4.q.childhealth3.q.childhealthconditions.q.childconduct.choice.unknown.text,true,false,,2026-05-29T23:12:52.369Z,,false,false,false,manual,1
es-ar,surveys,main/surveys/caregiverchildsurvey_SHORT.xliff::page4.q.childhealth3.q.childhealthconditions.q.childconduct.choice.notrespond.text,true,false,,2026-05-29T23:12:58.518Z,,false,false,false,manual,1
es-ar,surveys,main/surveys/caregiverchildsurvey_SHORT.xliff::page4.q.childhealth3.q.childhealthconditions.q.childconductcurrent.title,true,false,,2026-05-29T23:13:16.192Z,,false,false,false,manual,1
es-ar,surveys,main/surveys/caregiverchildsurvey_SHORT.xliff::page4.q.childhealth3.q.childhealthconditions.q.childconductcurrent.labeltrue,true,false,,2026-05-29T23:13:17.844Z,,false,false,false,manual,1
es-ar,surveys,main/surveys/caregiverchildsurvey_SHORT.xliff::page4.q.childhealth3.q.childhealthconditions.q.childconductcurrent.labelfalse,true,false,,2026-05-29T23:13:19.987Z,,false,false,false,manual,1
es-ar,surveys,main/surveys/caregiverchildsurvey_SHORT.xliff::page4.q.childhealth3.q.childhealthconditions.q.childconductlevel.title,true,false,,2026-05-29T23:13:37.323Z,,false,false,false,manual,1
es-ar,surveys,main/surveys/caregiverchildsurvey_SHORT.xliff::page4.q.childhealth3.q.childhealthconditions.q.childconductlevel.choice.1.text,true,false,,2026-05-29T23:13:45.929Z,,false,false,false,manual,1
es-ar,surveys,main/surveys/caregiverchildsurvey_SHORT.xliff::page4.q.childhealth3.q.childhealthconditions.q.childconductlevel.choice.2.text,true,false,,2026-05-29T23:13:47.423Z,,false,false,false,manual,1
es-ar,surveys,main/surveys/caregiverchildsurvey_SHORT.xliff::page4.q.childhealth3.q.childhealthconditions.q.childconductlevel.choice.3.text,true,false,,2026-05-29T23:13:48.506Z,,false,false,false,manual,1
es-ar,surveys,main/surveys/caregiverchildsurvey_SHORT.xliff::page4.q.childhealth3.q.childhealthconditions.q.childdevdelay.title,true,false,,2026-05-29T23:13:51.495Z,,false,false,false,manual,1
es-ar,surveys,main/surveys/caregiverchildsurvey_SHORT.xliff::page4.q.childhealth3.q.childhealthconditions.q.childdevdelay.choice.no.text,true,false,,2026-05-29T23:13:52.716Z,,false,false,false,manual,1
es-ar,surveys,main/surveys/caregiverchildsurvey_SHORT.xliff::page4.q.childhealth3.q.childhealthconditions.q.childdevdelay.choice.yes.text,true,false,,2026-05-29T23:13:55.373Z,,false,false,false,manual,1
es-ar,surveys,main/surveys/caregiverchildsurvey_SHORT.xliff::page4.q.childhealth3.q.childhealthconditions.q.childdevdelay.choice.unknown.text,true,false,,2026-05-29T23:13:56.322Z,,false,false,false,manual,1
es-ar,surveys,main/surveys/caregiverchildsurvey_SHORT.xliff::page4.q.childhealth3.q.childhealthconditions.q.childdevdelay.choice.notrespond.text,true,false,,2026-05-29T23:13:57.656Z,,false,false,false,manual,1
es-ar,surveys,main/surveys/caregiverchildsurvey_SHORT.xliff::page4.q.childhealth3.q.childhealthconditions.q.childdevdelaycurrent.title,true,false,,2026-05-29T23:14:06.541Z,,false,false,false,manual,1
es-ar,surveys,main/surveys/caregiverchildsurvey_SHORT.xliff::page4.q.childhealth3.q.childhealthconditions.q.childdevdelaycurrent.labeltrue,true,false,,2026-05-29T23:14:08.723Z,,false,false,false,manual,1
es-ar,surveys,main/surveys/caregiverchildsurvey_SHORT.xliff::page4.q.childhealth3.q.childhealthconditions.q.childdevdelaycurrent.labelfalse,true,false,,2026-05-29T23:14:10.109Z,,false,false,false,manual,1
es-ar,surveys,main/surveys/caregiverchildsurvey_SHORT.xliff::page4.q.childhealth3.q.childhealthconditions.q.childdevdelaylevel.title,true,false,,2026-05-29T23:14:17.208Z,,false,false,false,manual,1
es-ar,surveys,main/surveys/caregiverchildsurvey_SHORT.xliff::page4.q.childhealth3.q.childhealthconditions.q.childdevdelaylevel.choice.1.text,true,false,,2026-05-29T23:14:19.295Z,,false,false,false,manual,1
es-ar,surveys,main/surveys/caregiverchildsurvey_SHORT.xliff::page4.q.childhealth3.q.childhealthconditions.q.childdevdelaylevel.choice.2.text,true,false,,2026-05-29T23:14:22.014Z,,false,false,false,manual,1
es-ar,surveys,main/surveys/caregiverchildsurvey_SHORT.xliff::page4.q.childhealth3.q.childhealthconditions.q.childdevdelaylevel.choice.3.text,true,false,,2026-05-29T23:14:23.343Z,,false,false,false,manual,1
es-ar,surveys,main/surveys/caregiverchildsurvey_SHORT.xliff::page4.q.childhealth3.q.childhealthconditions.q.childintelldis.title,true,false,,2026-05-29T23:14:26.965Z,,false,false,false,manual,1
es-ar,surveys,main/surveys/caregiverchildsurvey_SHORT.xliff::page4.q.childhealth3.q.childhealthconditions.q.childintelldis.choice.no.text,true,false,,2026-05-29T23:14:28.344Z,,false,false,false,manual,1
es-ar,surveys,main/surveys/caregiverchildsurvey_SHORT.xliff::page4.q.childhealth3.q.childhealthconditions.q.childintelldis.choice.yes.text,true,false,,2026-05-29T23:14:29.163Z,,false,false,false,manual,1
es-ar,surveys,main/surveys/caregiverchildsurvey_SHORT.xliff::page4.q.childhealth3.q.childhealthconditions.q.childintelldis.choice.unknown.text,true,false,,2026-05-29T23:14:31.912Z,,false,false,false,manual,1
es-ar,surveys,main/surveys/caregiverchildsurvey_SHORT.xliff::page4.q.childhealth3.q.childhealthconditions.q.childintelldis.choice.notrespond.text,true,false,,2026-05-29T23:14:33.027Z,,false,false,false,manual,1
es-ar,surveys,main/surveys/caregiverchildsurvey_SHORT.xliff::page4.q.childhealth3.q.childhealthconditions.q.childintelldiscurrent.title,true,false,,2026-05-29T23:14:35.417Z,,false,false,false,manual,1
es-ar,surveys,main/surveys/caregiverchildsurvey_SHORT.xliff::page4.q.childhealth3.q.childhealthconditions.q.childintelldiscurrent.labeltrue,true,false,,2026-05-29T23:14:37.982Z,,false,false,false,manual,1
es-ar,surveys,main/surveys/caregiverchildsurvey_SHORT.xliff::page4.q.childhealth3.q.childhealthconditions.q.childintelldiscurrent.labelfalse,true,false,,2026-05-29T23:14:39.045Z,,false,false,false,manual,1
es-ar,surveys,main/surveys/caregiverchildsurvey_SHORT.xliff::page4.q.childhealth3.q.childhealthconditions.q.childintelldislevel.title,true,false,,2026-05-29T23:14:41.114Z,,false,false,false,manual,1
es-ar,surveys,main/surveys/caregiverchildsurvey_SHORT.xliff::page4.q.childhealth3.q.childhealthconditions.q.childintelldislevel.choice.1.text,true,false,,2026-05-29T23:14:42.932Z,,false,false,false,manual,1
es-ar,surveys,main/surveys/caregiverchildsurvey_SHORT.xliff::page4.q.childhealth3.q.childhealthconditions.q.childintelldislevel.choice.2.text,true,false,,2026-05-29T23:14:43.910Z,,false,false,false,manual,1
es-ar,surveys,main/surveys/caregiverchildsurvey_SHORT.xliff::page4.q.childhealth3.q.childhealthconditions.q.childintelldislevel.choice.3.text,true,false,,2026-05-29T23:14:54.187Z,,false,false,false,manual,1
es-ar,surveys,main/surveys/caregiverchildsurvey_SHORT.xliff::page4.q.childhealth3.q.childhealthconditions.q.childspeechlang.title,true,false,,2026-05-29T23:14:46.534Z,,false,false,false,manual,1
es-ar,surveys,main/surveys/caregiverchildsurvey_SHORT.xliff::page4.q.childhealth3.q.childhealthconditions.q.childspeechlang.choice.no.text,true,false,,2026-05-29T23:14:59.228Z,,false,false,false,manual,1
es-ar,surveys,main/surveys/caregiverchildsurvey_SHORT.xliff::page4.q.childhealth3.q.childhealthconditions.q.childspeechlang.choice.yes.text,true,false,,2026-05-29T23:15:00.127Z,,false,false,false,manual,1
es-ar,surveys,main/surveys/caregiverchildsurvey_SHORT.xliff::page4.q.childhealth3.q.childhealthconditions.q.childspeechlang.choice.unknown.text,true,false,,2026-05-29T23:15:02.414Z,,false,false,false,manual,1
es-ar,surveys,main/surveys/caregiverchildsurvey_SHORT.xliff::page4.q.childhealth3.q.childhealthconditions.q.childspeechlang.choice.notrespond.text,true,false,,2026-05-29T23:15:03.602Z,,false,false,false,manual,1
es-ar,surveys,main/surveys/caregiverchildsurvey_SHORT.xliff::page4.q.childhealth3.q.childhealthconditions.q.childspeechlangcurrent.title,true,false,,2026-05-29T23:15:06.911Z,,false,false,false,manual,1
es-ar,surveys,main/surveys/caregiverchildsurvey_SHORT.xliff::page4.q.childhealth3.q.childhealthconditions.q.childspeechlangcurrent.labeltrue,true,false,,2026-05-29T23:15:10.630Z,,false,false,false,manual,1
es-ar,surveys,main/surveys/caregiverchildsurvey_SHORT.xliff::page4.q.childhealth3.q.childhealthconditions.q.childspeechlangcurrent.labelfalse,true,false,,2026-05-29T23:15:12.303Z,,false,false,false,manual,1
es-ar,surveys,main/surveys/caregiverchildsurvey_SHORT.xliff::page4.q.childhealth3.q.childhealthconditions.q.childspeechlanglevel.title,true,false,,2026-05-29T23:15:14.948Z,,false,false,false,manual,1
es-ar,surveys,main/surveys/caregiverchildsurvey_SHORT.xliff::page4.q.childhealth3.q.childhealthconditions.q.childspeechlanglevel.choice.1.text,true,false,,2026-05-29T23:15:16.769Z,,false,false,false,manual,1
es-ar,surveys,main/surveys/caregiverchildsurvey_SHORT.xliff::page4.q.childhealth3.q.childhealthconditions.q.childspeechlanglevel.choice.2.text,true,false,,2026-05-29T23:15:18.097Z,,false,false,false,manual,1
es-ar,surveys,main/surveys/caregiverchildsurvey_SHORT.xliff::page4.q.childhealth3.q.childhealthconditions.q.childspeechlanglevel.choice.3.text,true,false,,2026-05-29T23:15:20.381Z,,false,false,false,manual,1
es-ar,surveys,main/surveys/caregiverchildsurvey_SHORT.xliff::page4.q.childhealth3.q.childhealthconditions.q.childlearndis.title,true,false,,2026-05-29T23:15:48.900Z,,false,false,false,manual,1
es-ar,surveys,main/surveys/caregiverchildsurvey_SHORT.xliff::page4.q.childhealth3.q.childhealthconditions.q.childlearndis.choice.no.text,true,false,,2026-05-29T23:15:50.450Z,,false,false,false,manual,1
es-ar,surveys,main/surveys/caregiverchildsurvey_SHORT.xliff::page4.q.childhealth3.q.childhealthconditions.q.childlearndis.choice.yes.text,true,false,,2026-05-29T23:15:51.850Z,,false,false,false,manual,1
es-ar,surveys,main/surveys/caregiverchildsurvey_SHORT.xliff::page4.q.childhealth3.q.childhealthconditions.q.childlearndis.choice.unknown.text,true,false,,2026-05-29T23:15:53.145Z,,false,false,false,manual,1
es-ar,surveys,main/surveys/caregiverchildsurvey_SHORT.xliff::page4.q.childhealth3.q.childhealthconditions.q.childlearndis.choice.notrespond.text,true,false,,2026-05-29T23:16:00.013Z,,false,false,false,manual,1
es-ar,surveys,main/surveys/caregiverchildsurvey_SHORT.xliff::page4.q.childhealth3.q.childhealthconditions.q.childlearndiscurrent.title,true,false,,2026-05-29T23:16:01.415Z,,false,false,false,manual,1
es-ar,surveys,main/surveys/caregiverchildsurvey_SHORT.xliff::page4.q.childhealth3.q.childhealthconditions.q.childlearndiscurrent.labeltrue,true,false,,2026-05-29T23:16:03.021Z,,false,false,false,manual,1
es-ar,surveys,main/surveys/caregiverchildsurvey_SHORT.xliff::page4.q.childhealth3.q.childhealthconditions.q.childlearndiscurrent.labelfalse,true,false,,2026-05-29T23:16:06.267Z,,false,false,false,manual,1
es-ar,surveys,main/surveys/caregiverchildsurvey_SHORT.xliff::page4.q.childhealth3.q.childhealthconditions.q.childlearndislevel.title,true,false,,2026-05-29T23:16:11.992Z,,false,false,false,manual,1
es-ar,surveys,main/surveys/caregiverchildsurvey_SHORT.xliff::page4.q.childhealth3.q.childhealthconditions.q.childlearndislevel.choice.1.text,true,false,,2026-05-29T23:16:13.053Z,,false,false,false,manual,1
es-ar,surveys,main/surveys/caregiverchildsurvey_SHORT.xliff::page4.q.childhealth3.q.childhealthconditions.q.childlearndislevel.choice.2.text,true,false,,2026-05-29T23:16:14.007Z,,false,false,false,manual,1
es-ar,surveys,main/surveys/caregiverchildsurvey_SHORT.xliff::page4.q.childhealth3.q.childhealthconditions.q.childlearndislevel.choice.3.text,true,false,,2026-05-29T23:16:16.106Z,,false,false,false,manual,1
es-ar,surveys,main/surveys/caregiverchildsurvey_SHORT.xliff::page4.q.childhealth3.q.childhealthconditions.q.childautism.title,true,false,,2026-05-29T23:16:18.552Z,,false,false,false,manual,1
es-ar,surveys,main/surveys/caregiverchildsurvey_SHORT.xliff::page4.q.childhealth3.q.childhealthconditions.q.childautism.choice.no.text,true,false,,2026-05-29T23:16:32.402Z,,false,false,false,manual,1
es-ar,surveys,main/surveys/caregiverchildsurvey_SHORT.xliff::page4.q.childhealth3.q.childhealthconditions.q.childautism.choice.yes.text,true,false,,2026-05-29T23:16:33.654Z,,false,false,false,manual,1
es-ar,surveys,main/surveys/caregiverchildsurvey_SHORT.xliff::page4.q.childhealth3.q.childhealthconditions.q.childautism.choice.unknown.text,true,false,,2026-05-29T23:16:34.538Z,,false,false,false,manual,1
es-ar,surveys,main/surveys/caregiverchildsurvey_SHORT.xliff::page4.q.childhealth3.q.childhealthconditions.q.childautism.choice.notrespond.text,true,false,,2026-05-29T23:16:35.492Z,,false,false,false,manual,1
es-ar,surveys,main/surveys/caregiverchildsurvey_SHORT.xliff::page4.q.childhealth3.q.childhealthconditions.q.childautismcurrent.title,true,false,,2026-05-29T23:16:37.646Z,,false,false,false,manual,1
es-ar,surveys,main/surveys/caregiverchildsurvey_SHORT.xliff::page4.q.childhealth3.q.childhealthconditions.q.childautismcurrent.labeltrue,true,false,,2026-05-29T23:16:44.609Z,,false,false,false,manual,1
es-ar,surveys,main/surveys/caregiverchildsurvey_SHORT.xliff::page4.q.childhealth3.q.childhealthconditions.q.childautismcurrent.labelfalse,true,false,,2026-05-29T23:16:45.271Z,,false,false,false,manual,1
es-ar,surveys,main/surveys/caregiverchildsurvey_SHORT.xliff::page4.q.childhealth3.q.childhealthconditions.q.childautismlevel.title,true,false,,2026-05-29T23:16:45.989Z,,false,false,false,manual,1
es-ar,surveys,main/surveys/caregiverchildsurvey_SHORT.xliff::page4.q.childhealth3.q.childhealthconditions.q.childautismlevel.choice.1.text,true,false,,2026-05-29T23:16:49.638Z,,false,false,false,manual,1
es-ar,surveys,main/surveys/caregiverchildsurvey_SHORT.xliff::page4.q.childhealth3.q.childhealthconditions.q.childautismlevel.choice.2.text,true,false,,2026-05-29T23:16:50.587Z,,false,false,false,manual,1
es-ar,surveys,main/surveys/caregiverchildsurvey_SHORT.xliff::page4.q.childhealth3.q.childhealthconditions.q.childautismlevel.choice.3.text,true,false,,2026-05-29T23:16:51.572Z,,false,false,false,manual,1
es-ar,surveys,main/surveys/caregiverchildsurvey_SHORT.xliff::page4.q.childhealth3.q.childhealthconditions.q.childadhd.title,true,false,,2026-05-29T23:16:59.904Z,,false,false,false,manual,1
es-ar,surveys,main/surveys/caregiverchildsurvey_SHORT.xliff::page4.q.childhealth3.q.childhealthconditions.q.childadhd.choice.no.text,true,false,,2026-05-29T23:17:01.657Z,,false,false,false,manual,1
es-ar,surveys,main/surveys/caregiverchildsurvey_SHORT.xliff::page4.q.childhealth3.q.childhealthconditions.q.childadhd.choice.yes.text,true,false,,2026-05-29T23:17:02.773Z,,false,false,false,manual,1
es-ar,surveys,main/surveys/caregiverchildsurvey_SHORT.xliff::page4.q.childhealth3.q.childhealthconditions.q.childadhd.choice.unknown.text,true,false,,2026-05-29T23:17:05.155Z,,false,false,false,manual,1
es-ar,surveys,main/surveys/caregiverchildsurvey_SHORT.xliff::page4.q.childhealth3.q.childhealthconditions.q.childadhd.choice.notrespond.text,true,false,,2026-05-29T23:17:06.207Z,,false,false,false,manual,1
es-ar,surveys,main/surveys/caregiverchildsurvey_SHORT.xliff::page4.q.childhealth3.q.childhealthconditions.q.childadhdcurrent.title,true,false,,2026-05-29T23:17:11.089Z,,false,false,false,manual,1
es-ar,surveys,main/surveys/caregiverchildsurvey_SHORT.xliff::page4.q.childhealth3.q.childhealthconditions.q.childadhdcurrent.labeltrue,true,false,,2026-05-29T23:17:19.099Z,,false,false,false,manual,1
es-ar,surveys,main/surveys/caregiverchildsurvey_SHORT.xliff::page4.q.childhealth3.q.childhealthconditions.q.childadhdcurrent.labelfalse,true,false,,2026-05-29T23:17:20.492Z,,false,false,false,manual,1
es-ar,surveys,main/surveys/caregiverchildsurvey_SHORT.xliff::page4.q.childhealth3.q.childhealthconditions.q.childadhdlevel.title,true,false,,2026-05-29T23:17:26.108Z,,false,false,false,manual,1
es-ar,surveys,main/surveys/caregiverchildsurvey_SHORT.xliff::page4.q.childhealth3.q.childhealthconditions.q.childadhdlevel.choice.1.text,true,false,,2026-05-29T23:17:27.226Z,,false,false,false,manual,1
es-ar,surveys,main/surveys/caregiverchildsurvey_SHORT.xliff::page4.q.childhealth3.q.childhealthconditions.q.childadhdlevel.choice.2.text,true,false,,2026-05-29T23:17:28.992Z,,false,false,false,manual,1
es-ar,surveys,main/surveys/caregiverchildsurvey_SHORT.xliff::page4.q.childhealth3.q.childhealthconditions.q.childadhdlevel.choice.3.text,true,false,,2026-05-29T23:17:30.013Z,,false,false,false,manual,1
es-ar,surveys,main/surveys/caregiverchildsurvey_SHORT.xliff::page5.q.childsexbirth.title,false,true,"wording in English changed slightly to exclude ""assigned""",,2026-05-29T23:29:49.837Z,false,false,false,ai,0.9
es-ar,surveys,main/surveys/caregiverchildsurvey_SHORT.xliff::page5.q.childsexbirth.othertext,true,false,,2026-05-29T23:32:05.539Z,,false,false,false,manual,1
es-ar,surveys,main/surveys/caregiverchildsurvey_SHORT.xliff::page5.q.childgenderintro.title,true,false,,2026-05-29T23:39:51.006Z,,false,false,false,manual,1
es-ar,surveys,main/surveys/caregiverchildsurvey_SHORT.xliff::page5.q.childgendercurrent.title,true,false,,2026-05-29T23:40:03.980Z,,false,false,false,manual,1
es-ar,surveys,main/surveys/caregiverchildsurvey_SHORT.xliff::page5.q.childgendercurrent.choice.female.text,false,true,just flagging to compare wording for sex vs gender items,,2026-05-29T23:40:55.086Z,false,false,false,ai,0.3
es-ar,surveys,main/surveys/caregiverchildsurvey_SHORT.xliff::page5.q.childgendercurrent.choice.male.text,false,true,just flagging to compare wording for sex vs gender items,,2026-05-29T23:41:00.809Z,false,false,false,ai,0.3
es-ar,surveys,main/surveys/caregiverchildsurvey_SHORT.xliff::page5.q.childgendercurrent.choice.nonbinary.text,true,false,,2026-05-29T23:41:04.985Z,,false,false,false,manual,1
es-ar,surveys,main/surveys/caregiverchildsurvey_SHORT.xliff::page5.q.childbehgirls.title,true,false,,2026-05-29T23:41:16.163Z,,false,false,false,manual,1
es-ar,surveys,main/surveys/caregiverchildsurvey_SHORT.xliff::page5.q.childbehgirls.choice.0.text,true,false,,2026-05-29T23:41:18.130Z,,false,false,false,manual,1
es-ar,surveys,main/surveys/caregiverchildsurvey_SHORT.xliff::page5.q.childbehgirls.choice.1.text,true,false,,2026-05-29T23:41:20.564Z,,false,false,false,manual,1
es-ar,surveys,main/surveys/caregiverchildsurvey_SHORT.xliff::page5.q.childbehgirls.choice.2.text,true,false,,2026-05-29T23:41:22.364Z,,false,false,false,manual,1
es-ar,surveys,main/surveys/caregiverchildsurvey_SHORT.xliff::page5.q.childbehgirls.choice.3.text,true,false,,2026-05-29T23:41:24.237Z,,false,false,false,manual,1
es-ar,surveys,main/surveys/caregiverchildsurvey_SHORT.xliff::page5.q.childbehgirls.choice.4.text,true,false,,2026-05-29T23:41:26.105Z,,false,false,false,manual,1
es-ar,surveys,main/surveys/caregiverchildsurvey_SHORT.xliff::page5.q.childbegirl.title,true,false,,2026-05-29T23:42:50.788Z,,false,false,false,manual,1
es-ar,surveys,main/surveys/caregiverchildsurvey_SHORT.xliff::page5.q.childbegirl.choice.0.text,true,false,,2026-05-29T23:42:52.692Z,,false,false,false,manual,1
es-ar,surveys,main/surveys/caregiverchildsurvey_SHORT.xliff::page5.q.childbegirl.choice.1.text,true,false,,2026-05-29T23:42:58.171Z,,false,false,false,manual,1
es-ar,surveys,main/surveys/caregiverchildsurvey_SHORT.xliff::page5.q.childbegirl.choice.2.text,true,false,,2026-05-29T23:43:03.956Z,,false,false,false,manual,1
es-ar,surveys,main/surveys/caregiverchildsurvey_SHORT.xliff::page5.q.childbegirl.choice.3.text,true,false,,2026-05-29T23:43:05.823Z,,false,false,false,manual,1
es-ar,surveys,main/surveys/caregiverchildsurvey_SHORT.xliff::page5.q.childbegirl.choice.4.text,true,false,,2026-05-29T23:43:08.589Z,,false,false,false,manual,1
es-ar,surveys,main/surveys/caregiverchildsurvey_SHORT.xliff::page5.q.childbehboys.title,true,false,,2026-05-29T23:43:52.777Z,,false,false,false,manual,1
es-ar,surveys,main/surveys/caregiverchildsurvey_SHORT.xliff::page5.q.childbehboys.choice.0.text,true,false,,2026-05-29T23:43:54.615Z,,false,false,false,manual,1
es-ar,surveys,main/surveys/caregiverchildsurvey_SHORT.xliff::page5.q.childbehboys.choice.1.text,true,false,,2026-05-29T23:43:56.959Z,,false,false,false,manual,1
es-ar,surveys,main/surveys/caregiverchildsurvey_SHORT.xliff::page5.q.childbehboys.choice.2.text,true,false,,2026-05-29T23:43:58.159Z,,false,false,false,manual,1
es-ar,surveys,main/surveys/caregiverchildsurvey_SHORT.xliff::page5.q.childbehboys.choice.3.text,true,false,,2026-05-29T23:43:59.165Z,,false,false,false,manual,1
es-ar,surveys,main/surveys/caregiverchildsurvey_SHORT.xliff::page5.q.childbehboys.choice.4.text,true,false,,2026-05-29T23:44:01.516Z,,false,false,false,manual,1
es-ar,surveys,main/surveys/caregiverchildsurvey_SHORT.xliff::page5.q.childbeboy.title,true,false,,2026-05-29T23:44:44.380Z,,false,false,false,manual,1
es-ar,surveys,main/surveys/caregiverchildsurvey_SHORT.xliff::page5.q.childbeboy.choice.0.text,true,false,,2026-05-29T23:44:46.615Z,,false,false,false,manual,1
es-ar,surveys,main/surveys/caregiverchildsurvey_SHORT.xliff::page5.q.childbeboy.choice.1.text,true,false,,2026-05-29T23:44:47.692Z,,false,false,false,manual,1
es-ar,surveys,main/surveys/caregiverchildsurvey_SHORT.xliff::page5.q.childbeboy.choice.2.text,true,false,,2026-05-29T23:44:48.623Z,,false,false,false,manual,1
es-ar,surveys,main/surveys/caregiverchildsurvey_SHORT.xliff::page5.q.childbeboy.choice.3.text,true,false,,2026-05-29T23:44:51.032Z,,false,false,false,manual,1
es-ar,surveys,main/surveys/caregiverchildsurvey_SHORT.xliff::page5.q.childbeboy.choice.4.text,true,false,,2026-05-29T23:44:56.615Z,,false,false,false,manual,1
es-ar,surveys,main/surveys/caregiverchildsurvey_SHORT.xliff::page6.q.childpubertyyn.title,false,true,early (timing) vs. mild?,,2026-05-29T23:46:43.544Z,false,false,false,ai,0.5
es-ar,surveys,main/surveys/caregiverchildsurvey_SHORT.xliff::page6.q.childpubertyyn.labeltrue,true,false,,2026-05-29T23:46:47.524Z,,false,false,false,manual,1
es-ar,surveys,main/surveys/caregiverchildsurvey_SHORT.xliff::page6.q.childpubertyyn.labelfalse,true,false,,2026-05-29T23:46:53.116Z,,false,false,false,manual,1
es-ar,surveys,main/surveys/caregiverchildsurvey_SHORT.xliff::page6.q.childpubertyfemale.title,true,false,,2026-05-29T23:47:12.677Z,,false,false,false,manual,1
es-ar,surveys,main/surveys/caregiverchildsurvey_SHORT.xliff::page6.q.childpubertyfemale.q.childpubertygrowthfemale.title,false,true,parentheses used differently - but maybe ok?,,2026-05-29T23:56:58.562Z,false,false,false,ai,0.2
es-ar,surveys,main/surveys/caregiverchildsurvey_SHORT.xliff::page6.q.childpubertyfemale.q.childpubertygrowthfemale.choice.0.text,true,false,,2026-05-29T23:58:11.632Z,,false,false,false,manual,1
es-ar,surveys,main/surveys/caregiverchildsurvey_SHORT.xliff::page6.q.childpubertyfemale.q.childpubertygrowthfemale.choice.2.text,true,false,,2026-05-29T23:59:57.917Z,,false,false,false,manual,1
es-ar,surveys,main/surveys/caregiverchildsurvey_SHORT.xliff::page6.q.childpubertyfemale.q.childpubertygrowthfemale.choice.3.text,true,false,,2026-05-30T00:01:02.580Z,,false,false,false,manual,1
es-ar,surveys,main/surveys/caregiverchildsurvey_SHORT.xliff::page6.q.childpubertyfemale.q.childpubertyhairfemale.title,false,true,I would say vs. Would you say,,2026-05-30T00:02:27.336Z,false,false,false,ai,0.2
es-ar,surveys,main/surveys/caregiverchildsurvey_SHORT.xliff::page6.q.childpubertyfemale.q.childpubertyhairfemale.choice.0.text,true,false,,2026-05-30T00:03:14.800Z,,false,false,false,manual,1
es-ar,surveys,main/surveys/caregiverchildsurvey_SHORT.xliff::page6.q.childpubertyfemale.q.childpubertyhairfemale.choice.1.text,true,false,,2026-05-30T00:03:16.796Z,,false,false,false,manual,1
es-ar,surveys,main/surveys/caregiverchildsurvey_SHORT.xliff::page6.q.childpubertyfemale.q.childpubertyhairfemale.choice.2.text,true,false,,2026-05-30T00:03:23.092Z,,false,false,false,manual,1
es-ar,surveys,main/surveys/caregiverchildsurvey_SHORT.xliff::page6.q.childpubertyfemale.q.childpubertyhairfemale.choice.3.text,true,false,,2026-05-30T00:03:33.743Z,,false,false,false,manual,1
es-ar,surveys,main/surveys/caregiverchildsurvey_SHORT.xliff::page6.q.childpubertyfemale.q.childpubertyskinfemale.title,true,false,,2026-05-30T00:12:38.639Z,,false,false,false,manual,1
es-ar,surveys,main/surveys/caregiverchildsurvey_SHORT.xliff::page6.q.childpubertyfemale.q.childpubertyskinfemale.choice.0.text,true,false,,2026-05-30T00:12:40.950Z,,false,false,false,manual,1
es-ar,surveys,main/surveys/caregiverchildsurvey_SHORT.xliff::page6.q.childpubertyfemale.q.childpubertyskinfemale.choice.1.text,true,false,,2026-05-30T00:12:45.074Z,,false,false,false,manual,1
es-ar,surveys,main/surveys/caregiverchildsurvey_SHORT.xliff::page6.q.childpubertyfemale.q.childpubertyskinfemale.choice.2.text,true,false,,2026-05-30T00:12:50.002Z,,false,false,false,manual,1
es-ar,surveys,main/surveys/caregiverchildsurvey_SHORT.xliff::page6.q.childpubertyfemale.q.childpubertyskinfemale.choice.3.text,true,false,,2026-05-30T00:12:56.641Z,,false,false,false,manual,1
es-ar,surveys,main/surveys/caregiverchildsurvey_SHORT.xliff::page6.q.childpubertyfemale.q.childpubertybreastfemale.title,true,false,,2026-05-30T00:13:03.516Z,,false,false,false,manual,1
es-ar,surveys,main/surveys/caregiverchildsurvey_SHORT.xliff::page6.q.childpubertyfemale.q.childpubertybreastfemale.choice.1.text,true,false,,2026-05-30T00:13:22.609Z,,false,false,false,manual,1
es-ar,surveys,main/surveys/caregiverchildsurvey_SHORT.xliff::page6.q.childpubertyfemale.q.childpubertybreastfemale.choice.2.text,false,true,"""they"" vs. ""breast growth""",,2026-05-30T00:14:12.945Z,false,false,false,ai,0.1
es-ar,surveys,main/surveys/caregiverchildsurvey_SHORT.xliff::page6.q.childpubertyfemale.q.childpubertybreastfemale.choice.3.text,true,false,,2026-05-30T00:14:22.174Z,,false,false,false,manual,1
es-ar,surveys,main/surveys/caregiverchildsurvey_SHORT.xliff::page6.q.childpubertyfemale.q.childpubertymenstruate.title,true,false,,2026-05-30T00:14:39.766Z,,false,false,false,manual,1
es-ar,surveys,main/surveys/caregiverchildsurvey_SHORT.xliff::page6.q.childpubertyfemale.q.childpubertymenstruate.labeltrue,true,false,,2026-05-30T00:14:41.032Z,,false,false,false,manual,1
es-ar,surveys,main/surveys/caregiverchildsurvey_SHORT.xliff::page6.q.childpubertyfemale.q.childpubertymenstruate.labelfalse,true,false,,2026-05-30T00:14:41.839Z,,false,false,false,manual,1
es-ar,surveys,main/surveys/caregiverchildsurvey_SHORT.xliff::page6.q.childpubertyfemale.q.childpubertymenstruateage.title,true,false,,2026-05-30T00:14:49.385Z,,false,false,false,manual,1
es-ar,surveys,main/surveys/caregiverchildsurvey_SHORT.xliff::page6.q.childpubertyfemale.q.childpubertymenstruateage.placeholder,true,false,,2026-05-30T00:14:51.684Z,,false,false,false,manual,1
es-ar,surveys,main/surveys/caregiverchildsurvey_SHORT.xliff::page6.q.childpubertymale.title,true,false,,2026-05-30T00:15:05.502Z,,false,false,false,manual,1
es-ar,surveys,main/surveys/caregiverchildsurvey_SHORT.xliff::page6.q.childpubertymale.q.childpubertygrowthmale.title,false,true,male version - already fixed in crowdin. also parenthetical use - see female version,,2026-05-30T00:15:54.776Z,false,false,false,ai,0.2
es-ar,surveys,main/surveys/caregiverchildsurvey_SHORT.xliff::page6.q.childpubertymale.q.childpubertygrowthmale.choice.0.text,true,false,,2026-05-30T00:16:05.497Z,,false,false,false,manual,1
es-ar,surveys,main/surveys/caregiverchildsurvey_SHORT.xliff::page6.q.childpubertymale.q.childpubertygrowthmale.choice.2.text,true,false,,2026-05-30T00:17:27.019Z,,false,false,false,manual,1
es-ar,surveys,main/surveys/caregiverchildsurvey_SHORT.xliff::page6.q.childpubertymale.q.childpubertygrowthmale.choice.3.text,true,false,,2026-05-30T00:17:34.676Z,,false,false,false,manual,1
es-ar,surveys,main/surveys/caregiverchildsurvey_SHORT.xliff::page6.q.childpubertymale.q.childpubertyhairmale.title,false,true,same reason as female version,,2026-05-30T00:17:53.859Z,false,false,false,ai,0.4
es-ar,surveys,main/surveys/caregiverchildsurvey_SHORT.xliff::page6.q.childpubertymale.q.childpubertyhairmale.choice.0.text,true,false,,2026-05-30T00:18:06.026Z,,false,false,false,manual,1
es-ar,surveys,main/surveys/caregiverchildsurvey_SHORT.xliff::page6.q.childpubertymale.q.childpubertyhairmale.choice.1.text,true,false,,2026-05-30T00:18:10.568Z,,false,false,false,manual,1
es-ar,surveys,main/surveys/caregiverchildsurvey_SHORT.xliff::page6.q.childpubertymale.q.childpubertyhairmale.choice.2.text,true,false,,2026-05-30T00:32:23.433Z,,false,false,false,manual,1
es-ar,surveys,main/surveys/caregiverchildsurvey_SHORT.xliff::page6.q.childpubertymale.q.childpubertyhairmale.choice.3.text,true,false,,2026-05-30T00:32:34.541Z,,false,false,false,manual,1
es-ar,surveys,main/surveys/caregiverchildsurvey_SHORT.xliff::page6.q.childpubertymale.q.childpubertyskinmale.title,true,false,,2026-05-30T00:33:07.885Z,,false,false,false,manual,1
es-ar,surveys,main/surveys/caregiverchildsurvey_SHORT.xliff::page6.q.childpubertymale.q.childpubertyskinmale.choice.0.text,true,false,,2026-05-30T00:33:13.860Z,,false,false,false,manual,1
es-ar,surveys,main/surveys/caregiverchildsurvey_SHORT.xliff::page6.q.childpubertymale.q.childpubertyskinmale.choice.1.text,true,false,,2026-05-30T00:33:18.302Z,,false,false,false,manual,1
es-ar,surveys,main/surveys/caregiverchildsurvey_SHORT.xliff::page6.q.childpubertymale.q.childpubertyskinmale.choice.2.text,true,false,,2026-05-30T00:33:23.415Z,,false,false,false,manual,1
es-ar,surveys,main/surveys/caregiverchildsurvey_SHORT.xliff::page6.q.childpubertymale.q.childpubertyskinmale.choice.3.text,true,false,,2026-05-30T00:33:26.801Z,,false,false,false,manual,1
es-ar,surveys,main/surveys/caregiverchildsurvey_SHORT.xliff::page6.q.childpubertymale.q.childpubertyvoicemale.title,true,false,,2026-05-30T00:33:30.503Z,,false,false,false,manual,1
es-ar,surveys,main/surveys/caregiverchildsurvey_SHORT.xliff::page6.q.childpubertymale.q.childpubertyvoicemale.choice.0.text,true,false,,2026-05-30T00:33:33.269Z,,false,false,false,manual,1
es-ar,surveys,main/surveys/caregiverchildsurvey_SHORT.xliff::page6.q.childpubertymale.q.childpubertyvoicemale.choice.1.text,true,false,,2026-05-30T00:33:35.652Z,,false,false,false,manual,1
es-ar,surveys,main/surveys/caregiverchildsurvey_SHORT.xliff::page6.q.childpubertymale.q.childpubertyvoicemale.choice.2.text,true,false,,2026-05-30T00:33:38.870Z,,false,false,false,manual,1
es-ar,surveys,main/surveys/caregiverchildsurvey_SHORT.xliff::page6.q.childpubertymale.q.childpubertyvoicemale.choice.3.text,true,false,,2026-05-30T00:33:43.236Z,,false,false,false,manual,1
es-ar,surveys,main/surveys/caregiverchildsurvey_SHORT.xliff::page6.q.childpubertymale.q.childpubertyfacehairmale.title,true,false,,2026-05-30T00:33:52.003Z,,false,false,false,manual,1
es-ar,surveys,main/surveys/caregiverchildsurvey_SHORT.xliff::page6.q.childpubertymale.q.childpubertyfacehairmale.choice.0.text,true,false,,2026-05-30T00:33:53.463Z,,false,false,false,manual,1
es-ar,surveys,main/surveys/caregiverchildsurvey_SHORT.xliff::page6.q.childpubertymale.q.childpubertyfacehairmale.choice.1.text,true,false,,2026-05-30T00:34:11.313Z,,false,false,false,manual,1
es-ar,surveys,main/surveys/caregiverchildsurvey_SHORT.xliff::page6.q.childpubertymale.q.childpubertyfacehairmale.choice.2.text,true,false,,2026-05-30T00:49:00.905Z,,false,false,false,manual,1
es-ar,surveys,main/surveys/caregiverchildsurvey_SHORT.xliff::page6.q.childpubertymale.q.childpubertyfacehairmale.choice.3.text,true,false,,2026-05-30T00:49:08.264Z,,false,false,false,manual,1
es-ar,surveys,main/surveys/caregiverchildsurvey_SHORT.xliff::page7.q.childsleep.title,true,false,,2026-05-30T00:49:18.341Z,,false,false,false,manual,1
es-ar,surveys,main/surveys/caregiverchildsurvey_SHORT.xliff::page7.q.childsleep.q.childsleephabits.title,true,false,,2026-05-30T00:49:28.043Z,,false,false,false,manual,1
es-ar,surveys,main/surveys/caregiverchildsurvey_SHORT.xliff::page7.q.childsleep.q.childsleephabits.col.0.text,true,false,,2026-05-30T00:49:32.625Z,,false,false,false,manual,1
es-ar,surveys,main/surveys/caregiverchildsurvey_SHORT.xliff::page7.q.childsleep.q.childsleephabits.col.1.text,true,false,,2026-05-30T00:49:35.485Z,,false,false,false,manual,1
es-ar,surveys,main/surveys/caregiverchildsurvey_SHORT.xliff::page7.q.childsleep.q.childsleephabits.col.2.text,true,false,,2026-05-30T00:49:40.307Z,,false,false,false,manual,1
es-ar,surveys,main/surveys/caregiverchildsurvey_SHORT.xliff::page7.q.childsleep.q.childsleephabits.row.childsleep1.text,true,false,,2026-05-30T00:49:54.425Z,,false,false,false,manual,1
es-ar,surveys,main/surveys/caregiverchildsurvey_SHORT.xliff::page7.q.childsleep.q.childsleephabits.row.childsleep2.text,true,false,,2026-05-30T00:50:01.932Z,,false,false,false,manual,1
es-ar,surveys,main/surveys/caregiverchildsurvey_SHORT.xliff::page7.q.childsleep.q.childsleephabits.row.childsleep3.text,true,false,,2026-05-30T00:50:08.077Z,,false,false,false,manual,1
es-ar,surveys,main/surveys/caregiverchildsurvey_SHORT.xliff::page7.q.childsleep.q.childsleephours.title,true,false,,2026-05-30T00:50:48.612Z,,false,false,false,manual,1
es-ar,surveys,main/surveys/caregiverchildsurvey_SHORT.xliff::page7.q.childsleep.q.childsleephours.choice.1.text,true,false,,2026-05-30T00:50:51.745Z,,false,false,false,manual,1
es-ar,surveys,main/surveys/caregiverchildsurvey_SHORT.xliff::page7.q.childsleep.q.childsleephours.choice.2.text,true,false,,2026-05-30T00:50:53.913Z,,false,false,false,manual,1
es-ar,surveys,main/surveys/caregiverchildsurvey_SHORT.xliff::page7.q.childsleep.q.childsleephours.choice.3.text,true,false,,2026-05-30T00:50:54.696Z,,false,false,false,manual,1
es-ar,surveys,main/surveys/caregiverchildsurvey_SHORT.xliff::page7.q.childsleep.q.childsleephours.choice.4.text,true,false,,2026-05-30T00:50:55.562Z,,false,false,false,manual,1
es-ar,surveys,main/surveys/caregiverchildsurvey_SHORT.xliff::page7.q.childsleep.q.childsleephours.choice.5.text,true,false,,2026-05-30T00:50:56.813Z,,false,false,false,manual,1
es-ar,surveys,main/surveys/caregiverchildsurvey_SHORT.xliff::page7.q.childsleep.q.childsleephours.choice.6.text,true,false,,2026-05-30T00:50:59.090Z,,false,false,false,manual,1
es-ar,surveys,main/surveys/caregiverchildsurvey_SHORT.xliff::page7.q.childsleep.q.childsleephours.choice.7.text,true,false,,2026-05-30T00:51:00.410Z,,false,false,false,manual,1
es-ar,surveys,main/surveys/caregiverchildsurvey_SHORT.xliff::page8.q.caregiversectionintro2.html,true,false,,2026-05-30T00:51:07.330Z,,false,false,false,manual,1
es-ar,surveys,main/surveys/caregiverchildsurvey_SHORT.xliff::page8.q.childsdq.q.childsdqitems.title,true,false,,2026-05-30T00:52:12.242Z,,false,false,false,manual,1
es-ar,surveys,main/surveys/caregiverchildsurvey_SHORT.xliff::page8.q.childsdq.q.childsdqitems.col.0.text,true,false,,2026-05-30T00:52:18.183Z,,false,false,false,manual,1
es-ar,surveys,main/surveys/caregiverchildsurvey_SHORT.xliff::page8.q.childsdq.q.childsdqitems.col.1.text,true,false,,2026-05-30T00:52:19.597Z,,false,false,false,manual,1
es-ar,surveys,main/surveys/caregiverchildsurvey_SHORT.xliff::page8.q.childsdq.q.childsdqitems.col.2.text,true,false,,2026-05-30T00:53:46.561Z,,false,false,false,manual,1
es-ar,surveys,main/surveys/caregiverchildsurvey_SHORT.xliff::page8.q.childsdq.q.childsdqitems.col.3.text,true,false,,2026-05-30T00:53:48.345Z,,false,false,false,manual,1
es-ar,surveys,main/surveys/caregiverchildsurvey_SHORT.xliff::page8.q.childsdq.q.childsdqitems.row.childsdq2.text,true,false,,2026-05-30T00:53:54.032Z,,false,false,false,manual,1
es-ar,surveys,main/surveys/caregiverchildsurvey_SHORT.xliff::page8.q.childsdq.q.childsdqitems.row.childsdq3.text,true,false,,2026-05-30T00:54:04.437Z,,false,false,false,manual,1
es-ar,surveys,main/surveys/caregiverchildsurvey_SHORT.xliff::page8.q.childsdq.q.childsdqitems.row.childsdq6.text,true,false,,2026-05-30T00:54:11.538Z,,false,false,false,manual,1
es-ar,surveys,main/surveys/caregiverchildsurvey_SHORT.xliff::page8.q.childsdq.q.childsdqitems.row.childsdq8.text,true,false,,2026-05-30T00:54:13.546Z,,false,false,false,manual,1
es-ar,surveys,main/surveys/caregiverchildsurvey_SHORT.xliff::page8.q.childsdq.q.childsdqitems.row.childsdq10.text,false,true,not sure if this one was reviewed...,,2026-05-30T00:55:56.518Z,false,false,false,ai,0.7
es-ar,surveys,main/surveys/caregiverchildsurvey_SHORT.xliff::page8.q.childsdq.q.childsdqitems.row.childsdq13.text,true,false,,2026-05-30T00:56:14.434Z,,false,false,false,manual,1
es-ar,surveys,main/surveys/caregiverchildsurvey_SHORT.xliff::page8.q.childsdq.q.childsdqitems.row.childsdq14.text,true,false,,2026-05-30T00:57:45.086Z,2026-05-30T00:57:43.571Z,false,false,false,manual,1
es-ar,surveys,main/surveys/caregiverchildsurvey_SHORT.xliff::page8.q.childsdq.q.childsdqitems.row.childsdq15.text,false,true,staying on task?,,2026-05-30T00:59:25.298Z,false,false,false,ai,0.6
es-ar,surveys,main/surveys/caregiverchildsurvey_SHORT.xliff::page8.q.childsdq.q.childsdqitems.row.childsdq18.text,true,false,,2026-05-30T00:59:30.906Z,,false,false,false,manual,1
es-ar,surveys,main/surveys/caregiverchildsurvey_SHORT.xliff::page8.q.childsdq.q.childsdqitems.row.childsdq22.text,true,false,,2026-05-30T00:59:37.758Z,,false,false,false,manual,1
es-ar,surveys,main/surveys/caregiverchildsurvey_SHORT.xliff::page9.q.childscs.q.childscsitems.title,true,false,,2026-05-30T00:59:45.006Z,,false,false,false,manual,1
es-ar,surveys,main/surveys/caregiverchildsurvey_SHORT.xliff::page9.q.childscs.q.childscsitems.col.0.text,true,false,,2026-05-30T00:59:47.501Z,,false,false,false,manual,1
es-ar,surveys,main/surveys/caregiverchildsurvey_SHORT.xliff::page9.q.childscs.q.childscsitems.col.1.text,true,false,,2026-05-30T00:59:49.042Z,,false,false,false,manual,1
es-ar,surveys,main/surveys/caregiverchildsurvey_SHORT.xliff::page9.q.childscs.q.childscsitems.col.2.text,true,false,,2026-05-30T00:59:50.051Z,,false,false,false,manual,1
es-ar,surveys,main/surveys/caregiverchildsurvey_SHORT.xliff::page9.q.childscs.q.childscsitems.col.3.text,true,false,,2026-05-30T00:59:51.351Z,,false,false,false,manual,1
es-ar,surveys,main/surveys/caregiverchildsurvey_SHORT.xliff::page9.q.childscs.q.childscsitems.row.childscs1.text,true,false,,2026-05-30T01:00:04.758Z,,false,false,false,manual,1
es-ar,surveys,main/surveys/caregiverchildsurvey_SHORT.xliff::page9.q.childscs.q.childscsitems.row.childscs2.text,true,false,,2026-05-30T01:00:09.474Z,,false,false,false,manual,1
es-ar,surveys,main/surveys/caregiverchildsurvey_SHORT.xliff::page9.q.childscs.q.childscsitems.row.childscs5.text,false,true,upset vs. excited,,2026-05-30T01:01:23.734Z,false,false,false,ai,0.3
es-ar,surveys,main/surveys/caregiverchildsurvey_SHORT.xliff::page9.q.childscs.q.childscsitems.row.childscs9.text,true,false,,2026-05-30T01:01:30.139Z,,false,false,false,manual,1
es-ar,surveys,main/surveys/caregiverchildsurvey_SHORT.xliff::page9.q.childscs.q.childscsitems.row.childscs10.text,true,false,,2026-05-30T01:01:36.189Z,,false,false,false,manual,1
es-ar,surveys,main/surveys/caregiverchildsurvey_SHORT.xliff::page10.q.childcbq.q.childcbqitems.row.childcbq1.text,true,false,,2026-05-30T01:01:39.456Z,,false,false,false,manual,1
es-ar,surveys,main/surveys/caregiverchildsurvey_SHORT.xliff::page10.q.childcbq.q.childcbqitems.row.childcbq4.text,true,false,,2026-05-30T01:01:42.706Z,,false,false,false,manual,1
es-ar,surveys,main/surveys/caregiverchildsurvey_SHORT.xliff::page11.q.childjukes.q.childjukesitems.title,true,false,,2026-05-30T01:01:45.906Z,,false,false,false,manual,1
es-ar,surveys,main/surveys/caregiverchildsurvey_SHORT.xliff::page11.q.childjukes.q.childjukesitems.col.0.text,true,false,,2026-05-30T01:01:50.327Z,,false,false,false,manual,1
es-ar,surveys,main/surveys/caregiverchildsurvey_SHORT.xliff::page11.q.childjukes.q.childjukesitems.col.1.text,true,false,,2026-05-30T01:01:51.078Z,,false,false,false,manual,1
es-ar,surveys,main/surveys/caregiverchildsurvey_SHORT.xliff::page11.q.childjukes.q.childjukesitems.col.2.text,true,false,,2026-05-30T01:01:54.040Z,,false,false,false,manual,1
es-ar,surveys,main/surveys/caregiverchildsurvey_SHORT.xliff::page11.q.childjukes.q.childjukesitems.col.3.text,true,false,,2026-05-30T01:01:55.445Z,,false,false,false,manual,1
es-ar,surveys,main/surveys/caregiverchildsurvey_SHORT.xliff::page11.q.childjukes.q.childjukesitems.row.childjukes1.text,true,false,,2026-05-30T01:02:04.591Z,,false,false,false,manual,1
es-ar,surveys,main/surveys/caregiverchildsurvey_SHORT.xliff::page11.q.childjukes.q.childjukesitems.row.childjukes3.text,true,false,,2026-05-30T01:02:11.807Z,,false,false,false,manual,1
es-ar,surveys,main/surveys/caregiverchildsurvey_SHORT.xliff::page11.q.childjukes.q.childjukesitems.row.childjukes6.text,true,false,,2026-05-30T01:02:14.929Z,,false,false,false,manual,1
es-ar,surveys,main/surveys/caregiverchildsurvey_SHORT.xliff::page11.q.childjukes.q.childjukesitems.row.childjukes9.text,true,false,,2026-05-30T01:02:24.191Z,,false,false,false,manual,1
es-ar,surveys,main/surveys/caregiverchildsurvey_SHORT.xliff::page11.q.childjukes.q.childjukesitems.row.childjukes10.text,true,false,,2026-05-30T01:02:42.318Z,,false,false,false,manual,1
es-ar,surveys,main/surveys/caregiverchildsurvey_SHORT.xliff::page11.q.childjukes.q.childjukesitems.row.childjukes12.text,true,false,,2026-05-30T01:02:46.759Z,,false,false,false,manual,1
es-ar,surveys,main/surveys/caregiverchildsurvey_SHORT.xliff::page11.q.childjukes.q.childjukesitems.row.childjukes19.text,true,false,,2026-05-30T01:02:51.718Z,,false,false,false,manual,1
es-ar,surveys,main/surveys/caregiverchildsurvey_SHORT.xliff::page12.q.caregiversectionintro3.html,true,false,,2026-05-30T01:02:57.252Z,,false,false,false,manual,1
es-ar,surveys,main/surveys/caregiverchildsurvey_SHORT.xliff::page12.q.childelsitems.col.0.text,true,false,,2026-05-30T01:03:26.853Z,,false,false,false,manual,1
es-ar,surveys,main/surveys/caregiverchildsurvey_SHORT.xliff::page12.q.childelsitems.col.1.text,true,false,,2026-05-30T01:03:28.144Z,,false,false,false,manual,1
es-ar,surveys,main/surveys/caregiverchildsurvey_SHORT.xliff::page12.q.childelsitems.col.2.text,true,false,,2026-05-30T01:03:29.255Z,,false,false,false,manual,1
es-ar,surveys,main/surveys/caregiverchildsurvey_SHORT.xliff::page12.q.childelsitems.row.childels1.text,true,false,,2026-05-30T01:03:31.788Z,,false,false,false,manual,1
es-ar,surveys,main/surveys/caregiverchildsurvey_SHORT.xliff::page12.q.childelsitems.row.childels2.text,true,false,,2026-05-30T01:03:38.828Z,,false,false,false,manual,1
es-ar,surveys,main/surveys/caregiverchildsurvey_SHORT.xliff::page12.q.childelsitems.row.childels3.text,true,false,,2026-05-30T01:03:46.291Z,,false,false,false,manual,1
es-ar,surveys,main/surveys/caregiverchildsurvey_SHORT.xliff::page12.q.childelsitems.row.childels4.text,true,false,,2026-05-30T01:03:52.279Z,,false,false,false,manual,1
es-ar,surveys,main/surveys/caregiverchildsurvey_SHORT.xliff::page12.q.childelsitems.row.childels5.text,true,false,,2026-05-30T01:03:57.762Z,,false,false,false,manual,1
es-ar,surveys,main/surveys/caregiverchildsurvey_SHORT.xliff::page12.q.childelsitems.row.childels6.text,true,false,,2026-05-30T01:04:00.016Z,,false,false,false,manual,1
es-ar,surveys,main/surveys/caregiverchildsurvey_SHORT.xliff::page12.q.childelsitems.row.childels7.text,true,false,,2026-05-30T01:04:03.484Z,,false,false,false,manual,1
es-ar,surveys,main/surveys/caregiverchildsurvey_SHORT.xliff::page12.q.childelsitems.row.childels8.text,true,false,,2026-05-30T01:04:05.262Z,,false,false,false,manual,1
es-ar,surveys,main/surveys/caregiverchildsurvey_SHORT.xliff::page12.q.childelsitems.row.childels9.text,true,false,,2026-05-30T01:04:08.837Z,,false,false,false,manual,1
es-ar,surveys,main/surveys/caregiverchildsurvey_SHORT.xliff::page12.q.childelsitems.row.childels10.text,true,false,,2026-05-30T01:04:12.628Z,,false,false,false,manual,1
es-ar,surveys,main/surveys/caregiverchildsurvey_SHORT.xliff::page12.q.childelsitems.row.childels11.text,true,false,,2026-05-30T01:04:16.363Z,,false,false,false,manual,1
es-ar,surveys,main/surveys/caregiverchildsurvey_SHORT.xliff::page12.q.childelsitems.row.childels12.text,true,false,,2026-05-30T01:05:47.921Z,,false,false,false,manual,1
es-ar,surveys,main/surveys/caregiverchildsurvey_SHORT.xliff::page12.q.childelsitems.row.childels13.text,true,false,,2026-05-30T01:05:59.784Z,,false,false,false,manual,1
es-ar,surveys,main/surveys/caregiverchildsurvey_SHORT.xliff::page12.q.childelsitems.row.childels14.text,true,false,,2026-05-30T01:06:03.017Z,,false,false,false,manual,1
es-ar,surveys,main/surveys/caregiverchildsurvey_SHORT.xliff::page12.q.childelsitems.row.childels15.text,true,false,,2026-05-30T01:06:05.633Z,,false,false,false,manual,1
es-ar,surveys,main/surveys/caregiverchildsurvey_SHORT.xliff::page12.q.childelsitems.row.childels16.text,true,false,,2026-05-30T01:06:07.978Z,,false,false,false,manual,1
es-ar,surveys,main/surveys/caregiverchildsurvey_SHORT.xliff::page12.q.childelsitems.row.childels17.text,true,false,,2026-05-30T01:06:10.890Z,,false,false,false,manual,1
es-ar,surveys,main/surveys/caregiverchildsurvey_SHORT.xliff::page12.q.childelsitems.row.childels18.text,true,false,,2026-05-30T01:06:18.976Z,,false,false,false,manual,1
es-ar,surveys,main/surveys/caregiverchildsurvey_SHORT.xliff::page13.q.childattendeckinder.q.childattendec.title,true,false,,2026-05-30T01:06:30.012Z,,false,false,false,manual,1
es-ar,surveys,main/surveys/caregiverchildsurvey_SHORT.xliff::page13.q.childattendeckinder.q.childattendec.labeltrue,true,false,,2026-05-30T01:06:31.058Z,,false,false,false,manual,1
es-ar,surveys,main/surveys/caregiverchildsurvey_SHORT.xliff::page13.q.childattendeckinder.q.childattendec.labelfalse,true,false,,2026-05-30T01:06:31.894Z,,false,false,false,manual,1
es-ar,surveys,main/surveys/caregiverchildsurvey_SHORT.xliff::page13.q.childattendeckinder.q.childattendkinder.title,true,false,,2026-05-30T01:06:42.401Z,,false,false,false,manual,1
es-ar,surveys,main/surveys/caregiverchildsurvey_SHORT.xliff::page13.q.childattendeckinder.q.childattendkinder.labeltrue,true,false,,2026-05-30T01:06:43.685Z,,false,false,false,manual,1
es-ar,surveys,main/surveys/caregiverchildsurvey_SHORT.xliff::page13.q.childattendeckinder.q.childattendkinder.labelfalse,true,false,,2026-05-30T01:06:44.686Z,,false,false,false,manual,1
es-ar,surveys,main/surveys/caregiverchildsurvey_SHORT.xliff::page13.q.childattendeckinder.q.childattendeckindertime.title,true,false,,2026-05-30T01:06:51.152Z,,false,false,false,manual,1
es-ar,surveys,main/surveys/caregiverchildsurvey_SHORT.xliff::page13.q.childattendeckinder.q.childattendeckindertime.choice.0.text,true,false,,2026-05-30T01:06:54.268Z,,false,false,false,manual,1
es-ar,surveys,main/surveys/caregiverchildsurvey_SHORT.xliff::page13.q.childattendeckinder.q.childattendeckindertime.choice.1.text,true,false,,2026-05-30T01:06:56.586Z,,false,false,false,manual,1
es-ar,surveys,main/surveys/caregiverchildsurvey_SHORT.xliff::page13.q.childattendeckinder.q.childattendeckindertime.choice.2.text,true,false,,2026-05-30T01:06:58.201Z,,false,false,false,manual,1
es-ar,surveys,main/surveys/caregiverchildsurvey_SHORT.xliff::page13.q.childattendeckinder.q.childattendeckindertime.choice.3.text,true,false,,2026-05-30T01:07:00.027Z,,false,false,false,manual,1
es-ar,surveys,main/surveys/caregiverchildsurvey_SHORT.xliff::page13.q.childattendeckinder.q.childattendeckindertime.choice.4.text,true,false,,2026-05-30T01:07:01.285Z,,false,false,false,manual,1
es-ar,surveys,main/surveys/caregiverchildsurvey_SHORT.xliff::page13.q.childattendeckinder.q.childattendeckindertime.choice.5.text,true,false,,2026-05-30T01:07:04.003Z,,false,false,false,manual,1
es-ar,surveys,main/surveys/caregiverchildsurvey_SHORT.xliff::page13.q.childattendeckinder.q.childattendprimaryage.title,true,false,,2026-05-30T01:07:16.621Z,,false,false,false,manual,1
es-ar,surveys,main/surveys/caregiverchildsurvey_SHORT.xliff::page13.q.childattendeckinder.q.childattendprimaryage.choice.1.text,true,false,,2026-05-30T01:07:17.950Z,,false,false,false,manual,1
es-ar,surveys,main/surveys/caregiverchildsurvey_SHORT.xliff::page13.q.childattendeckinder.q.childattendprimaryage.choice.2.text,true,false,,2026-05-30T01:07:19.120Z,,false,false,false,manual,1
es-ar,surveys,main/surveys/caregiverchildsurvey_SHORT.xliff::page13.q.childattendeckinder.q.childattendprimaryage.choice.3.text,true,false,,2026-05-30T01:07:21.170Z,,false,false,false,manual,1
es-ar,surveys,main/surveys/caregiverchildsurvey_SHORT.xliff::page13.q.childattendeckinder.q.childattendprimaryage.choice.4.text,true,false,,2026-05-30T01:07:22.729Z,,false,false,false,manual,1
es-ar,surveys,main/surveys/caregiverchildsurvey_SHORT.xliff::page13.q.childedachieve.title,true,false,,2026-05-30T01:07:28.564Z,,false,false,false,manual,1
es-ar,surveys,main/surveys/caregiverchildsurvey_SHORT.xliff::page13.q.childedachieve.choice.childedachieve1.text,true,false,,2026-05-30T01:07:30.830Z,,false,false,false,manual,1
es-ar,surveys,main/surveys/caregiverchildsurvey_SHORT.xliff::page13.q.childedachieve.choice.childedachieve2.text,true,false,,2026-05-30T01:07:41.360Z,,false,false,false,manual,1
es-ar,surveys,main/surveys/caregiverchildsurvey_SHORT.xliff::page13.q.childedachieve.choice.childedachieve3.text,true,false,,2026-05-30T01:07:47.196Z,,false,false,false,manual,1
es-ar,surveys,main/surveys/caregiverchildsurvey_SHORT.xliff::page13.q.childedachieve.choice.childedachieve4.text,true,false,,2026-05-30T01:07:57.251Z,,false,false,false,manual,1
es-ar,surveys,main/surveys/caregiverchildsurvey_SHORT.xliff::page13.q.childedachieve.choice.childedachieve5.text,true,false,,2026-05-30T01:08:01.105Z,,false,false,false,manual,1
es-ar,surveys,main/surveys/caregiverchildsurvey_SHORT.xliff::page13.q.childedachieve.choice.childedachieve6.text,true,false,,2026-05-30T01:08:06.651Z,,false,false,false,manual,1
es-ar,surveys,main/surveys/caregiverchildsurvey_SHORT.xliff::page13.q.childedachieve.choice.childedachieve7.text,true,false,,2026-05-30T01:08:09.510Z,,false,false,false,manual,1
es-ar,surveys,main/surveys/caregiverchildsurvey_SHORT.xliff::page13.q.childedachieve.choice.childedachieve8.text,true,false,,2026-05-30T01:08:11.747Z,,false,false,false,manual,1
es-ar,surveys,main/surveys/caregiverchildsurvey_SHORT.xliff::page13.q.childschool.q.childschoolitems.title,true,false,,2026-05-30T01:08:16.539Z,,false,false,false,manual,1
es-ar,surveys,main/surveys/caregiverchildsurvey_SHORT.xliff::page13.q.childschool.q.childschoolitems.col.0.text,true,false,,2026-05-30T01:08:17.915Z,,false,false,false,manual,1
es-ar,surveys,main/surveys/caregiverchildsurvey_SHORT.xliff::page13.q.childschool.q.childschoolitems.col.1.text,true,false,,2026-05-30T01:08:18.856Z,,false,false,false,manual,1
es-ar,surveys,main/surveys/caregiverchildsurvey_SHORT.xliff::page13.q.childschool.q.childschoolitems.col.2.text,true,false,,2026-05-30T01:08:22.850Z,,false,false,false,manual,1
es-ar,surveys,main/surveys/caregiverchildsurvey_SHORT.xliff::page13.q.childschool.q.childschoolitems.col.3.text,true,false,,2026-05-30T01:08:23.898Z,,false,false,false,manual,1
es-ar,surveys,main/surveys/caregiverchildsurvey_SHORT.xliff::page13.q.childschool.q.childschoolitems.row.childnschg10a.text,true,false,,2026-05-30T01:08:41.905Z,,false,false,false,manual,1
es-ar,surveys,main/surveys/caregiverchildsurvey_SHORT.xliff::page13.q.childschool.q.childschoolitems.row.childnschg10b.text,false,true,colegio vs. esquela - consistency,,2026-05-30T01:09:11.369Z,false,false,false,ai,0.2
es-ar,surveys,main/surveys/caregiverchildsurvey_SHORT.xliff::page13.q.childschool.q.childschoolitems.row.childnschg10d.text,false,true,colegio vs. esquela - consistency,,2026-05-30T01:09:15.119Z,false,false,false,ai,0.1
es-ar,surveys,main/surveys/caregiverchildsurvey_SHORT.xliff::page13.q.childdeviceuse.title,true,false,,2026-05-30T01:09:49.109Z,,false,false,false,manual,1
es-ar,surveys,main/surveys/caregiverchildsurvey_SHORT.xliff::page13.q.childdeviceuse.choice.1.text,true,false,,2026-05-30T01:09:51.714Z,,false,false,false,manual,1
es-ar,surveys,main/surveys/caregiverchildsurvey_SHORT.xliff::page13.q.childdeviceuse.choice.2.text,true,false,,2026-05-30T01:09:52.772Z,,false,false,false,manual,1
es-ar,surveys,main/surveys/caregiverchildsurvey_SHORT.xliff::page13.q.childdeviceuse.choice.3.text,true,false,,2026-05-30T01:09:54.943Z,,false,false,false,manual,1
es-ar,surveys,main/surveys/caregiverchildsurvey_SHORT.xliff::page13.q.childdeviceuse.choice.4.text,true,false,,2026-05-30T01:09:55.841Z,,false,false,false,manual,1
es-ar,surveys,main/surveys/caregiverchildsurvey_SHORT.xliff::page13.q.childdeviceuse.choice.5.text,true,false,,2026-05-30T01:09:57.093Z,,false,false,false,manual,1
es-ar,surveys,main/surveys/caregiverchildsurvey_SHORT.xliff::page13.q.childphone.title,true,false,,2026-05-30T01:09:59.869Z,,false,false,false,manual,1
es-ar,surveys,main/surveys/caregiverchildsurvey_SHORT.xliff::page13.q.childphone.labeltrue,true,false,,2026-05-30T01:10:01.710Z,,false,false,false,manual,1
es-ar,surveys,main/surveys/caregiverchildsurvey_SHORT.xliff::page13.q.childphone.labelfalse,true,false,,2026-05-30T01:10:02.574Z,,false,false,false,manual,1
es-ar,surveys,main/surveys/caregiverchildsurvey_SHORT.xliff::page13.q.childphoneage.title,true,false,,2026-05-30T01:10:11.626Z,,false,false,false,manual,1
es-ar,surveys,main/surveys/caregiverchildsurvey_SHORT.xliff::page13.q.childphoneage.placeholder,true,false,,2026-05-30T01:10:12.532Z,,false,false,false,manual,1
es-ar,surveys,main/surveys/caregiverchildsurvey_SHORT.xliff::page13.q.childsocialmedia.title,true,false,,2026-05-30T01:10:18.209Z,,false,false,false,manual,1
es-ar,surveys,main/surveys/caregiverchildsurvey_SHORT.xliff::page13.q.childsocialmedia.labeltrue,true,false,,2026-05-30T01:10:19.370Z,,false,false,false,manual,1
es-ar,surveys,main/surveys/caregiverchildsurvey_SHORT.xliff::page13.q.childsocialmedia.labelfalse,true,false,,2026-05-30T01:10:20.283Z,,false,false,false,manual,1
es-ar,surveys,main/surveys/caregiverchildsurvey_SHORT.xliff::page14.q.childefq.q.childefqintro.html,true,false,,2026-05-30T01:10:46.344Z,,false,false,false,manual,1
es-ar,surveys,main/surveys/caregiverchildsurvey_SHORT.xliff::page14.q.childefq.q.childefq1.title,true,false,,2026-05-30T01:11:04.795Z,,false,false,false,manual,1
es-ar,surveys,main/surveys/caregiverchildsurvey_SHORT.xliff::page14.q.childefq.q.childefq1.choice.4.text,true,false,,2026-05-30T01:11:54.539Z,,false,false,false,manual,1
es-ar,surveys,main/surveys/caregiverchildsurvey_SHORT.xliff::page14.q.childefq.q.childefq1.choice.3.text,true,false,,2026-05-30T01:11:55.569Z,,false,false,false,manual,1
es-ar,surveys,main/surveys/caregiverchildsurvey_SHORT.xliff::page14.q.childefq.q.childefq1.choice.2.text,true,false,,2026-05-30T01:11:56.498Z,,false,false,false,manual,1
es-ar,surveys,main/surveys/caregiverchildsurvey_SHORT.xliff::page14.q.childefq.q.childefq1.choice.1.text,true,false,,2026-05-30T01:11:57.481Z,,false,false,false,manual,1
es-ar,surveys,main/surveys/caregiverchildsurvey_SHORT.xliff::page14.q.childefq.q.childefq2.title,true,false,,2026-05-30T01:12:12.743Z,,false,false,false,manual,1
es-ar,surveys,main/surveys/caregiverchildsurvey_SHORT.xliff::page14.q.childefq.q.childefq13.title,true,false,,2026-05-30T01:12:19.197Z,,false,false,false,manual,1
es-ar,surveys,main/surveys/caregiverchildsurvey_SHORT.xliff::page14.q.childefq.q.childefq9.title,true,false,,2026-05-30T01:12:30.516Z,,false,false,false,manual,1
es-ar,surveys,main/surveys/caregiverchildsurvey_SHORT.xliff::page14.q.childefq.q.childefq15.title,true,false,,2026-05-30T01:12:52.494Z,,false,false,false,manual,1
es-ar,surveys,main/surveys/caregiverchildsurvey_SHORT.xliff::page15.q.caregiversectionintro4.html,true,false,,2026-05-30T01:13:01.262Z,,false,false,false,manual,1
es-ar,surveys,main/surveys/caregiverchildsurvey_SHORT.xliff::page15.q.homehomea.q.homehome1.title,true,false,,2026-05-30T01:13:11.209Z,,false,false,false,manual,1
es-ar,surveys,main/surveys/caregiverchildsurvey_SHORT.xliff::page15.q.homehomea.q.homehome1.choice.0.text,true,false,,2026-05-30T01:13:12.908Z,,false,false,false,manual,1
es-ar,surveys,main/surveys/caregiverchildsurvey_SHORT.xliff::page15.q.homehomea.q.homehome1.choice.4.text,true,false,,2026-05-30T01:13:17.913Z,,false,false,false,manual,1
es-ar,surveys,main/surveys/caregiverchildsurvey_SHORT.xliff::page15.q.homehomea.q.homehome2.title,true,false,,2026-05-30T01:13:33.184Z,,false,false,false,manual,1
es-ar,surveys,main/surveys/caregiverchildsurvey_SHORT.xliff::page15.q.homehomea.q.homehome2.choice.5.text,true,false,,2026-05-30T01:13:35.423Z,,false,false,false,manual,1
es-ar,surveys,main/surveys/caregiverchildsurvey_SHORT.xliff::page15.q.homehomea.q.homehome2.choice.4.text,true,false,,2026-05-30T01:13:37.107Z,,false,false,false,manual,1
es-ar,surveys,main/surveys/caregiverchildsurvey_SHORT.xliff::page15.q.homehomea.q.homehome2.choice.3.text,true,false,,2026-05-30T01:13:39.818Z,,false,false,false,manual,1
es-ar,surveys,main/surveys/caregiverchildsurvey_SHORT.xliff::page15.q.homehomea.q.homehome2.choice.2.text,true,false,,2026-05-30T01:13:41.419Z,,false,false,false,manual,1
es-ar,surveys,main/surveys/caregiverchildsurvey_SHORT.xliff::page15.q.homehomea.q.homehome2.choice.1.text,true,false,,2026-05-30T01:13:43.974Z,,false,false,false,manual,1
es-ar,surveys,main/surveys/caregiverchildsurvey_SHORT.xliff::page15.q.homehomea.q.homehome2.choice.0.text,true,false,,2026-05-30T01:13:45.952Z,,false,false,false,manual,1
es-ar,surveys,main/surveys/caregiverchildsurvey_SHORT.xliff::page15.q.homehomea.q.homehome3.title,true,false,,2026-05-30T01:14:21.253Z,,false,false,false,manual,1
es-ar,surveys,main/surveys/caregiverchildsurvey_SHORT.xliff::page15.q.homehomea.q.homehome3.placeholder,true,false,,2026-05-30T01:14:25.954Z,,false,false,false,manual,1
es-ar,surveys,main/surveys/caregiverchildsurvey_SHORT.xliff::page15.q.homehomea.q.homehome4.title,true,false,,2026-05-30T01:14:30.909Z,,false,false,false,manual,1
es-ar,surveys,main/surveys/caregiverchildsurvey_SHORT.xliff::page15.q.homehomea.q.homehome4.labeltrue,true,false,,2026-05-30T01:14:35.688Z,,false,false,false,manual,1
es-ar,surveys,main/surveys/caregiverchildsurvey_SHORT.xliff::page15.q.homehomea.q.homehome4.labelfalse,true,false,,2026-05-30T01:14:36.536Z,,false,false,false,manual,1
es-ar,surveys,main/surveys/caregiverchildsurvey_SHORT.xliff::page15.q.homehomea.q.homehome5.title,true,false,,2026-05-30T01:14:40.845Z,,false,false,false,manual,1
es-ar,surveys,main/surveys/caregiverchildsurvey_SHORT.xliff::page15.q.homehomea.q.homehome5.choice.5.text,true,false,,2026-05-30T01:14:43.135Z,,false,false,false,manual,1
es-ar,surveys,main/surveys/caregiverchildsurvey_SHORT.xliff::page15.q.homehomea.q.homehome5.choice.4.text,true,false,,2026-05-30T01:14:44.592Z,,false,false,false,manual,1
es-ar,surveys,main/surveys/caregiverchildsurvey_SHORT.xliff::page15.q.homehomea.q.homehome5.choice.3.text,true,false,,2026-05-30T01:14:47.867Z,,false,false,false,manual,1
es-ar,surveys,main/surveys/caregiverchildsurvey_SHORT.xliff::page15.q.homehomea.q.homehome5.choice.2.text,true,false,,2026-05-30T01:15:07.662Z,,false,false,false,manual,1
es-ar,surveys,main/surveys/caregiverchildsurvey_SHORT.xliff::page15.q.homehomea.q.homehome5.choice.1.text,true,false,,2026-05-30T01:15:16.581Z,,false,false,false,manual,1
es-ar,surveys,main/surveys/caregiverchildsurvey_SHORT.xliff::page15.q.homehomea.q.homehome6.title,true,false,,2026-05-30T01:15:28.329Z,,false,false,false,manual,1
es-ar,surveys,main/surveys/caregiverchildsurvey_SHORT.xliff::page15.q.homehomea.q.homehome6.choice.5.text,true,false,,2026-05-30T01:15:30.707Z,,false,false,false,manual,1
es-ar,surveys,main/surveys/caregiverchildsurvey_SHORT.xliff::page15.q.homehomea.q.homehome6.choice.4.text,true,false,,2026-05-30T01:15:32.895Z,,false,false,false,manual,1
es-ar,surveys,main/surveys/caregiverchildsurvey_SHORT.xliff::page15.q.homehomea.q.homehome6.choice.3.text,true,false,,2026-05-30T01:15:34.107Z,,false,false,false,manual,1
es-ar,surveys,main/surveys/caregiverchildsurvey_SHORT.xliff::page15.q.homehomea.q.homehome6.choice.2.text,true,false,,2026-05-30T01:15:37.079Z,,false,false,false,manual,1
es-ar,surveys,main/surveys/caregiverchildsurvey_SHORT.xliff::page15.q.homehomea.q.homehome6.choice.1.text,true,false,,2026-05-30T01:15:38.223Z,,false,false,false,manual,1
es-ar,surveys,main/surveys/caregiverchildsurvey_SHORT.xliff::page15.q.homehomea.q.homehome6.choice.0.text,true,false,,2026-05-30T01:15:39.573Z,,false,false,false,manual,1
es-ar,surveys,main/surveys/caregiverchildsurvey_SHORT.xliff::page15.q.homehomea.q.homehome7.title,true,false,,2026-05-30T01:15:45.840Z,,false,false,false,manual,1
es-ar,surveys,main/surveys/caregiverchildsurvey_SHORT.xliff::page15.q.homehomea.q.homehome7.choice.5.text,true,false,,2026-05-30T01:15:48.341Z,,false,false,false,manual,1
es-ar,surveys,main/surveys/caregiverchildsurvey_SHORT.xliff::page15.q.homehomea.q.homehome7.choice.4.text,true,false,,2026-05-30T01:15:49.458Z,,false,false,false,manual,1
es-ar,surveys,main/surveys/caregiverchildsurvey_SHORT.xliff::page15.q.homehomea.q.homehome7.choice.3.text,true,false,,2026-05-30T01:15:52.307Z,,false,false,false,manual,1
es-ar,surveys,main/surveys/caregiverchildsurvey_SHORT.xliff::page15.q.homehomea.q.homehome7.choice.2.text,true,false,,2026-05-30T01:15:53.462Z,,false,false,false,manual,1
es-ar,surveys,main/surveys/caregiverchildsurvey_SHORT.xliff::page15.q.homehomea.q.homehome7.choice.1.text,true,false,,2026-05-30T01:15:54.529Z,,false,false,false,manual,1
es-ar,surveys,main/surveys/caregiverchildsurvey_SHORT.xliff::page15.q.homehomea.q.homehome7.choice.0.text,true,false,,2026-05-30T01:15:56.214Z,,false,false,false,manual,1
es-ar,surveys,main/surveys/caregiverchildsurvey_SHORT.xliff::page15.q.homehomea.q.homehome15.title,true,false,,2026-05-30T01:16:01.424Z,,false,false,false,manual,1
es-ar,surveys,main/surveys/caregiverchildsurvey_SHORT.xliff::page15.q.homehomea.q.homehome15.labeltrue,true,false,,2026-05-30T01:16:02.355Z,,false,false,false,manual,1
es-ar,surveys,main/surveys/caregiverchildsurvey_SHORT.xliff::page15.q.homehomea.q.homehome15.labelfalse,true,false,,2026-05-30T01:16:03.224Z,,false,false,false,manual,1
es-ar,surveys,main/surveys/caregiverchildsurvey_SHORT.xliff::page15.q.homehomea.q.homehome23.title,true,false,,2026-05-30T01:16:08.346Z,,false,false,false,manual,1
es-ar,surveys,main/surveys/caregiverchildsurvey_SHORT.xliff::page15.q.homehomea.q.homehome23.labeltrue,true,false,,2026-05-30T01:16:10.375Z,,false,false,false,manual,1
es-ar,surveys,main/surveys/caregiverchildsurvey_SHORT.xliff::page15.q.homehomea.q.homehome23.labelfalse,true,false,,2026-05-30T01:16:11.291Z,,false,false,false,manual,1
es-ar,surveys,main/surveys/caregiverchildsurvey_SHORT.xliff::page16.q.homehomeb.q.homehome27.title,true,false,,2026-05-30T01:16:20.024Z,,false,false,false,manual,1
es-ar,surveys,main/surveys/caregiverchildsurvey_SHORT.xliff::page16.q.homehomeb.q.homehome27.choice.4.text,true,false,,2026-05-30T01:16:24.496Z,,false,false,false,manual,1
es-ar,surveys,main/surveys/caregiverchildsurvey_SHORT.xliff::page16.q.homehomeb.q.homehome27.choice.3.text,true,false,,2026-05-30T01:16:25.942Z,,false,false,false,manual,1
es-ar,surveys,main/surveys/caregiverchildsurvey_SHORT.xliff::page16.q.homehomeb.q.homehome27.choice.2.text,true,false,,2026-05-30T01:16:28.081Z,,false,false,false,manual,1
es-ar,surveys,main/surveys/caregiverchildsurvey_SHORT.xliff::page16.q.homehomeb.q.homehome27.choice.1.text,true,false,,2026-05-30T01:16:29.842Z,,false,false,false,manual,1
es-ar,surveys,main/surveys/caregiverchildsurvey_SHORT.xliff::page16.q.homehomeb.q.homehome27.choice.0.text,true,false,,2026-05-30T01:16:31.830Z,,false,false,false,manual,1
es-ar,surveys,main/surveys/caregiverchildsurvey_SHORT.xliff::page16.q.homehomeb.q.homehome29.title,true,false,,2026-05-30T01:16:34.949Z,,false,false,false,manual,1
es-ar,surveys,main/surveys/caregiverchildsurvey_SHORT.xliff::page16.q.homehomeb.q.homehome29.choice.4.text,true,false,,2026-05-30T01:16:36.210Z,,false,false,false,manual,1
es-ar,surveys,main/surveys/caregiverchildsurvey_SHORT.xliff::page16.q.homehomeb.q.homehome29.choice.3.text,true,false,,2026-05-30T01:16:37.643Z,,false,false,false,manual,1
es-ar,surveys,main/surveys/caregiverchildsurvey_SHORT.xliff::page16.q.homehomeb.q.homehome29.choice.2.text,true,false,,2026-05-30T01:16:39.215Z,,false,false,false,manual,1
es-ar,surveys,main/surveys/caregiverchildsurvey_SHORT.xliff::page16.q.homehomeb.q.homehome29.choice.1.text,true,false,,2026-05-30T01:16:41.592Z,,false,false,false,manual,1
es-ar,surveys,main/surveys/caregiverchildsurvey_SHORT.xliff::page16.q.homehomeb.q.homehome29.choice.0.text,true,false,,2026-05-30T01:16:42.748Z,,false,false,false,manual,1
es-ar,surveys,main/surveys/caregiverchildsurvey_SHORT.xliff::page16.q.homehomeb.q.homehome30.title,true,false,,2026-05-30T01:16:48.342Z,,false,false,false,manual,1
es-ar,surveys,main/surveys/caregiverchildsurvey_SHORT.xliff::page16.q.homehomeb.q.homehome30.labeltrue,true,false,,2026-05-30T01:16:50.331Z,,false,false,false,manual,1
es-ar,surveys,main/surveys/caregiverchildsurvey_SHORT.xliff::page16.q.homehomeb.q.homehome30.labelfalse,true,false,,2026-05-30T01:16:51.526Z,,false,false,false,manual,1
es-ar,surveys,main/surveys/caregiverchildsurvey_SHORT.xliff::page16.q.homehomeb.q.homehome31.title,true,false,,2026-05-30T01:16:57.377Z,,false,false,false,manual,1
es-ar,surveys,main/surveys/caregiverchildsurvey_SHORT.xliff::page16.q.homehomeb.q.homehome31.labeltrue,true,false,,2026-05-30T01:16:59.327Z,,false,false,false,manual,1
es-ar,surveys,main/surveys/caregiverchildsurvey_SHORT.xliff::page16.q.homehomeb.q.homehome31.labelfalse,true,false,,2026-05-30T01:17:00.682Z,,false,false,false,manual,1
es-ar,surveys,main/surveys/caregiverchildsurvey_SHORT.xliff::page16.q.homehomeb.q.homehome36.title,true,false,,2026-05-30T01:17:09.532Z,,false,false,false,manual,1
es-ar,surveys,main/surveys/caregiverchildsurvey_SHORT.xliff::page16.q.homehomeb.q.homehome36.choice.4.text,true,false,,2026-05-30T01:17:11.165Z,,false,false,false,manual,1
es-ar,surveys,main/surveys/caregiverchildsurvey_SHORT.xliff::page16.q.homehomeb.q.homehome36.choice.3.text,true,false,,2026-05-30T01:17:12.186Z,,false,false,false,manual,1
es-ar,surveys,main/surveys/caregiverchildsurvey_SHORT.xliff::page16.q.homehomeb.q.homehome36.choice.2.text,true,false,,2026-05-30T01:17:13.610Z,,false,false,false,manual,1
es-ar,surveys,main/surveys/caregiverchildsurvey_SHORT.xliff::page16.q.homehomeb.q.homehome36.choice.1.text,true,false,,2026-05-30T01:17:14.599Z,,false,false,false,manual,1
es-ar,surveys,main/surveys/caregiverchildsurvey_SHORT.xliff::page16.q.homehomeb.q.homehome36.choice.0.text,true,false,,2026-05-30T01:17:17.026Z,,false,false,false,manual,1
es-ar,surveys,main/surveys/caregiverchildsurvey_SHORT.xliff::page16.q.homehomeb.q.homehome38.title,false,true,colegio vs. esquela - consistency,,2026-05-30T01:18:00.959Z,false,false,false,ai,0.4
es-ar,surveys,main/surveys/caregiverchildsurvey_SHORT.xliff::page16.q.homehomeb.q.homehome38.choice.4.text,true,false,,2026-05-30T01:18:10.368Z,,false,false,false,manual,1
es-ar,surveys,main/surveys/caregiverchildsurvey_SHORT.xliff::page16.q.homehomeb.q.homehome38.choice.3.text,true,false,,2026-05-30T01:18:12.062Z,,false,false,false,manual,1
es-ar,surveys,main/surveys/caregiverchildsurvey_SHORT.xliff::page16.q.homehomeb.q.homehome38.choice.2.text,true,false,,2026-05-30T01:18:15.080Z,,false,false,false,manual,1
es-ar,surveys,main/surveys/caregiverchildsurvey_SHORT.xliff::page16.q.homehomeb.q.homehome38.choice.1.text,true,false,,2026-05-30T01:18:16.535Z,,false,false,false,manual,1
es-ar,surveys,main/surveys/caregiverchildsurvey_SHORT.xliff::page16.q.homehomeb.q.homehome38.choice.0.text,true,false,,2026-05-30T01:18:18.618Z,,false,false,false,manual,1
es-ar,surveys,main/surveys/caregiverchildsurvey_SHORT.xliff::HomeChildCareOthers,false,true,change to nino for consistency,,2026-05-30T01:18:30.823Z,false,false,false,ai,1
es-ar,surveys,main/surveys/caregiverchildsurvey_SHORT.xliff::page16.q.homehomeb.q.homehome25.choice.4.text,true,false,,2026-05-30T01:18:38.220Z,,false,false,false,manual,1
es-ar,surveys,main/surveys/caregiverchildsurvey_SHORT.xliff::page16.q.homehomeb.q.homehome25.choice.3.text,true,false,,2026-05-30T01:18:45.886Z,,false,false,false,manual,1
es-ar,surveys,main/surveys/caregiverchildsurvey_SHORT.xliff::page16.q.homehomeb.q.homehome25.choice.2.text,true,false,,2026-05-30T01:18:49.415Z,,false,false,false,manual,1
es-ar,surveys,main/surveys/caregiverchildsurvey_SHORT.xliff::page16.q.homehomeb.q.homehome25.choice.1.text,true,false,,2026-05-30T01:18:51.343Z,,false,false,false,manual,1
es-ar,surveys,main/surveys/caregiverchildsurvey_SHORT.xliff::page16.q.homehomeb.q.homehome25.choice.0.text,true,false,,2026-05-30T01:18:53.673Z,,false,false,false,manual,1
es-ar,surveys,main/surveys/caregiverchildsurvey_SHORT.xliff::page17.q.selfparentstressncshh9.title,true,false,,2026-05-30T01:19:00.474Z,,false,false,false,manual,1
es-ar,surveys,main/surveys/caregiverchildsurvey_SHORT.xliff::page17.q.selfparentstressncshh9.col.0.text,true,false,,2026-05-30T01:19:01.664Z,,false,false,false,manual,1
es-ar,surveys,main/surveys/caregiverchildsurvey_SHORT.xliff::page17.q.selfparentstressncshh9.col.1.text,true,false,,2026-05-30T01:19:04.554Z,,false,false,false,manual,1
es-ar,surveys,main/surveys/caregiverchildsurvey_SHORT.xliff::page17.q.selfparentstressncshh9.col.2.text,true,false,,2026-05-30T01:19:06.099Z,,false,false,false,manual,1
es-ar,surveys,main/surveys/caregiverchildsurvey_SHORT.xliff::page17.q.selfparentstressncshh9.col.3.text,true,false,,2026-05-30T01:19:07.131Z,,false,false,false,manual,1
es-ar,surveys,main/surveys/caregiverchildsurvey_SHORT.xliff::page17.q.selfparentstressncshh9.col.4.text,true,false,,2026-05-30T01:19:09.065Z,,false,false,false,manual,1
es-ar,surveys,main/surveys/caregiverchildsurvey_SHORT.xliff::page17.q.selfparentstressncshh9.row.selfparentstressnschh9a.text,true,false,,2026-05-30T01:19:15.657Z,,false,false,false,manual,1
es-ar,surveys,main/surveys/caregiverchildsurvey_SHORT.xliff::page17.q.selfparentstressncshh9.row.selfparentstressnschh9b.text,true,false,,2026-05-30T01:19:27.400Z,,false,false,false,manual,1
es-ar,surveys,main/surveys/caregiverchildsurvey_SHORT.xliff::page17.q.selfparentstressncshh9.row.selfparentstressnschh9c.text,true,false,,2026-05-30T01:19:30.717Z,,false,false,false,manual,1
es-ar,surveys,main/surveys/caregiverchildsurvey_SHORT.xliff::page18.q.selfparentrohner.title,true,false,,2026-05-30T01:20:02.334Z,,false,false,false,manual,1
es-ar,surveys,main/surveys/caregiverchildsurvey_SHORT.xliff::page18.q.selfparentrohner.col.1.text,true,false,,2026-05-30T01:20:10.856Z,,false,false,false,manual,1
es-ar,surveys,main/surveys/caregiverchildsurvey_SHORT.xliff::page18.q.selfparentrohner.col.2.text,true,false,,2026-05-30T01:20:12.140Z,,false,false,false,manual,1
es-ar,surveys,main/surveys/caregiverchildsurvey_SHORT.xliff::page18.q.selfparentrohner.col.3.text,true,false,,2026-05-30T01:20:13.267Z,,false,false,false,manual,1
es-ar,surveys,main/surveys/caregiverchildsurvey_SHORT.xliff::page18.q.selfparentrohner.col.4.text,true,false,,2026-05-30T01:20:14.518Z,,false,false,false,manual,1
es-ar,surveys,main/surveys/caregiverchildsurvey_SHORT.xliff::page18.q.selfparentrohner.row.selfparentrohnerc3.text,true,false,,2026-05-30T01:20:20.456Z,,false,false,false,manual,1
es-ar,surveys,main/surveys/caregiverchildsurvey_SHORT.xliff::page18.q.selfparentrohner.row.selfparentrohnerc7.text,false,true,nino/a? for consistency,,2026-05-30T01:24:40.265Z,false,false,false,ai,0.6
es-ar,surveys,main/surveys/caregiverchildsurvey_SHORT.xliff::page18.q.selfparentrohner.row.selfparentrohnerc14.text,true,false,,2026-05-30T01:25:49.006Z,,false,false,false,manual,1
es-ar,surveys,main/surveys/caregiverchildsurvey_SHORT.xliff::page18.q.selfparentrohner.row.selfparentrohnerw15.text,true,false,,2026-05-30T01:26:58.718Z,,false,false,false,manual,1
es-ar,surveys,main/surveys/caregiverchildsurvey_SHORT.xliff::page18.q.selfparentrohner.row.selfparentrohnerw21.text,true,false,,2026-05-30T01:27:06.392Z,,false,false,false,manual,1
es-ar,surveys,main/surveys/caregiverchildsurvey_SHORT.xliff::page18.q.selfparentrohner.row.selfparentrohnerw23.text,true,false,,2026-05-30T01:27:11.389Z,,false,false,false,manual,1
es-ar,surveys,main/surveys/caregiverchildsurvey_SHORT.xliff::page19.q.selfparentmics.title,true,false,,2026-05-30T01:27:30.901Z,,false,false,false,manual,1
es-ar,surveys,main/surveys/caregiverchildsurvey_SHORT.xliff::page19.q.selfparentmics.q.selfparentmics1.title,true,false,,2026-05-30T01:27:54.015Z,,false,false,false,manual,1
es-ar,surveys,main/surveys/caregiverchildsurvey_SHORT.xliff::page19.q.selfparentmics.q.selfparentmics1.labeltrue,true,false,,2026-05-30T01:27:55.636Z,,false,false,false,manual,1
es-ar,surveys,main/surveys/caregiverchildsurvey_SHORT.xliff::page19.q.selfparentmics.q.selfparentmics1.labelfalse,true,false,,2026-05-30T01:27:56.688Z,,false,false,false,manual,1
es-ar,surveys,main/surveys/caregiverchildsurvey_SHORT.xliff::page19.q.selfparentmics.q.selfparentmics2.title,true,false,,2026-05-30T01:28:08.191Z,,false,false,false,manual,1
es-ar,surveys,main/surveys/caregiverchildsurvey_SHORT.xliff::page19.q.selfparentmics.q.selfparentmics2.labeltrue,true,false,,2026-05-30T01:28:10.471Z,,false,false,false,manual,1
es-ar,surveys,main/surveys/caregiverchildsurvey_SHORT.xliff::page19.q.selfparentmics.q.selfparentmics2.labelfalse,true,false,,2026-05-30T01:28:11.304Z,,false,false,false,manual,1
es-ar,surveys,main/surveys/caregiverchildsurvey_SHORT.xliff::page19.q.selfparentmics.q.selfparentmics4.title,true,false,,2026-05-30T01:28:26.011Z,,false,false,false,manual,1
es-ar,surveys,main/surveys/caregiverchildsurvey_SHORT.xliff::page19.q.selfparentmics.q.selfparentmics4.labeltrue,true,false,,2026-05-30T01:28:30.821Z,,false,false,false,manual,1
es-ar,surveys,main/surveys/caregiverchildsurvey_SHORT.xliff::page19.q.selfparentmics.q.selfparentmics4.labelfalse,true,false,,2026-05-30T01:28:31.877Z,,false,false,false,manual,1
es-ar,surveys,main/surveys/caregiverchildsurvey_SHORT.xliff::page19.q.selfparentmics.q.selfparentmics12.title,false,true,nino/a?,,2026-05-30T01:29:45.006Z,false,false,false,ai,1
es-ar,surveys,main/surveys/caregiverchildsurvey_SHORT.xliff::page19.q.selfparentmics.q.selfparentmics12.labeltrue,true,false,,2026-05-30T01:29:52.948Z,,false,false,false,manual,1
es-ar,surveys,main/surveys/caregiverchildsurvey_SHORT.xliff::page19.q.selfparentmics.q.selfparentmics12.labelfalse,true,false,,2026-05-30T01:29:54.142Z,,false,false,false,manual,1
es-ar,surveys,main/surveys/caregiverchildsurvey_SHORT.xliff::page15.q.homehomea.q.homehome24.title,true,false,,2026-05-30T01:30:24.242Z,,false,false,false,manual,1
es-ar,surveys,main/surveys/caregiverchildsurvey_SHORT.xliff::page15.q.homehomea.q.homehome24.q.homehome24d.title,true,false,,2026-05-30T01:30:37.343Z,,false,false,false,manual,1
es-ar,surveys,main/surveys/caregiverchildsurvey_SHORT.xliff::page15.q.homehomea.q.homehome24.q.homehome24a.labeltrue,true,false,,2026-05-30T01:30:39.005Z,,false,false,false,manual,1
es-ar,surveys,main/surveys/caregiverchildsurvey_SHORT.xliff::page15.q.homehomea.q.homehome24.q.homehome24a.labelfalse,true,false,,2026-05-30T01:30:40.069Z,,false,false,false,manual,1
es-ar,surveys,main/surveys/caregiverchildsurvey_SHORT.xliff::page15.q.homehomea.q.homehome24.q.homehome24e.title,true,false,,2026-05-30T01:30:46.281Z,,false,false,false,manual,1
es-ar,surveys,main/surveys/caregiverchildsurvey_SHORT.xliff::page15.q.homehomea.q.homehome24.q.homehome24e.labeltrue,true,false,,2026-05-30T01:30:48.090Z,,false,false,false,manual,1
es-ar,surveys,main/surveys/caregiverchildsurvey_SHORT.xliff::page15.q.homehomea.q.homehome24.q.homehome24e.labelfalse,true,false,,2026-05-30T01:30:49.387Z,,false,false,false,manual,1
es-ar,surveys,main/surveys/caregiverchildsurvey_SHORT.xliff::page15.q.homehomea.q.homehome24.q.homehome24i.title,true,false,,2026-05-30T01:32:04.289Z,,false,false,false,manual,1
es-ar,surveys,main/surveys/caregiverchildsurvey_SHORT.xliff::page15.q.homehomea.q.homehome24.q.homehome24i.labeltrue,true,false,,2026-05-30T01:32:06.714Z,,false,false,false,manual,1
es-ar,surveys,main/surveys/caregiverchildsurvey_SHORT.xliff::page15.q.homehomea.q.homehome24.q.homehome24i.labelfalse,true,false,,2026-05-30T01:32:16.048Z,,false,false,false,manual,1
es-ar,surveys,main/surveys/caregiverchildsurvey_SHORT.xliff::page15.q.homehomea.q.homehome24.q.homehome24j.title,true,false,,2026-05-30T01:32:27.298Z,,false,false,false,manual,1
es-ar,surveys,main/surveys/caregiverfamilysurvey_SHORT.xliff::introduction.q.caregiversurveyintrob.html,true,false,,2026-05-29T21:36:48.825Z,,false,false,false,manual,1
es-ar,surveys,main/surveys/caregiverfamilysurvey_SHORT.xliff::page1.q.homeneighborhood.title,true,false,,,,false,false,false,manual,1
es-ar,surveys,main/surveys/caregiverfamilysurvey_SHORT.xliff::page1.q.homeneighborhood.q.homenschi7c.title,true,false,,,,false,false,false,manual,1
es-ar,surveys,main/surveys/caregiverfamilysurvey_SHORT.xliff::page1.q.homeneighborhood.q.homenschi7c.labeltrue,true,false,,,,false,false,false,manual,1
es-ar,surveys,main/surveys/caregiverfamilysurvey_SHORT.xliff::page1.q.homeneighborhood.q.homenschi7c.labelfalse,true,false,,,,false,false,false,manual,1
es-ar,surveys,main/surveys/caregiverfamilysurvey_SHORT.xliff::page1.q.homeneighborhood.q.homenschi7d.title,true,false,,,,false,false,false,manual,1
es-ar,surveys,main/surveys/caregiverfamilysurvey_SHORT.xliff::page1.q.homeneighborhood.q.homenschi7d.labeltrue,true,false,,,,false,false,false,manual,1
es-ar,surveys,main/surveys/caregiverfamilysurvey_SHORT.xliff::page1.q.homeneighborhood.q.homenschi7d.labelfalse,true,false,,,,false,false,false,manual,1
es-ar,surveys,main/surveys/caregiverfamilysurvey_SHORT.xliff::page1.q.homeneighborhood.q.homenschi7e.title,true,false,,,,false,false,false,manual,1
es-ar,surveys,main/surveys/caregiverfamilysurvey_SHORT.xliff::page1.q.homeneighborhood.q.homenschi7e.labeltrue,true,false,,,,false,false,false,manual,1
es-ar,surveys,main/surveys/caregiverfamilysurvey_SHORT.xliff::page1.q.homeneighborhood.q.homenschi7e.labelfalse,true,false,,,,false,false,false,manual,1
es-ar,surveys,main/surveys/caregiverfamilysurvey_SHORT.xliff::page1.q.homenschi8items.title,true,false,,,,false,false,false,manual,1
es-ar,surveys,main/surveys/caregiverfamilysurvey_SHORT.xliff::page1.q.homenschi8items.col.3.text,true,false,,,,false,false,false,manual,1
es-ar,surveys,main/surveys/caregiverfamilysurvey_SHORT.xliff::page1.q.homenschi8items.col.2.text,true,false,,,,false,false,false,manual,1
es-ar,surveys,main/surveys/caregiverfamilysurvey_SHORT.xliff::page1.q.homenschi8items.col.1.text,true,false,,,,false,false,false,manual,1
es-ar,surveys,main/surveys/caregiverfamilysurvey_SHORT.xliff::page1.q.homenschi8items.col.0.text,true,false,,,,false,false,false,manual,1
es-ar,surveys,main/surveys/caregiverfamilysurvey_SHORT.xliff::page1.q.homenschi8items.row.homenschi8a.text,true,false,,,,false,false,false,manual,1
es-ar,surveys,main/surveys/caregiverfamilysurvey_SHORT.xliff::page1.q.homenschi8items.row.homenschi8b.text,true,false,,,,false,false,false,manual,1
es-ar,surveys,main/surveys/caregiverfamilysurvey_SHORT.xliff::page1.q.homenschi8items.row.homenschi8c.text,true,false,,,,false,false,false,manual,1
es-ar,surveys,main/surveys/caregiverfamilysurvey_SHORT.xliff::page1.q.homefood.title,true,false,,,,false,false,false,manual,1
es-ar,surveys,main/surveys/caregiverfamilysurvey_SHORT.xliff::page1.q.homefood.q.homefoodlast.title,true,false,,,,false,false,false,manual,1
es-ar,surveys,main/surveys/caregiverfamilysurvey_SHORT.xliff::page1.q.homefood.q.homefoodlast.choice.0.text,true,false,,,,false,false,false,manual,1
es-ar,surveys,main/surveys/caregiverfamilysurvey_SHORT.xliff::page1.q.homefood.q.homefoodlast.choice.1.text,true,false,,,,false,false,false,manual,1
es-ar,surveys,main/surveys/caregiverfamilysurvey_SHORT.xliff::page1.q.homefood.q.homefoodlast.choice.2.text,true,false,,,,false,false,false,manual,1
es-ar,surveys,main/surveys/caregiverfamilysurvey_SHORT.xliff::page1.q.homefood.q.homefoodbalanced.title,true,false,,,,false,false,false,manual,1
es-ar,surveys,main/surveys/caregiverfamilysurvey_SHORT.xliff::page1.q.homefood.q.homefoodbalanced.choice.0.text,true,false,,,,false,false,false,manual,1
es-ar,surveys,main/surveys/caregiverfamilysurvey_SHORT.xliff::page1.q.homefood.q.homefoodbalanced.choice.1.text,true,false,,,,false,false,false,manual,1
es-ar,surveys,main/surveys/caregiverfamilysurvey_SHORT.xliff::page1.q.homefood.q.homefoodbalanced.choice.2.text,true,false,,,,false,false,false,manual,1
es-ar,surveys,main/surveys/caregiverfamilysurvey_SHORT.xliff::page1.q.homefood.q.homefoodskipmeal.title,true,false,,,,false,false,false,manual,1
es-ar,surveys,main/surveys/caregiverfamilysurvey_SHORT.xliff::page1.q.homefood.q.homefoodskipmeal.labeltrue,true,false,,,,false,false,false,manual,1
es-ar,surveys,main/surveys/caregiverfamilysurvey_SHORT.xliff::page1.q.homefood.q.homefoodskipmeal.labelfalse,true,false,,,,false,false,false,manual,1
es-ar,surveys,main/surveys/caregiverfamilysurvey_SHORT.xliff::page1.q.homefood.q.homefoodskipmealamount.title,true,false,,,,false,false,false,manual,1
es-ar,surveys,main/surveys/caregiverfamilysurvey_SHORT.xliff::page1.q.homefood.q.homefoodskipmealamount.choice.3.text,true,false,,,,false,false,false,manual,1
es-ar,surveys,main/surveys/caregiverfamilysurvey_SHORT.xliff::page1.q.homefood.q.homefoodskipmealamount.choice.2.text,true,false,,,,false,false,false,manual,1
es-ar,surveys,main/surveys/caregiverfamilysurvey_SHORT.xliff::page1.q.homefood.q.homefoodskipmealamount.choice.1.text,true,false,,,,false,false,false,manual,1
es-ar,surveys,main/surveys/caregiverfamilysurvey_SHORT.xliff::page2.q.homechaos.title,true,false,,,,false,false,false,manual,1
es-ar,surveys,main/surveys/caregiverfamilysurvey_SHORT.xliff::page2.q.homechaos.q.homechaos4.title,true,false,,,,false,false,false,manual,1
es-ar,surveys,main/surveys/caregiverfamilysurvey_SHORT.xliff::page2.q.homechaos.q.homechaos4.choice.0.text,true,false,,,,false,false,false,manual,1
es-ar,surveys,main/surveys/caregiverfamilysurvey_SHORT.xliff::page2.q.homechaos.q.homechaos4.choice.1.text,true,false,,,,false,false,false,manual,1
es-ar,surveys,main/surveys/caregiverfamilysurvey_SHORT.xliff::page2.q.homechaos.q.homechaos4.choice.2.text,true,false,,,,false,false,false,manual,1
es-ar,surveys,main/surveys/caregiverfamilysurvey_SHORT.xliff::page2.q.homechaos.q.homechaos4.choice.3.text,true,false,,,,false,false,false,manual,1
es-ar,surveys,main/surveys/caregiverfamilysurvey_SHORT.xliff::page2.q.homechaos.q.homechaos10.title,true,false,,,,false,false,false,manual,1
es-ar,surveys,main/surveys/caregiverfamilysurvey_SHORT.xliff::page2.q.homechaos.q.homechaos10.choice.0.text,true,false,,,,false,false,false,manual,1
es-ar,surveys,main/surveys/caregiverfamilysurvey_SHORT.xliff::page2.q.homechaos.q.homechaos10.choice.1.text,true,false,,,,false,false,false,manual,1
es-ar,surveys,main/surveys/caregiverfamilysurvey_SHORT.xliff::page2.q.homechaos.q.homechaos10.choice.2.text,true,false,,,,false,false,false,manual,1
es-ar,surveys,main/surveys/caregiverfamilysurvey_SHORT.xliff::page2.q.homechaos.q.homechaos10.choice.3.text,true,false,,,,false,false,false,manual,1
es-ar,surveys,main/surveys/caregiverfamilysurvey_SHORT.xliff::page2.q.homechaos.q.homechaos14.title,true,false,,,,false,false,false,manual,1
es-ar,surveys,main/surveys/caregiverfamilysurvey_SHORT.xliff::page2.q.homechaos.q.homechaos14.choice.0.text,true,false,,,,false,false,false,manual,1
es-ar,surveys,main/surveys/caregiverfamilysurvey_SHORT.xliff::page2.q.homechaos.q.homechaos14.choice.1.text,true,false,,,,false,false,false,manual,1
es-ar,surveys,main/surveys/caregiverfamilysurvey_SHORT.xliff::page2.q.homechaos.q.homechaos14.choice.2.text,true,false,,,,false,false,false,manual,1
es-ar,surveys,main/surveys/caregiverfamilysurvey_SHORT.xliff::page2.q.homechaos.q.homechaos14.choice.3.text,true,false,,,,false,false,false,manual,1
es-ar,surveys,main/surveys/caregiverfamilysurvey_SHORT.xliff::page2.q.homechaos.q.homechaos15.title,true,false,,,,false,false,false,manual,1
es-ar,surveys,main/surveys/caregiverfamilysurvey_SHORT.xliff::page2.q.homechaos.q.homechaos15.choice.0.text,true,false,,,,false,false,false,manual,1
es-ar,surveys,main/surveys/caregiverfamilysurvey_SHORT.xliff::page2.q.homechaos.q.homechaos15.choice.1.text,true,false,,,,false,false,false,manual,1
es-ar,surveys,main/surveys/caregiverfamilysurvey_SHORT.xliff::page2.q.homechaos.q.homechaos15.choice.2.text,true,false,,,,false,false,false,manual,1
es-ar,surveys,main/surveys/caregiverfamilysurvey_SHORT.xliff::page2.q.homechaos.q.homechaos15.choice.3.text,true,false,,,,false,false,false,manual,1
es-ar,surveys,main/surveys/caregiverfamilysurvey_SHORT.xliff::page3.q.selfanxdep.title,true,false,,,,false,false,false,manual,1
es-ar,surveys,main/surveys/caregiverfamilysurvey_SHORT.xliff::page3.q.selfanxdep.col.0.text,true,false,,,,false,false,false,manual,1
es-ar,surveys,main/surveys/caregiverfamilysurvey_SHORT.xliff::page3.q.selfanxdep.col.1.text,true,false,,,,false,false,false,manual,1
es-ar,surveys,main/surveys/caregiverfamilysurvey_SHORT.xliff::page3.q.selfanxdep.col.2.text,true,false,,,,false,false,false,manual,1
es-ar,surveys,main/surveys/caregiverfamilysurvey_SHORT.xliff::page3.q.selfanxdep.col.3.text,true,false,,,,false,false,false,manual,1
es-ar,surveys,main/surveys/caregiverfamilysurvey_SHORT.xliff::page3.q.selfanxdep.row.selfanxdep2.text,true,false,,,,false,false,false,manual,1
es-ar,surveys,main/surveys/caregiverfamilysurvey_SHORT.xliff::page3.q.selfanxdep.row.selfanxdep3.text,true,false,,,,false,false,false,manual,1
es-ar,surveys,main/surveys/caregiverfamilysurvey_SHORT.xliff::page3.q.selfanxdep.row.selfanxdep4.text,true,false,,,,false,false,false,manual,1
es-ar,surveys,main/surveys/caregiverfamilysurvey_SHORT.xliff::page3.q.selfsupport.title,true,false,,,,false,false,false,manual,1
es-ar,surveys,main/surveys/caregiverfamilysurvey_SHORT.xliff::page3.q.selfsupport.col.1.text,true,false,,,,false,false,false,manual,1
es-ar,surveys,main/surveys/caregiverfamilysurvey_SHORT.xliff::page3.q.selfsupport.col.2.text,true,true,should the same word be used for strongly agree and strongly disagree?,2026-05-29T21:40:26.379Z,,false,false,false,manual,1
es-ar,surveys,main/surveys/caregiverfamilysurvey_SHORT.xliff::page3.q.selfsupport.col.3.text,true,false,,,,false,false,false,manual,1
es-ar,surveys,main/surveys/caregiverfamilysurvey_SHORT.xliff::page3.q.selfsupport.col.5.text,true,false,,,,false,false,false,manual,1
es-ar,surveys,main/surveys/caregiverfamilysurvey_SHORT.xliff::page3.q.selfsupport.col.6.text,true,true,should the same word be used for strongly agree and strongly disagree?,2026-05-29T21:40:24.418Z,,false,false,false,manual,1
es-ar,surveys,main/surveys/caregiverfamilysurvey_SHORT.xliff::page3.q.selfsupport.col.7.text,true,false,,,,false,false,false,manual,1
es-ar,surveys,main/surveys/caregiverfamilysurvey_SHORT.xliff::page3.q.selfsupport.row.selfsupport1.text,true,false,,,,false,false,false,manual,1
es-ar,surveys,main/surveys/caregiverfamilysurvey_SHORT.xliff::page3.q.selfsupport.row.selfsupport2.text,true,false,,,,false,false,false,manual,1
es-ar,surveys,main/surveys/caregiverfamilysurvey_SHORT.xliff::page3.q.selfsupport.row.selfsupport5.text,true,false,,,,false,false,false,manual,1
es-ar,surveys,main/surveys/caregiverfamilysurvey_SHORT.xliff::page3.q.selfsupport.row.selfsupport6.text,true,false,,,,false,false,false,manual,1
es-ar,surveys,main/surveys/caregiverfamilysurvey_SHORT.xliff::page3.q.selfsupport.row.selfsupport7.text,true,false,,,,false,false,false,manual,1
es-ar,surveys,main/surveys/caregiverfamilysurvey_SHORT.xliff::page3.q.selfsupport.row.selfsupport8.text,true,false,,,,false,false,false,manual,1
es-ar,surveys,main/surveys/caregiverfamilysurvey_SHORT.xliff::page3.q.selfsupport.row.selfsupport9.text,true,false,,,,false,false,false,manual,1
es-ar,surveys,main/surveys/caregiverfamilysurvey_SHORT.xliff::page3.q.selfsupport.row.selfsupport11.text,true,false,,,,false,false,false,manual,1
es-ar,surveys,main/surveys/caregiverfamilysurvey_SHORT.xliff::page3.q.selfdiscrim.title,true,false,,,,false,false,false,manual,1
es-ar,surveys,main/surveys/caregiverfamilysurvey_SHORT.xliff::page3.q.selfdiscrim.col.0.text,true,false,,,,false,false,false,manual,1
es-ar,surveys,main/surveys/caregiverfamilysurvey_SHORT.xliff::page3.q.selfdiscrim.col.1.text,true,false,,,,false,false,false,manual,1
es-ar,surveys,main/surveys/caregiverfamilysurvey_SHORT.xliff::page3.q.selfdiscrim.col.2.text,true,false,,,,false,false,false,manual,1
es-ar,surveys,main/surveys/caregiverfamilysurvey_SHORT.xliff::page3.q.selfdiscrim.col.3.text,true,false,,,,false,false,false,manual,1
es-ar,surveys,main/surveys/caregiverfamilysurvey_SHORT.xliff::page3.q.selfdiscrim.col.4.text,true,false,,,,false,false,false,manual,1
es-ar,surveys,main/surveys/caregiverfamilysurvey_SHORT.xliff::page3.q.selfdiscrim.col.5.text,true,false,,,,false,false,false,manual,1
es-ar,surveys,main/surveys/caregiverfamilysurvey_SHORT.xliff::page3.q.selfdiscrim.row.selfdiscrim1.text,true,false,,,,false,false,false,manual,1
es-ar,surveys,main/surveys/caregiverfamilysurvey_SHORT.xliff::page3.q.selfdiscrim.row.selfdiscrim3.text,true,false,,2026-05-29T21:40:46.702Z,,false,false,false,manual,1
es-ar,surveys,main/surveys/caregiverfamilysurvey_SHORT.xliff::page3.q.selfdiscrim.row.selfdiscrim5.text,true,false,,,,false,false,false,manual,1
es-ar,surveys,main/surveys/caregiverfamilysurvey_SHORT.xliff::page4.q.selflifechanges.title,true,false,,,,false,false,false,manual,1
es-ar,surveys,main/surveys/caregiverfamilysurvey_SHORT.xliff::page4.q.selflifechanges.q.selflifechangeshealth.title,true,false,,,,false,false,false,manual,1
es-ar,surveys,main/surveys/caregiverfamilysurvey_SHORT.xliff::page4.q.selflifechanges.q.selflifechangeshealth.q.selflifechanges1.title,true,false,,,,false,false,false,manual,1
es-ar,surveys,main/surveys/caregiverfamilysurvey_SHORT.xliff::page4.q.selflifechanges.q.selflifechangeshealth.q.selflifechanges1.labeltrue,true,false,,,,false,false,false,manual,1
es-ar,surveys,main/surveys/caregiverfamilysurvey_SHORT.xliff::page4.q.selflifechanges.q.selflifechangeshealth.q.selflifechanges1.labelfalse,true,false,,,,false,false,false,manual,1
es-ar,surveys,main/surveys/caregiverfamilysurvey_SHORT.xliff::page4.q.selflifechanges.q.selflifechangeswork.title,true,false,,,,false,false,false,manual,1
es-ar,surveys,main/surveys/caregiverfamilysurvey_SHORT.xliff::page4.q.selflifechanges.q.selflifechangeswork.q.selflifechanges7.title,true,false,,,,false,false,false,manual,1
es-ar,surveys,main/surveys/caregiverfamilysurvey_SHORT.xliff::page4.q.selflifechanges.q.selflifechangeswork.q.selflifechanges7.labeltrue,true,false,,,,false,false,false,manual,1
es-ar,surveys,main/surveys/caregiverfamilysurvey_SHORT.xliff::page4.q.selflifechanges.q.selflifechangeswork.q.selflifechanges7.labelfalse,true,false,,,,false,false,false,manual,1
es-ar,surveys,main/surveys/caregiverfamilysurvey_SHORT.xliff::page4.q.selflifechanges.q.selflifechangeswork.q.selflifechanges18.title,true,false,,,,false,false,false,manual,1
es-ar,surveys,main/surveys/caregiverfamilysurvey_SHORT.xliff::page4.q.selflifechanges.q.selflifechangeswork.q.selflifechanges18.labeltrue,true,false,,,,false,false,false,manual,1
es-ar,surveys,main/surveys/caregiverfamilysurvey_SHORT.xliff::page4.q.selflifechanges.q.selflifechangeswork.q.selflifechanges18.labelfalse,true,false,,,,false,false,false,manual,1
es-ar,surveys,main/surveys/caregiverfamilysurvey_SHORT.xliff::page4.q.selflifechanges.q.selflifechangeswork.q.selflifechanges19.title,true,false,,,,false,false,false,manual,1
es-ar,surveys,main/surveys/caregiverfamilysurvey_SHORT.xliff::page4.q.selflifechanges.q.selflifechangeswork.q.selflifechanges19.labeltrue,true,false,,,,false,false,false,manual,1
es-ar,surveys,main/surveys/caregiverfamilysurvey_SHORT.xliff::page4.q.selflifechanges.q.selflifechangeswork.q.selflifechanges19.labelfalse,true,false,,,,false,false,false,manual,1
es-ar,surveys,main/surveys/caregiverfamilysurvey_SHORT.xliff::page4.q.selflifechanges.q.selflifechangeswork.q.selflifechanges20.title,true,false,,,,false,false,false,manual,1
es-ar,surveys,main/surveys/caregiverfamilysurvey_SHORT.xliff::page4.q.selflifechanges.q.selflifechangeswork.q.selflifechanges20.labeltrue,true,false,,,,false,false,false,manual,1
es-ar,surveys,main/surveys/caregiverfamilysurvey_SHORT.xliff::page4.q.selflifechanges.q.selflifechangeswork.q.selflifechanges20.labelfalse,true,false,,,,false,false,false,manual,1
es-ar,surveys,main/surveys/caregiverfamilysurvey_SHORT.xliff::page4.q.selflifechanges.q.selflifechangeswork.q.selflifechanges21.title,true,false,,,,false,false,false,manual,1
es-ar,surveys,main/surveys/caregiverfamilysurvey_SHORT.xliff::page4.q.selflifechanges.q.selflifechangeswork.q.selflifechanges21.labeltrue,true,false,,,,false,false,false,manual,1
es-ar,surveys,main/surveys/caregiverfamilysurvey_SHORT.xliff::page4.q.selflifechanges.q.selflifechangeswork.q.selflifechanges21.labelfalse,true,false,,,,false,false,false,manual,1
es-ar,surveys,main/surveys/caregiverfamilysurvey_SHORT.xliff::page4.q.selflifechanges.q.selflifechangeshome.title,true,false,,,,false,false,false,manual,1
es-ar,surveys,main/surveys/caregiverfamilysurvey_SHORT.xliff::page4.q.selflifechanges.q.selflifechangeshome.q.selflifechanges27.title,true,false,,,,false,false,false,manual,1
es-ar,surveys,main/surveys/caregiverfamilysurvey_SHORT.xliff::page4.q.selflifechanges.q.selflifechangeshome.q.selflifechanges27.labeltrue,true,false,,,,false,false,false,manual,1
es-ar,surveys,main/surveys/caregiverfamilysurvey_SHORT.xliff::page4.q.selflifechanges.q.selflifechangeshome.q.selflifechanges27.labelfalse,true,false,,,,false,false,false,manual,1
es-ar,surveys,main/surveys/caregiverfamilysurvey_SHORT.xliff::page4.q.selflifechanges.q.selflifechangeshome.q.selflifechanges28.title,true,false,,,,false,false,false,manual,1
es-ar,surveys,main/surveys/caregiverfamilysurvey_SHORT.xliff::page4.q.selflifechanges.q.selflifechangeshome.q.selflifechanges28.labeltrue,true,false,,,,false,false,false,manual,1
es-ar,surveys,main/surveys/caregiverfamilysurvey_SHORT.xliff::page4.q.selflifechanges.q.selflifechangeshome.q.selflifechanges28.labelfalse,true,false,,,,false,false,false,manual,1
es-ar,surveys,main/surveys/caregiverfamilysurvey_SHORT.xliff::page4.q.selflifechanges.q.selflifechangeshome.q.selflifechanges29.title,true,false,,,,false,false,false,manual,1
es-ar,surveys,main/surveys/caregiverfamilysurvey_SHORT.xliff::page4.q.selflifechanges.q.selflifechangeshome.q.selflifechanges29.labeltrue,true,false,,,,false,false,false,manual,1
es-ar,surveys,main/surveys/caregiverfamilysurvey_SHORT.xliff::page4.q.selflifechanges.q.selflifechangeshome.q.selflifechanges29.labelfalse,true,false,,,,false,false,false,manual,1
es-ar,surveys,main/surveys/caregiverfamilysurvey_SHORT.xliff::page4.q.selflifechanges.q.selflifechangeshome.q.selflifechanges31.title,true,false,,,,false,false,false,manual,1
es-ar,surveys,main/surveys/caregiverfamilysurvey_SHORT.xliff::page4.q.selflifechanges.q.selflifechangeshome.q.selflifechanges31.labeltrue,true,false,,,,false,false,false,manual,1
es-ar,surveys,main/surveys/caregiverfamilysurvey_SHORT.xliff::page4.q.selflifechanges.q.selflifechangeshome.q.selflifechanges31.labelfalse,true,false,,,,false,false,false,manual,1
es-ar,surveys,main/surveys/caregiverfamilysurvey_SHORT.xliff::page4.q.selflifechanges.q.selflifechangeshome.q.selflifechanges32.title,true,false,,,,false,false,false,manual,1
es-ar,surveys,main/surveys/caregiverfamilysurvey_SHORT.xliff::page4.q.selflifechanges.q.selflifechangeshome.q.selflifechanges32.labeltrue,true,false,,,,false,false,false,manual,1
es-ar,surveys,main/surveys/caregiverfamilysurvey_SHORT.xliff::page4.q.selflifechanges.q.selflifechangeshome.q.selflifechanges32.labelfalse,true,false,,,,false,false,false,manual,1
es-ar,surveys,main/surveys/caregiverfamilysurvey_SHORT.xliff::page4.q.selflifechanges.q.selflifechangeshome.q.selflifechanges33.title,true,false,,,,false,false,false,manual,1
es-ar,surveys,main/surveys/caregiverfamilysurvey_SHORT.xliff::page4.q.selflifechanges.q.selflifechangeshome.q.selflifechanges33.labeltrue,true,false,,,,false,false,false,manual,1
es-ar,surveys,main/surveys/caregiverfamilysurvey_SHORT.xliff::page4.q.selflifechanges.q.selflifechangeshome.q.selflifechanges33.labelfalse,true,false,,,,false,false,false,manual,1
es-ar,surveys,main/surveys/caregiverfamilysurvey_SHORT.xliff::page4.q.selflifechanges.q.selflifechangeshome.q.selflifechanges38.title,true,false,,,,false,false,false,manual,1
es-ar,surveys,main/surveys/caregiverfamilysurvey_SHORT.xliff::page4.q.selflifechanges.q.selflifechangeshome.q.selflifechanges38.labeltrue,true,false,,,,false,false,false,manual,1
es-ar,surveys,main/surveys/caregiverfamilysurvey_SHORT.xliff::page4.q.selflifechanges.q.selflifechangeshome.q.selflifechanges38.labelfalse,true,false,,,,false,false,false,manual,1
es-ar,surveys,main/surveys/caregiverfamilysurvey_SHORT.xliff::page4.q.selflifechanges.q.selflifechangeshome.q.selflifechanges40.title,true,false,,,,false,false,false,manual,1
es-ar,surveys,main/surveys/caregiverfamilysurvey_SHORT.xliff::page4.q.selflifechanges.q.selflifechangeshome.q.selflifechanges40.labeltrue,true,false,,,,false,false,false,manual,1
es-ar,surveys,main/surveys/caregiverfamilysurvey_SHORT.xliff::page4.q.selflifechanges.q.selflifechangeshome.q.selflifechanges40.labelfalse,true,false,,,,false,false,false,manual,1
es-ar,surveys,main/surveys/caregiverfamilysurvey_SHORT.xliff::page4.q.selflifechanges.q.selflifechangeshome.q.selflifechanges41.title,true,false,,,,false,false,false,manual,1
es-ar,surveys,main/surveys/caregiverfamilysurvey_SHORT.xliff::page4.q.selflifechanges.q.selflifechangeshome.q.selflifechanges41.labeltrue,true,false,,,,false,false,false,manual,1
es-ar,surveys,main/surveys/caregiverfamilysurvey_SHORT.xliff::page4.q.selflifechanges.q.selflifechangeshome.q.selflifechanges41.labelfalse,true,false,,,,false,false,false,manual,1
es-ar,surveys,main/surveys/caregiverfamilysurvey_SHORT.xliff::page4.q.selflifechanges.q.selflifechangeshome.q.selflifechanges42.title,true,false,,,,false,false,false,manual,1
es-ar,surveys,main/surveys/caregiverfamilysurvey_SHORT.xliff::page4.q.selflifechanges.q.selflifechangeshome.q.selflifechanges42.labeltrue,true,false,,,,false,false,false,manual,1
es-ar,surveys,main/surveys/caregiverfamilysurvey_SHORT.xliff::page4.q.selflifechanges.q.selflifechangeshome.q.selflifechanges42.labelfalse,true,false,,,,false,false,false,manual,1
es-ar,surveys,main/surveys/caregiverfamilysurvey_SHORT.xliff::page4.q.selflifechanges.q.selflifechangeshome.q.selflifechanges43.title,true,false,,,,false,false,false,manual,1
es-ar,surveys,main/surveys/caregiverfamilysurvey_SHORT.xliff::page4.q.selflifechanges.q.selflifechangeshome.q.selflifechanges43.labeltrue,true,false,,,,false,false,false,manual,1
es-ar,surveys,main/surveys/caregiverfamilysurvey_SHORT.xliff::page4.q.selflifechanges.q.selflifechangeshome.q.selflifechanges43.labelfalse,true,false,,,,false,false,false,manual,1
es-ar,surveys,main/surveys/caregiverfamilysurvey_SHORT.xliff::page4.q.selflifechanges.q.selflifechangeshome.q.selflifechanges44.title,true,false,,,,false,false,false,manual,1
es-ar,surveys,main/surveys/caregiverfamilysurvey_SHORT.xliff::page4.q.selflifechanges.q.selflifechangeshome.q.selflifechanges44.labeltrue,true,false,,,,false,false,false,manual,1
es-ar,surveys,main/surveys/caregiverfamilysurvey_SHORT.xliff::page4.q.selflifechanges.q.selflifechangeshome.q.selflifechanges44.labelfalse,true,false,,,,false,false,false,manual,1
es-ar,surveys,main/surveys/caregiverfamilysurvey_SHORT.xliff::page4.q.selflifechanges.q.selflifechangeshome.q.selflifechanges46.title,true,false,,,,false,false,false,manual,1
es-ar,surveys,main/surveys/caregiverfamilysurvey_SHORT.xliff::page4.q.selflifechanges.q.selflifechangeshome.q.selflifechanges46.labeltrue,true,false,,,,false,false,false,manual,1
es-ar,surveys,main/surveys/caregiverfamilysurvey_SHORT.xliff::page4.q.selflifechanges.q.selflifechangeshome.q.selflifechanges46.labelfalse,true,false,,,,false,false,false,manual,1
es-ar,surveys,main/surveys/caregiverfamilysurvey_SHORT.xliff::page4.q.selflifechanges.q.selflifechangeshome.q.selflifechanges47.title,true,false,,,,false,false,false,manual,1
es-ar,surveys,main/surveys/caregiverfamilysurvey_SHORT.xliff::page4.q.selflifechanges.q.selflifechangeshome.q.selflifechanges47.labeltrue,true,false,,,,false,false,false,manual,1
es-ar,surveys,main/surveys/caregiverfamilysurvey_SHORT.xliff::page4.q.selflifechanges.q.selflifechangeshome.q.selflifechanges47.labelfalse,true,false,,,,false,false,false,manual,1
es-ar,surveys,main/surveys/caregiverfamilysurvey_SHORT.xliff::page4.q.selflifechanges.q.selflifechangeshome.q.selflifechanges48.title,true,false,,,,false,false,false,manual,1
es-ar,surveys,main/surveys/caregiverfamilysurvey_SHORT.xliff::page4.q.selflifechanges.q.selflifechangeshome.q.selflifechanges48.labeltrue,true,false,,,,false,false,false,manual,1
es-ar,surveys,main/surveys/caregiverfamilysurvey_SHORT.xliff::page4.q.selflifechanges.q.selflifechangeshome.q.selflifechanges48.labelfalse,true,false,,,,false,false,false,manual,1
es-ar,surveys,main/surveys/caregiverfamilysurvey_SHORT.xliff::page4.q.selflifechanges.q.selflifechangeshome.q.selflifechanges49.title,true,false,,,,false,false,false,manual,1
es-ar,surveys,main/surveys/caregiverfamilysurvey_SHORT.xliff::page4.q.selflifechanges.q.selflifechangeshome.q.selflifechanges49.labeltrue,true,false,,,,false,false,false,manual,1
es-ar,surveys,main/surveys/caregiverfamilysurvey_SHORT.xliff::page4.q.selflifechanges.q.selflifechangeshome.q.selflifechanges49.labelfalse,true,false,,,,false,false,false,manual,1
es-ar,surveys,main/surveys/caregiverfamilysurvey_SHORT.xliff::page4.q.selflifechanges.q.selflifechangespersonal.title,true,false,,,,false,false,false,manual,1
es-ar,surveys,main/surveys/caregiverfamilysurvey_SHORT.xliff::page4.q.selflifechanges.q.selflifechangespersonal.q.selflifechanges65.title,true,false,,,,false,false,false,manual,1
es-ar,surveys,main/surveys/caregiverfamilysurvey_SHORT.xliff::page4.q.selflifechanges.q.selflifechangespersonal.q.selflifechanges65.labeltrue,true,false,,,,false,false,false,manual,1
es-ar,surveys,main/surveys/caregiverfamilysurvey_SHORT.xliff::page4.q.selflifechanges.q.selflifechangespersonal.q.selflifechanges65.labelfalse,true,false,,,,false,false,false,manual,1
es-ar,surveys,main/surveys/caregiverfamilysurvey_SHORT.xliff::page4.q.selflifechanges.q.selflifechangespersonal.q.selflifechanges66.title,true,false,,,,false,false,false,manual,1
es-ar,surveys,main/surveys/caregiverfamilysurvey_SHORT.xliff::page4.q.selflifechanges.q.selflifechangespersonal.q.selflifechanges66.labeltrue,true,false,,,,false,false,false,manual,1
es-ar,surveys,main/surveys/caregiverfamilysurvey_SHORT.xliff::page4.q.selflifechanges.q.selflifechangespersonal.q.selflifechanges66.labelfalse,true,false,,,,false,false,false,manual,1
es-ar,surveys,main/surveys/caregiverfamilysurvey_SHORT.xliff::page4.q.selflifechanges.q.selflifechangesfinancial.title,true,false,,,,false,false,false,manual,1
es-ar,surveys,main/surveys/caregiverfamilysurvey_SHORT.xliff::page4.q.selflifechanges.q.selflifechangesfinancial.q.selflifechanges69.title,true,false,,,,false,false,false,manual,1
es-ar,surveys,main/surveys/caregiverfamilysurvey_SHORT.xliff::page4.q.selflifechanges.q.selflifechangesfinancial.q.selflifechanges69.labeltrue,true,false,,,,false,false,false,manual,1
es-ar,surveys,main/surveys/caregiverfamilysurvey_SHORT.xliff::page4.q.selflifechanges.q.selflifechangesfinancial.q.selflifechanges69.labelfalse,true,false,,,,false,false,false,manual,1
es-ar,surveys,main/surveys/caregiverfamilysurvey_SHORT.xliff::page4.q.selflifechanges.q.selflifechangesfinancial.q.selflifechanges70.title,true,false,,,,false,false,false,manual,1
es-ar,surveys,main/surveys/caregiverfamilysurvey_SHORT.xliff::page4.q.selflifechanges.q.selflifechangesfinancial.q.selflifechanges70.labeltrue,true,false,,,,false,false,false,manual,1
es-ar,surveys,main/surveys/caregiverfamilysurvey_SHORT.xliff::page4.q.selflifechanges.q.selflifechangesfinancial.q.selflifechanges70.labelfalse,true,false,,,,false,false,false,manual,1
es-ar,surveys,main/surveys/caregiverfamilysurvey_SHORT.xliff::page4.q.selflifechanges.q.selflifechangesfinancial.q.selflifechanges74.title,true,false,,,,false,false,false,manual,1
es-ar,surveys,main/surveys/caregiverfamilysurvey_SHORT.xliff::page4.q.selflifechanges.q.selflifechangesfinancial.q.selflifechanges74.labeltrue,true,false,,2026-05-29T21:41:03.631Z,,false,false,false,manual,1
es-ar,surveys,main/surveys/caregiverfamilysurvey_SHORT.xliff::page4.q.selflifechanges.q.selflifechangesfinancial.q.selflifechanges74.labelfalse,true,false,,,,false,false,false,manual,1
es-ar,surveys,main/surveys/caregiverfamilysurvey_SHORT.xliff::page5.q.selfmcarthurcountry.title,true,false,,,,false,false,false,manual,1
es-ar,surveys,main/surveys/caregiverfamilysurvey_SHORT.xliff::page5.q.selfmcarthurcommunity.title,true,false,,,,false,false,false,manual,1
es-ar,dashboard,main/dashboard/components/participant-sidebar-translations.csv::components/participant-sidebar.studentInfo,false,true,"should apply to anyone who might participate, not just students.",,,false,false,false,ai,0.6
es-ar,dashboard,main/dashboard/components/participant-sidebar-translations.csv::components/participant-sidebar.grade,true,false,,,,false,false,false,manual,1
es-ar,same-and-different,main/itembank_by_task/same-and-different.xliff::same-different-selection-touch-large-v2,true,false,,2026-06-09T21:42:33.187Z,,false,false,false,manual,1
es-ar,same-and-different,main/itembank_by_task/same-and-different.xliff::same-different-selection-touch-3-v2,true,false,,2026-06-09T21:42:38.312Z,,false,false,false,manual,1
es-ar,same-and-different,main/itembank_by_task/same-and-different.xliff::same-different-selection-touch-medium-v2,true,false,,2026-06-09T21:42:40.223Z,,false,false,false,manual,1
es-co,dashboard,main/dashboard/components/participant-sidebar-translations.csv::components/participant-sidebar.statusClose,true,false,,,,false,false,false,manual,1
es-co,dashboard,main/dashboard/components/participant-sidebar-translations.csv::components/participant-sidebar.statusCurrent,true,false,,,,false,false,false,manual,1
es-co,dashboard,main/dashboard/components/participant-sidebar-translations.csv::components/participant-sidebar.tasksCompleted,true,false,,,,false,false,false,manual,1
es-co,dashboard,main/dashboard/components/participant-sidebar-translations.csv::components/participant-sidebar.statusOpen,true,false,,,,false,false,false,manual,1
es-co,dashboard,main/dashboard/components/participant-sidebar-translations.csv::components/participant-sidebar.statusClosed,true,false,,,,false,false,false,manual,1
es-co,dashboard,main/dashboard/components/participant-sidebar-translations.csv::components/participant-sidebar.statusPast,true,false,,,,false,false,false,manual,1
es-co,dashboard,main/dashboard/components/game-tabs-translations.csv::components/game-tabs.egmaMathDescription,true,false,,,,false,false,false,manual,1
es-co,dashboard,main/dashboard/components/game-tabs-translations.csv::components/game-tabs.clickToStart,true,false,,,,false,false,false,manual,1
nl,thoughts-feelings,main/itembank_by_task/thoughts-feelings.xliff::ChildSurveyIntro,false,true,Which version of introduction is preferred?,2026-06-10T21:33:58.231Z,2026-06-10T21:34:20.037Z,true,false,false,ai,0.9
nl,thoughts-feelings,main/itembank_by_task/thoughts-feelings.xliff::Example1Comic,true,false,,2026-06-10T21:27:36.975Z,,true,false,false,manual,1
nl,thoughts-feelings,main/itembank_by_task/thoughts-feelings.xliff::Example2Neat,true,false,,2026-06-10T21:27:40.062Z,,true,false,false,manual,1
nl,thoughts-feelings,main/itembank_by_task/thoughts-feelings.xliff::TeacherNice,true,false,,2026-06-10T21:27:42.440Z,,true,false,false,manual,1
nl,thoughts-feelings,main/itembank_by_task/thoughts-feelings.xliff::TeacherLike,true,false,,2026-06-10T21:27:49.719Z,,true,false,false,manual,1
nl,thoughts-feelings,main/itembank_by_task/thoughts-feelings.xliff::SchoolFun,true,false,,2026-06-10T21:27:59.720Z,,true,false,false,manual,1
nl,thoughts-feelings,main/itembank_by_task/thoughts-feelings.xliff::TeacherListen,true,false,,2026-06-10T21:27:56.927Z,,true,false,false,manual,1
nl,thoughts-feelings,main/itembank_by_task/thoughts-feelings.xliff::SchoolEnjoy,true,false,,2026-06-10T21:29:11.280Z,,true,false,false,manual,1
nl,thoughts-feelings,main/itembank_by_task/thoughts-feelings.xliff::SchoolHappy,true,false,,2026-06-10T21:29:14.064Z,,true,false,false,manual,1
nl,thoughts-feelings,main/itembank_by_task/thoughts-feelings.xliff::SchoolSafe,true,false,,2026-06-10T21:29:18.174Z,,true,false,false,manual,1
nl,thoughts-feelings,main/itembank_by_task/thoughts-feelings.xliff::ClassFriends,true,false,,2026-06-10T21:29:20.478Z,,true,false,false,manual,1
nl,thoughts-feelings,main/itembank_by_task/thoughts-feelings.xliff::ClassHelp,true,false,,2026-06-10T21:30:57.003Z,,true,false,false,manual,1
nl,thoughts-feelings,main/itembank_by_task/thoughts-feelings.xliff::ClassPlay,true,false,,2026-06-10T21:30:59.946Z,,true,false,false,manual,1
nl,thoughts-feelings,main/itembank_by_task/thoughts-feelings.xliff::ClassNice,true,false,,2026-06-10T21:31:04.829Z,,true,false,false,manual,1
nl,thoughts-feelings,main/itembank_by_task/thoughts-feelings.xliff::LonelySchool,true,false,,2026-06-10T21:31:08.069Z,,true,false,false,manual,1
nl,thoughts-feelings,main/itembank_by_task/thoughts-feelings.xliff::LearningGood,true,false,,2026-06-10T21:31:46.439Z,,true,false,false,manual,1
nl,thoughts-feelings,main/itembank_by_task/thoughts-feelings.xliff::SchoolGiveUp,true,false,,2026-06-10T21:31:51.154Z,,true,false,false,manual,1
nl,thoughts-feelings,main/itembank_by_task/thoughts-feelings.xliff::ReadingEnjoy,true,false,,2026-06-10T21:31:54.071Z,,true,false,false,manual,1
nl,thoughts-feelings,main/itembank_by_task/thoughts-feelings.xliff::MathEnjoy,true,false,,2026-06-10T21:31:57.335Z,,true,false,false,manual,1
nl,thoughts-feelings,main/itembank_by_task/thoughts-feelings.xliff::ReadingGood,true,false,,2026-06-10T21:31:59.169Z,,true,false,false,manual,1
nl,thoughts-feelings,main/itembank_by_task/thoughts-feelings.xliff::MathGood,true,false,,2026-06-10T21:32:00.350Z,,true,false,false,manual,1
nl,thoughts-feelings,main/itembank_by_task/thoughts-feelings.xliff::GrowthMindSmart,true,false,,2026-06-10T21:32:09.239Z,,true,false,false,manual,1
nl,thoughts-feelings,main/itembank_by_task/thoughts-feelings.xliff::ChildSurveyRespoonses,true,false,,2026-06-10T21:32:25.684Z,,true,false,false,manual,1
nl,thoughts-feelings,main/itembank_by_task/thoughts-feelings.xliff::GrowthMindRead,true,false,,2026-06-10T21:32:12.890Z,,true,false,false,manual,1
nl,thoughts-feelings,main/itembank_by_task/thoughts-feelings.xliff::GrowthMindMath,true,false,,2026-06-10T21:32:18.853Z,,true,false,false,manual,1
nl,thoughts-feelings,main/itembank_by_task/thoughts-feelings.xliff::child-survey-intro-no-responses,false,true,Which version of introduction is preferred?,,2026-06-10T21:34:12.374Z,true,false,false,ai,1
nl,vocab,main/itembank_by_task/vocab.xliff::vocab-item-003,true,false,,2026-06-10T18:37:06.315Z,,true,false,false,manual,1
nl,vocab,main/itembank_by_task/vocab.xliff::vocab-item-001,true,false,,2026-06-10T18:37:03.414Z,,true,false,false,manual,1
nl,vocab,main/itembank_by_task/vocab.xliff::vocab-item-002,true,false,,2026-06-10T18:37:04.968Z,,true,false,false,manual,1
nl,vocab,main/itembank_by_task/vocab.xliff::vocab-item-004,true,false,,2026-06-10T18:37:08.268Z,,true,false,false,manual,1
nl,vocab,main/itembank_by_task/vocab.xliff::vocab-item-006,true,false,,2026-06-10T18:51:00.421Z,,true,false,false,manual,1
nl,vocab,main/itembank_by_task/vocab.xliff::vocab-item-005,true,false,,2026-06-10T18:37:09.737Z,,true,false,false,manual,1
nl,vocab,main/itembank_by_task/vocab.xliff::vocab-item-007,true,false,,2026-06-10T18:51:08.873Z,,true,false,false,manual,1
nl,vocab,main/itembank_by_task/vocab.xliff::vocab-item-011,true,false,,2026-06-10T18:52:36.998Z,,true,false,false,manual,1
nl,vocab,main/itembank_by_task/vocab.xliff::vocab-item-010,true,false,,2026-06-10T18:52:35.198Z,,true,false,false,manual,1
nl,vocab,main/itembank_by_task/vocab.xliff::vocab-item-009,true,false,,2026-06-10T18:52:33.535Z,,true,false,false,manual,1
nl,vocab,main/itembank_by_task/vocab.xliff::vocab-item-012,false,true,"de taart used for ""cake"" and ""pie""",2026-06-10T18:55:39.109Z,2026-06-10T18:56:04.840Z,true,false,false,ai,1
nl,vocab,main/itembank_by_task/vocab.xliff::vocab-item-013,true,false,,2026-06-10T18:52:42.983Z,,true,false,false,manual,1
nl,vocab,main/itembank_by_task/vocab.xliff::vocab-item-014,true,false,,2026-06-10T18:52:44.301Z,,true,false,false,manual,1
nl,vocab,main/itembank_by_task/vocab.xliff::vocab-item-015,true,false,,2026-06-10T18:52:45.885Z,,true,false,false,manual,1
nl,vocab,main/itembank_by_task/vocab.xliff::vocab-item-016,true,false,,2026-06-10T18:52:47.045Z,,true,false,false,manual,1
nl,vocab,main/itembank_by_task/vocab.xliff::vocab-item-017,true,false,,2026-06-10T18:52:48.605Z,,true,false,false,manual,1
nl,vocab,main/itembank_by_task/vocab.xliff::vocab-item-018,true,false,,2026-06-10T18:52:49.832Z,,true,false,false,manual,1
nl,vocab,main/itembank_by_task/vocab.xliff::vocab-item-019,true,false,,2026-06-10T18:52:51.987Z,,true,false,false,manual,1
nl,vocab,main/itembank_by_task/vocab.xliff::vocab-item-020,true,false,,2026-06-10T18:53:00.164Z,,true,false,false,manual,1
nl,vocab,main/itembank_by_task/vocab.xliff::vocab-item-023,true,false,,2026-06-10T18:53:10.825Z,,true,false,false,manual,1
nl,vocab,main/itembank_by_task/vocab.xliff::vocab-item-022,true,false,,2026-06-10T18:53:04.536Z,,true,false,false,manual,1
nl,vocab,main/itembank_by_task/vocab.xliff::vocab-item-021,true,false,,2026-06-10T18:53:01.683Z,,true,false,false,manual,1
nl,vocab,main/itembank_by_task/vocab.xliff::vocab-item-024,true,false,,2026-06-10T18:53:12.455Z,,true,false,false,manual,1
nl,vocab,main/itembank_by_task/vocab.xliff::vocab-item-026,true,false,,2026-06-10T18:53:17.953Z,,true,false,false,manual,1
nl,vocab,main/itembank_by_task/vocab.xliff::vocab-item-025,true,false,,2026-06-10T18:53:15.338Z,,true,false,false,manual,1
nl,vocab,main/itembank_by_task/vocab.xliff::vocab-item-027,true,false,,2026-06-10T18:53:24.053Z,,true,false,false,manual,1
nl,vocab,main/itembank_by_task/vocab.xliff::vocab-item-028,true,false,,2026-06-10T18:53:25.640Z,,true,false,false,manual,1
nl,vocab,main/itembank_by_task/vocab.xliff::vocab-item-029,true,false,,2026-06-10T18:53:29.347Z,,true,false,false,manual,1
nl,vocab,main/itembank_by_task/vocab.xliff::vocab-item-030,true,false,,2026-06-10T18:53:31.006Z,,true,false,false,manual,1
nl,vocab,main/itembank_by_task/vocab.xliff::vocab-item-031,true,false,,2026-06-10T18:53:32.533Z,,true,false,false,manual,1
nl,vocab,main/itembank_by_task/vocab.xliff::vocab-item-033,true,false,,2026-06-10T18:53:35.335Z,,true,false,false,manual,1
nl,vocab,main/itembank_by_task/vocab.xliff::vocab-item-032,true,false,,2026-06-10T18:53:33.890Z,,true,false,false,manual,1
nl,vocab,main/itembank_by_task/vocab.xliff::vocab-item-034,true,false,,2026-06-10T18:53:52.118Z,,true,false,false,manual,1
nl,vocab,main/itembank_by_task/vocab.xliff::vocab-item-036,true,false,,2026-06-10T18:54:11.567Z,,true,false,false,manual,1
nl,vocab,main/itembank_by_task/vocab.xliff::vocab-item-037,true,false,,2026-06-10T18:54:14.790Z,,true,false,false,manual,1
nl,vocab,main/itembank_by_task/vocab.xliff::vocab-item-038,true,false,,2026-06-10T18:54:16.890Z,,true,false,false,manual,1
nl,vocab,main/itembank_by_task/vocab.xliff::vocab-item-039,true,false,,2026-06-10T18:55:05.639Z,,true,false,false,manual,1
nl,vocab,main/itembank_by_task/vocab.xliff::vocab-item-041,true,false,,2026-06-10T18:55:13.038Z,,true,false,false,manual,1
nl,vocab,main/itembank_by_task/vocab.xliff::vocab-item-043,true,false,,2026-06-10T18:55:17.077Z,,true,false,false,manual,1
nl,vocab,main/itembank_by_task/vocab.xliff::vocab-item-042,true,false,,2026-06-10T18:55:14.392Z,,true,false,false,manual,1
nl,vocab,main/itembank_by_task/vocab.xliff::vocab-item-040,true,false,,2026-06-10T18:55:10.753Z,,true,false,false,manual,1
nl,vocab,main/itembank_by_task/vocab.xliff::vocab-item-044,false,true,"de taart used for ""cake"" and ""pie""",,2026-06-10T18:56:17.996Z,true,false,false,ai,0
nl,vocab,main/itembank_by_task/vocab.xliff::vocab-item-045,true,false,,2026-06-10T18:56:56.027Z,,true,false,false,manual,1
nl,vocab,main/itembank_by_task/vocab.xliff::vocab-item-046,true,false,,2026-06-10T18:57:37.761Z,,true,false,false,manual,1
nl,vocab,main/itembank_by_task/vocab.xliff::vocab-item-047,true,false,,2026-06-10T18:57:42.582Z,,true,false,false,manual,1
nl,vocab,main/itembank_by_task/vocab.xliff::vocab-item-048,true,false,,2026-06-10T18:57:44.153Z,,true,false,false,manual,1
nl,vocab,main/itembank_by_task/vocab.xliff::vocab-item-050,true,false,,2026-06-10T18:58:13.515Z,,true,false,false,manual,1
nl,vocab,main/itembank_by_task/vocab.xliff::vocab-item-049,true,false,,2026-06-10T18:58:09.680Z,,true,false,false,manual,1
nl,vocab,main/itembank_by_task/vocab.xliff::vocab-item-051,true,false,,2026-06-10T18:58:14.717Z,,true,false,false,manual,1
nl,vocab,main/itembank_by_task/vocab.xliff::vocab-item-052,true,false,,2026-06-10T18:58:18.763Z,,true,false,false,manual,1
nl,vocab,main/itembank_by_task/vocab.xliff::vocab-item-053,true,false,,2026-06-10T18:58:20.552Z,,true,false,false,manual,1
nl,vocab,main/itembank_by_task/vocab.xliff::vocab-item-054,true,false,,2026-06-10T18:58:37.155Z,,true,false,false,manual,1
nl,vocab,main/itembank_by_task/vocab.xliff::vocab-item-055,true,false,,2026-06-10T18:59:50.940Z,,true,false,false,manual,1
nl,vocab,main/itembank_by_task/vocab.xliff::vocab-item-056,true,false,,2026-06-10T18:59:52.377Z,,true,false,false,manual,1
nl,vocab,main/itembank_by_task/vocab.xliff::vocab-item-057,true,false,,2026-06-10T18:59:55.039Z,,true,false,false,manual,1
nl,vocab,main/itembank_by_task/vocab.xliff::vocab-item-059,true,false,,2026-06-10T19:00:00.303Z,,true,false,false,manual,1
nl,vocab,main/itembank_by_task/vocab.xliff::vocab-item-058,true,false,,2026-06-10T18:59:56.122Z,,true,false,false,manual,1
nl,vocab,main/itembank_by_task/vocab.xliff::vocab-item-060,true,false,,2026-06-10T19:00:01.855Z,,true,false,false,manual,1
nl,vocab,main/itembank_by_task/vocab.xliff::vocab-item-062,true,false,,2026-06-10T19:00:06.921Z,,true,false,false,manual,1
nl,vocab,main/itembank_by_task/vocab.xliff::vocab-item-061,true,false,,2026-06-10T19:00:04.080Z,,true,false,false,manual,1
nl,vocab,main/itembank_by_task/vocab.xliff::vocab-item-063,true,false,,2026-06-10T19:00:09.573Z,,true,false,false,manual,1
nl,vocab,main/itembank_by_task/vocab.xliff::vocab-item-064,true,false,,2026-06-10T19:00:11.354Z,,true,false,false,manual,1
nl,vocab,main/itembank_by_task/vocab.xliff::vocab-item-066,true,false,,2026-06-10T19:00:14.721Z,,true,false,false,manual,1
nl,vocab,main/itembank_by_task/vocab.xliff::vocab-item-065,true,false,,2026-06-10T19:00:13.106Z,,true,false,false,manual,1
nl,vocab,main/itembank_by_task/vocab.xliff::vocab-item-068,true,false,,2026-06-10T19:03:33.494Z,,true,false,false,manual,1
nl,vocab,main/itembank_by_task/vocab.xliff::vocab-item-069,true,false,,2026-06-10T19:03:37.039Z,,true,false,false,manual,1
nl,vocab,main/itembank_by_task/vocab.xliff::vocab-item-070,true,false,,2026-06-10T19:03:38.756Z,,true,false,false,manual,1
nl,vocab,main/itembank_by_task/vocab.xliff::vocab-item-071,true,false,,2026-06-10T19:03:40.399Z,,true,false,false,manual,1
nl,vocab,main/itembank_by_task/vocab.xliff::vocab-item-072,true,false,,2026-06-10T19:03:42.087Z,,true,false,false,manual,1
nl,vocab,main/itembank_by_task/vocab.xliff::vocab-item-073,true,false,,2026-06-10T19:03:43.934Z,,true,false,false,manual,1
nl,vocab,main/itembank_by_task/vocab.xliff::vocab-item-074,true,false,,2026-06-10T19:03:45.924Z,,true,false,false,manual,1
nl,vocab,main/itembank_by_task/vocab.xliff::vocab-item-075,true,false,,2026-06-10T19:03:48.872Z,,true,false,false,manual,1
nl,vocab,main/itembank_by_task/vocab.xliff::vocab-item-076,true,false,,2026-06-10T19:03:53.167Z,,true,false,false,manual,1
nl,vocab,main/itembank_by_task/vocab.xliff::vocab-item-077,true,false,,2026-06-10T19:03:55.401Z,,true,false,false,manual,1
nl,vocab,main/itembank_by_task/vocab.xliff::vocab-item-078,true,false,,2026-06-10T19:03:58.548Z,,true,false,false,manual,1
nl,vocab,main/itembank_by_task/vocab.xliff::vocab-item-079,true,false,,2026-06-10T19:04:00.084Z,,true,false,false,manual,1
nl,vocab,main/itembank_by_task/vocab.xliff::vocab-item-080,true,false,,2026-06-10T19:04:01.722Z,,true,false,false,manual,1
nl,vocab,main/itembank_by_task/vocab.xliff::vocab-item-081,true,false,,2026-06-10T19:04:02.734Z,,true,false,false,manual,1
nl,vocab,main/itembank_by_task/vocab.xliff::vocab-item-082,true,false,,2026-06-10T19:04:03.754Z,,true,false,false,manual,1
nl,vocab,main/itembank_by_task/vocab.xliff::vocab-item-083,true,false,,2026-06-10T19:04:05.786Z,,true,false,false,manual,1
nl,vocab,main/itembank_by_task/vocab.xliff::vocab-item-084,true,false,,2026-06-10T19:04:07.124Z,,true,false,false,manual,1
nl,vocab,main/itembank_by_task/vocab.xliff::vocab-item-085,true,false,,2026-06-10T19:04:08.754Z,,true,false,false,manual,1
nl,vocab,main/itembank_by_task/vocab.xliff::vocab-item-086,true,false,,2026-06-10T19:04:12.367Z,,true,false,false,manual,1
nl,vocab,main/itembank_by_task/vocab.xliff::vocab-item-087,true,false,,2026-06-10T19:04:13.690Z,,true,false,false,manual,1
nl,vocab,main/itembank_by_task/vocab.xliff::vocab-item-088,true,false,,2026-06-10T19:04:16.186Z,,true,false,false,manual,1
nl,vocab,main/itembank_by_task/vocab.xliff::vocab-item-089,true,false,,2026-06-10T19:04:17.486Z,,true,false,false,manual,1
nl,vocab,main/itembank_by_task/vocab.xliff::vocab-item-090,true,false,,2026-06-10T19:04:19.674Z,,true,false,false,manual,1
nl,vocab,main/itembank_by_task/vocab.xliff::vocab-item-091,true,false,,2026-06-10T19:04:45.489Z,,true,false,false,manual,1
nl,vocab,main/itembank_by_task/vocab.xliff::vocab-item-092,true,false,,2026-06-10T19:04:46.753Z,,true,false,false,manual,1
nl,vocab,main/itembank_by_task/vocab.xliff::vocab-item-093,true,false,,2026-06-10T19:04:49.729Z,,true,false,false,manual,1
nl,vocab,main/itembank_by_task/vocab.xliff::vocab-item-094,true,false,,2026-06-10T19:04:50.790Z,,true,false,false,manual,1
nl,vocab,main/itembank_by_task/vocab.xliff::vocab-item-095,true,false,,2026-06-10T19:04:53.677Z,,true,false,false,manual,1
nl,vocab,main/itembank_by_task/vocab.xliff::vocab-item-096,true,false,,2026-06-10T19:04:54.774Z,,true,false,false,manual,1
nl,vocab,main/itembank_by_task/vocab.xliff::vocab-item-097,true,false,,2026-06-10T19:04:56.310Z,,true,false,false,manual,1
nl,vocab,main/itembank_by_task/vocab.xliff::vocab-item-098,true,false,,2026-06-10T19:04:58.154Z,,true,false,false,manual,1
nl,vocab,main/itembank_by_task/vocab.xliff::vocab-item-099,true,false,,2026-06-10T19:05:01.726Z,,true,false,false,manual,1
nl,vocab,main/itembank_by_task/vocab.xliff::vocab-item-101,true,false,,2026-06-10T19:05:39.875Z,,true,false,false,manual,1
nl,vocab,main/itembank_by_task/vocab.xliff::vocab-item-100,true,false,,2026-06-10T19:05:38.488Z,,true,false,false,manual,1
nl,vocab,main/itembank_by_task/vocab.xliff::vocab-item-102,true,false,,2026-06-10T19:05:44.604Z,,true,false,false,manual,1
nl,vocab,main/itembank_by_task/vocab.xliff::vocab-item-103,true,false,,2026-06-10T19:05:48.940Z,,true,false,false,manual,1
nl,vocab,main/itembank_by_task/vocab.xliff::vocab-item-104,true,false,,2026-06-10T19:05:51.013Z,,true,false,false,manual,1
nl,vocab,main/itembank_by_task/vocab.xliff::vocab-item-105,true,false,,2026-06-10T19:05:52.445Z,,true,false,false,manual,1
nl,vocab,main/itembank_by_task/vocab.xliff::vocab-item-106,true,false,,2026-06-10T19:05:54.425Z,,true,false,false,manual,1
nl,vocab,main/itembank_by_task/vocab.xliff::vocab-item-107,true,false,,2026-06-10T19:05:55.830Z,,true,false,false,manual,1
nl,vocab,main/itembank_by_task/vocab.xliff::vocab-item-108,true,false,,2026-06-10T19:05:57.741Z,,true,false,false,manual,1
nl,vocab,main/itembank_by_task/vocab.xliff::vocab-item-109,true,false,,2026-06-10T19:05:59.198Z,,true,false,false,manual,1
nl,vocab,main/itembank_by_task/vocab.xliff::vocab-item-111,true,false,,2026-06-10T19:06:36.731Z,,true,false,false,manual,1
nl,vocab,main/itembank_by_task/vocab.xliff::vocab-item-110,true,false,,2026-06-10T19:06:32.731Z,,true,false,false,manual,1
nl,vocab,main/itembank_by_task/vocab.xliff::vocab-item-113,true,false,,2026-06-10T19:06:42.464Z,,true,false,false,manual,1
nl,vocab,main/itembank_by_task/vocab.xliff::vocab-item-112,true,false,,2026-06-10T19:06:39.574Z,,true,false,false,manual,1
nl,vocab,main/itembank_by_task/vocab.xliff::vocab-item-114,true,false,,2026-06-10T19:07:16.704Z,,true,false,false,manual,1
nl,vocab,main/itembank_by_task/vocab.xliff::vocab-item-115,true,false,,2026-06-10T19:07:22.383Z,,true,false,false,manual,1
nl,vocab,main/itembank_by_task/vocab.xliff::vocab-item-117,true,false,,2026-06-10T19:08:09.787Z,,true,false,false,manual,1
nl,vocab,main/itembank_by_task/vocab.xliff::vocab-item-116,true,false,,2026-06-10T19:07:24.299Z,,true,false,false,manual,1
nl,vocab,main/itembank_by_task/vocab.xliff::vocab-item-118,true,false,,2026-06-10T19:08:13.400Z,,true,false,false,manual,1
nl,vocab,main/itembank_by_task/vocab.xliff::vocab-item-119,true,false,,2026-06-10T19:08:18.286Z,,true,false,false,manual,1
nl,vocab,main/itembank_by_task/vocab.xliff::vocab-item-121,true,false,,2026-06-10T19:30:27.856Z,,true,false,false,manual,1
nl,vocab,main/itembank_by_task/vocab.xliff::vocab-item-120,false,true,confirm based on image,,2026-06-10T19:30:25.006Z,true,false,false,ai,0.1
nl,vocab,main/itembank_by_task/vocab.xliff::vocab-item-122,true,false,,2026-06-10T19:32:14.446Z,,true,false,false,manual,1
nl,vocab,main/itembank_by_task/vocab.xliff::vocab-item-125,true,false,,2026-06-10T19:32:21.331Z,,true,false,false,manual,1
nl,vocab,main/itembank_by_task/vocab.xliff::vocab-item-124,true,false,,2026-06-10T19:32:19.465Z,,true,false,false,manual,1
nl,vocab,main/itembank_by_task/vocab.xliff::vocab-item-123,true,false,,2026-06-10T19:32:15.784Z,,true,false,false,manual,1
nl,vocab,main/itembank_by_task/vocab.xliff::vocab-item-126,true,false,,2026-06-10T19:33:01.302Z,,true,false,false,manual,1
nl,vocab,main/itembank_by_task/vocab.xliff::vocab-item-128,true,false,,2026-06-10T19:34:25.394Z,,true,false,false,manual,1
nl,vocab,main/itembank_by_task/vocab.xliff::vocab-item-127,false,true,confirm based on image,,2026-06-10T19:34:22.842Z,true,false,false,ai,1
nl,vocab,main/itembank_by_task/vocab.xliff::vocab-item-129,false,true,confirm it is the store (hard in English) vs. the candy,,2026-06-10T19:34:59.718Z,true,false,false,ai,1
nl,vocab,main/itembank_by_task/vocab.xliff::vocab-item-130,true,false,,2026-06-10T19:35:15.818Z,,true,false,false,manual,1
nl,vocab,main/itembank_by_task/vocab.xliff::vocab-item-132,true,false,,2026-06-10T19:35:18.773Z,,true,false,false,manual,1
nl,vocab,main/itembank_by_task/vocab.xliff::vocab-item-133,true,false,,2026-06-10T19:35:21.954Z,,true,false,false,manual,1
nl,vocab,main/itembank_by_task/vocab.xliff::vocab-item-131,true,false,,2026-06-10T19:35:17.236Z,,true,false,false,manual,1
nl,vocab,main/itembank_by_task/vocab.xliff::vocab-item-134,true,false,,2026-06-10T19:35:59.026Z,,true,false,false,manual,1
nl,vocab,main/itembank_by_task/vocab.xliff::vocab-item-136,true,false,,2026-06-10T19:36:05.721Z,,true,false,false,manual,1
nl,vocab,main/itembank_by_task/vocab.xliff::vocab-item-137,true,false,,2026-06-10T19:36:08.214Z,,true,false,false,manual,1
nl,vocab,main/itembank_by_task/vocab.xliff::vocab-item-135,true,false,,2026-06-10T19:36:01.090Z,,true,false,false,manual,1
nl,vocab,main/itembank_by_task/vocab.xliff::vocab-item-138,false,true,confirm based on image,,2026-06-10T19:38:30.130Z,true,false,false,ai,0.2
nl,vocab,main/itembank_by_task/vocab.xliff::vocab-item-139,false,true,confirm difficulty/image correspondence,,2026-06-10T19:41:18.009Z,true,false,false,ai,0.2
nl,vocab,main/itembank_by_task/vocab.xliff::vocab-item-141,true,false,,2026-06-10T19:41:24.307Z,,true,false,false,manual,1
nl,vocab,main/itembank_by_task/vocab.xliff::vocab-item-140,true,false,,2026-06-10T19:41:21.587Z,,true,false,false,manual,1
nl,vocab,main/itembank_by_task/vocab.xliff::vocab-item-142,false,true,always a trick one - confirm based on image,,2026-06-10T19:42:03.745Z,true,false,false,ai,0
nl,vocab,main/itembank_by_task/vocab.xliff::vocab-item-143,true,false,,2026-06-10T19:42:06.261Z,2026-06-10T19:41:53.875Z,true,false,false,manual,1
nl,vocab,main/itembank_by_task/vocab.xliff::vocab-item-145,true,false,,2026-06-10T19:42:09.726Z,,true,false,false,manual,1
nl,vocab,main/itembank_by_task/vocab.xliff::vocab-item-144,true,false,,2026-06-10T19:42:07.997Z,,true,false,false,manual,1
nl,vocab,main/itembank_by_task/vocab.xliff::vocab-item-146,true,false,,2026-06-10T19:42:24.444Z,,true,false,false,manual,1
nl,vocab,main/itembank_by_task/vocab.xliff::vocab-item-148,true,false,,2026-06-10T19:44:16.814Z,,true,false,false,manual,1
nl,vocab,main/itembank_by_task/vocab.xliff::vocab-item-149,true,false,,2026-06-10T20:59:06.450Z,,true,false,false,manual,1
nl,vocab,main/itembank_by_task/vocab.xliff::vocab-item-147,true,false,,2026-06-10T19:42:27.184Z,,true,false,false,manual,1
nl,vocab,main/itembank_by_task/vocab.xliff::vocab-item-150,true,false,,2026-06-10T20:59:37.897Z,,true,false,false,manual,1
nl,vocab,main/itembank_by_task/vocab.xliff::vocab-item-151,true,false,,2026-06-10T20:59:40.165Z,,true,false,false,manual,1
nl,vocab,main/itembank_by_task/vocab.xliff::vocab-item-152,true,false,,2026-06-10T20:59:41.790Z,,true,false,false,manual,1
nl,vocab,main/itembank_by_task/vocab.xliff::vocab-item-153,true,false,,2026-06-10T20:59:44.250Z,,true,false,false,manual,1
nl,vocab,main/itembank_by_task/vocab.xliff::vocab-item-155,true,false,,2026-06-10T21:01:27.284Z,,true,false,false,manual,1
nl,vocab,main/itembank_by_task/vocab.xliff::vocab-item-157,true,false,,2026-06-10T21:02:15.219Z,,true,false,false,manual,1
nl,vocab,main/itembank_by_task/vocab.xliff::vocab-item-156,true,false,,2026-06-10T21:02:08.271Z,,true,false,false,manual,1
nl,vocab,main/itembank_by_task/vocab.xliff::vocab-item-158,true,false,,2026-06-10T21:02:16.122Z,,true,false,false,manual,1
nl,vocab,main/itembank_by_task/vocab.xliff::vocab-item-159,true,false,,2026-06-10T21:02:17.455Z,,true,false,false,manual,1
nl,vocab,main/itembank_by_task/vocab.xliff::vocab-item-160,false,true,confirm per image,,2026-06-10T21:03:35.039Z,true,false,false,ai,0.4
nl,vocab,main/itembank_by_task/vocab.xliff::vocab-item-161,false,true,confirm per image,,2026-06-10T21:03:41.608Z,true,false,false,ai,0.4
nl,vocab,main/itembank_by_task/vocab.xliff::vocab-item-162,false,true,confirm for difficulty,,2026-06-10T21:04:56.031Z,true,false,false,ai,0.2
nl,vocab,main/itembank_by_task/vocab.xliff::vocab-item-163,true,false,,2026-06-10T21:05:00.303Z,,true,false,false,manual,1
nl,vocab,main/itembank_by_task/vocab.xliff::vocab-item-164,true,false,,2026-06-10T21:05:03.546Z,,true,false,false,manual,1
nl,vocab,main/itembank_by_task/vocab.xliff::vocab-item-165,true,false,,2026-06-10T21:05:05.801Z,,true,false,false,manual,1
nl,vocab,main/itembank_by_task/vocab.xliff::vocab-item-166,true,false,,2026-06-10T21:05:09.029Z,,true,false,false,manual,1
nl,vocab,main/itembank_by_task/vocab.xliff::vocab-item-167,true,false,,2026-06-10T21:05:12.212Z,,true,false,false,manual,1
nl,vocab,main/itembank_by_task/vocab.xliff::vocab-item-168,true,false,,2026-06-10T21:05:14.282Z,,true,false,false,manual,1
nl,vocab,main/itembank_by_task/vocab.xliff::vocab-item-169,true,false,,2026-06-10T21:05:15.930Z,,true,false,false,manual,1
nl,vocab,main/itembank_by_task/vocab.xliff::vocab-item-170,true,false,,2026-06-10T21:05:49.080Z,,true,false,false,manual,1
nl,vocab,main/itembank_by_task/vocab.xliff::vocab-instruct-1,true,false,,2026-06-10T21:06:00.313Z,,true,false,false,manual,1
nl,vocab,main/itembank_by_task/vocab.xliff::vocab-practice-1,true,false,,2026-06-10T21:06:20.101Z,,true,false,false,manual,1
nl,vocab,main/itembank_by_task/vocab.xliff::vocab-instruct-2,true,false,,2026-06-10T21:06:26.953Z,,true,false,false,manual,1
nl,vocab,main/itembank_by_task/vocab.xliff::vocab-instruct-3,true,false,,2026-06-10T21:06:32.198Z,,true,false,false,manual,1
nl,vocab,main/itembank_by_task/vocab.xliff::vocab-item-171,true,false,,2026-06-10T21:06:49.633Z,,true,false,false,manual,1
nl,hearts-and-flowers,main/itembank_by_task/hearts-and-flowers.xliff::heart-instruct1,true,false,,2026-06-11T19:00:20.929Z,,false,true,false,manual,1
nl,hearts-and-flowers,main/itembank_by_task/hearts-and-flowers.xliff::heart-instruct2,true,false,,2026-06-11T19:00:45.230Z,,false,true,false,manual,1
nl,hearts-and-flowers,main/itembank_by_task/hearts-and-flowers.xliff::hearts-and-flowers-try-again,true,false,,2026-06-11T19:00:50.396Z,,false,true,false,manual,1
nl,hearts-and-flowers,main/itembank_by_task/hearts-and-flowers.xliff::heart-practice-feedback1,true,false,,2026-06-11T19:01:00.906Z,,false,true,false,manual,1
nl,hearts-and-flowers,main/itembank_by_task/hearts-and-flowers.xliff::hearts-and-flowers-practice-time,true,false,,2026-06-11T19:01:02.344Z,,false,true,false,manual,1
nl,hearts-and-flowers,main/itembank_by_task/hearts-and-flowers.xliff::heart-practice-feedback2,true,false,,2026-06-11T19:01:10.379Z,,false,true,false,manual,1
nl,hearts-and-flowers,main/itembank_by_task/hearts-and-flowers.xliff::hearts-and-flowers-instruct1,true,false,,2026-06-11T19:02:36.593Z,,false,true,false,manual,1
nl,hearts-and-flowers,main/itembank_by_task/hearts-and-flowers.xliff::hearts-and-flowers-instruct2,true,false,,2026-06-11T19:02:44.282Z,,false,true,false,manual,1
nl,hearts-and-flowers,main/itembank_by_task/hearts-and-flowers.xliff::hearts-and-flowers-play-time,true,false,,2026-06-11T18:57:15.650Z,,false,true,false,manual,1
nl,hearts-and-flowers,main/itembank_by_task/hearts-and-flowers.xliff::flower-instruct1,true,false,,2026-06-11T18:57:17.287Z,,false,true,false,manual,1
nl,hearts-and-flowers,main/itembank_by_task/hearts-and-flowers.xliff::flower-instruct2,true,false,,2026-06-11T18:57:24.383Z,,false,true,false,manual,1
nl,hearts-and-flowers,main/itembank_by_task/hearts-and-flowers.xliff::flower-practice-feedback1,true,false,,2026-06-11T18:57:30.906Z,,false,true,false,manual,1
nl,hearts-and-flowers,main/itembank_by_task/hearts-and-flowers.xliff::flower-practice-feedback2,true,false,,2026-06-11T18:57:35.649Z,,false,true,false,manual,1
nl,hearts-and-flowers,main/itembank_by_task/hearts-and-flowers.xliff::hearts-and-flowers-instruct3,true,false,,2026-06-11T18:57:44.317Z,,false,true,false,manual,1
nl,hearts-and-flowers,main/itembank_by_task/hearts-and-flowers.xliff::hearts-and-flowers-encourage1,true,false,,2026-06-11T18:57:48.651Z,,false,true,false,manual,1
nl,hearts-and-flowers,main/itembank_by_task/hearts-and-flowers.xliff::hearts-and-flowers-encourage2,true,false,,2026-06-11T18:57:54.388Z,,false,true,false,manual,1
nl,hearts-and-flowers,main/itembank_by_task/hearts-and-flowers.xliff::hearts-and-flowers-end,true,false,,2026-06-11T18:58:03.485Z,,false,true,false,manual,1
nl,memory-game,main/itembank_by_task/memory-game.xliff::memory-game-display,true,false,,2026-06-11T19:10:55.910Z,,false,true,false,manual,1
nl,memory-game,main/itembank_by_task/memory-game.xliff::memory-game-input,true,false,,2026-06-11T19:11:02.394Z,,false,true,false,manual,1
nl,memory-game,main/itembank_by_task/memory-game.xliff::memory-game-instruct1,true,false,,2026-06-11T19:11:09.376Z,,false,true,false,manual,1
nl,memory-game,main/itembank_by_task/memory-game.xliff::memory-game-instruct2,true,false,,2026-06-11T19:35:05.284Z,,false,true,false,manual,1
nl,memory-game,main/itembank_by_task/memory-game.xliff::memory-game-instruct3,true,false,,2026-06-11T19:11:37.065Z,,false,true,false,manual,1
nl,memory-game,main/itembank_by_task/memory-game.xliff::memory-game-instruct4,true,false,,2026-06-11T19:11:40.951Z,,false,true,false,manual,1
nl,memory-game,main/itembank_by_task/memory-game.xliff::memory-game-forward-prompt,true,false,,2026-06-11T19:11:48.229Z,,false,true,false,manual,1
nl,memory-game,main/itembank_by_task/memory-game.xliff::memory-game-forward-try-again,true,false,,2026-06-11T19:11:56.961Z,,false,true,false,manual,1
nl,memory-game,main/itembank_by_task/memory-game.xliff::memory-game-instruct5,true,false,,2026-06-11T19:12:13.202Z,,false,true,false,manual,1
nl,memory-game,main/itembank_by_task/memory-game.xliff::memory-game-instruct6,false,true,Laten we het geheugenspel nu omgekeerd spelen! vs. Laten we het geheugenspel nu achterstevoren spelen!,2026-06-11T19:14:14.074Z,2026-06-11T19:14:25.446Z,false,false,true,ai,1
nl,memory-game,main/itembank_by_task/memory-game.xliff::memory-game-instruct7,true,false,,2026-06-11T19:17:47.250Z,,false,true,false,manual,1
nl,memory-game,main/itembank_by_task/memory-game.xliff::memory-game-backward-prompt,false,true,sync on best word for backward,,2026-06-11T19:29:31.791Z,false,false,true,ai,1
nl,memory-game,main/itembank_by_task/memory-game.xliff::memory-game-backward-try-again,false,true,sync on best word for backward,,2026-06-11T19:30:26.728Z,false,false,true,ai,0.9
nl,math,main/itembank_by_task/math.xliff::math-instructions1,true,false,,2026-06-10T17:58:56.453Z,,true,false,false,manual,1
nl,math,main/itembank_by_task/math.xliff::math-intro1,true,false,,2026-06-10T17:59:06.308Z,,true,false,false,manual,1
nl,math,main/itembank_by_task/math.xliff::math-intro2,true,false,,2026-06-10T17:59:13.140Z,,true,false,false,manual,1
nl,math,main/itembank_by_task/math.xliff::math-intro-fractions,true,false,,2026-06-10T17:59:28.275Z,,true,false,false,manual,1
nl,math,main/itembank_by_task/math.xliff::number-comparison-prompt1,true,false,,2026-06-10T17:59:35.737Z,,true,false,false,manual,1
nl,math,main/itembank_by_task/math.xliff::number-comparison-prompt2,true,false,,2026-06-10T18:00:18.714Z,,true,false,false,manual,1
nl,math,main/itembank_by_task/math.xliff::number-identification-prompt1,true,false,,2026-06-10T18:00:27.389Z,,true,false,false,manual,1
nl,math,main/itembank_by_task/math.xliff::missing-number-prompt1,true,false,,2026-06-10T18:00:30.379Z,,true,false,false,manual,1
nl,math,main/itembank_by_task/math.xliff::missing-number-prompt2,true,false,,2026-06-10T18:00:34.092Z,,true,false,false,manual,1
nl,math,main/itembank_by_task/math.xliff::missing-number-prompt3,true,false,,2026-06-10T18:00:40.425Z,,true,false,false,manual,1
nl,math,main/itembank_by_task/math.xliff::addition-prompt1,true,false,,2026-06-10T18:00:46.565Z,,true,false,false,manual,1
nl,math,main/itembank_by_task/math.xliff::addition-prompt2,true,false,,2026-06-10T18:00:49.924Z,,true,false,false,manual,1
nl,math,main/itembank_by_task/math.xliff::subtraction-prompt1,true,false,,2026-06-10T18:00:54.865Z,,true,false,false,manual,1
nl,math,main/itembank_by_task/math.xliff::subtraction-prompt2,true,false,,2026-06-10T18:00:58.557Z,,true,false,false,manual,1
nl,math,main/itembank_by_task/math.xliff::multiplication-prompt1,true,false,,2026-06-10T18:01:03.725Z,,true,false,false,manual,1
nl,math,main/itembank_by_task/math.xliff::multiplication-prompt2,true,false,,2026-06-10T18:01:05.083Z,,true,false,false,manual,1
nl,math,main/itembank_by_task/math.xliff::number-line-instruct1,true,false,,2026-06-10T18:01:21.013Z,,true,false,false,manual,1
nl,math,main/itembank_by_task/math.xliff::number-line-prompt1,false,true,"confirm that ""marked"" is implied.",,2026-06-10T18:03:11.163Z,true,false,false,ai,0.4
nl,math,main/itembank_by_task/math.xliff::number-line-slider-prompt1,false,true,"""select"" vs. ""mark"" - confirm this fits with the task",,2026-06-10T18:05:01.860Z,true,false,false,ai,1
nl,math,main/itembank_by_task/math.xliff::number-identification-1,true,false,,2026-06-10T18:05:08.899Z,,true,false,false,manual,1
nl,math,main/itembank_by_task/math.xliff::number-identification-2,true,false,,2026-06-10T18:05:10.594Z,,true,false,false,manual,1
nl,math,main/itembank_by_task/math.xliff::number-identification-3,true,false,,2026-06-10T18:05:12.275Z,,true,false,false,manual,1
nl,math,main/itembank_by_task/math.xliff::number-identification-4,true,false,,2026-06-10T18:05:18.334Z,,true,false,false,manual,1
nl,math,main/itembank_by_task/math.xliff::number-identification-5,true,false,,2026-06-10T18:05:19.379Z,,true,false,false,manual,1
nl,math,main/itembank_by_task/math.xliff::number-identification-6,true,false,,2026-06-10T18:05:20.924Z,,true,false,false,manual,1
nl,math,main/itembank_by_task/math.xliff::number-identification-7,true,false,,2026-06-10T18:05:22.658Z,,true,false,false,manual,1
nl,math,main/itembank_by_task/math.xliff::number-identification-8,true,false,,2026-06-10T18:05:24.573Z,,true,false,false,manual,1
nl,math,main/itembank_by_task/math.xliff::number-identification-10,true,false,,2026-06-10T18:05:27.545Z,,true,false,false,manual,1
nl,math,main/itembank_by_task/math.xliff::number-identification-9,true,false,,2026-06-10T18:05:25.996Z,,true,false,false,manual,1
nl,math,main/itembank_by_task/math.xliff::number-identification-11,true,false,,2026-06-10T18:05:29.245Z,,true,false,false,manual,1
nl,math,main/itembank_by_task/math.xliff::number-identification-12,true,false,,2026-06-10T18:05:31.063Z,,true,false,false,manual,1
nl,math,main/itembank_by_task/math.xliff::number-identification-14,true,false,,2026-06-10T18:05:33.913Z,,true,false,false,manual,1
nl,math,main/itembank_by_task/math.xliff::number-identification-13,true,false,,2026-06-10T18:05:32.530Z,,true,false,false,manual,1
nl,math,main/itembank_by_task/math.xliff::number-identification-15,true,false,,2026-06-10T18:05:34.900Z,,true,false,false,manual,1
nl,math,main/itembank_by_task/math.xliff::number-identification-16,true,false,,2026-06-10T18:05:36.364Z,,true,false,false,manual,1
nl,math,main/itembank_by_task/math.xliff::number-identification-17,true,false,,2026-06-10T18:05:37.830Z,,true,false,false,manual,1
nl,math,main/itembank_by_task/math.xliff::number-identification-18,true,false,,2026-06-10T18:05:39.280Z,,true,false,false,manual,1
nl,math,main/itembank_by_task/math.xliff::number-identification-19,true,false,,2026-06-10T18:05:40.742Z,,true,false,false,manual,1
nl,math,main/itembank_by_task/math.xliff::number-identification-21,true,false,,2026-06-10T18:05:44.823Z,,true,false,false,manual,1
nl,math,main/itembank_by_task/math.xliff::number-identification-20,true,false,,2026-06-10T18:05:43.096Z,,true,false,false,manual,1
nl,math,main/itembank_by_task/math.xliff::number-identification-23,true,false,,2026-06-10T18:05:48.142Z,,true,false,false,manual,1
nl,math,main/itembank_by_task/math.xliff::number-identification-22,true,false,,2026-06-10T18:05:46.426Z,,true,false,false,manual,1
nl,math,main/itembank_by_task/math.xliff::number-identification-25,true,false,,2026-06-10T18:05:50.664Z,,true,false,false,manual,1
nl,math,main/itembank_by_task/math.xliff::number-identification-24,true,false,,2026-06-10T18:05:48.993Z,,true,false,false,manual,1
nl,math,main/itembank_by_task/math.xliff::number-identification-28,true,false,,2026-06-10T18:05:53.933Z,,true,false,false,manual,1
nl,math,main/itembank_by_task/math.xliff::number-identification-26,true,false,,2026-06-10T18:05:51.528Z,,true,false,false,manual,1
nl,math,main/itembank_by_task/math.xliff::number-identification-27,true,false,,2026-06-10T18:05:52.908Z,,true,false,false,manual,1
nl,math,main/itembank_by_task/math.xliff::number-identification-29,true,false,,2026-06-10T18:05:55.266Z,,true,false,false,manual,1
nl,math,main/itembank_by_task/math.xliff::number-identification-30,true,false,,2026-06-10T18:05:56.575Z,,true,false,false,manual,1
nl,math,main/itembank_by_task/math.xliff::number-identification-31,true,false,,2026-06-10T18:05:58.463Z,,true,false,false,manual,1
nl,math,main/itembank_by_task/math.xliff::number-identification-32,true,false,,2026-06-10T18:05:59.279Z,,true,false,false,manual,1
nl,math,main/itembank_by_task/math.xliff::number-identification-33,true,false,,2026-06-10T18:06:00.831Z,,true,false,false,manual,1
nl,math,main/itembank_by_task/math.xliff::number-identification-35,true,false,,2026-06-10T18:06:03.543Z,,true,false,false,manual,1
nl,math,main/itembank_by_task/math.xliff::number-identification-34,true,false,,2026-06-10T18:06:01.915Z,,true,false,false,manual,1
nl,math,main/itembank_by_task/math.xliff::number-identification-36,true,false,,2026-06-10T18:06:05.410Z,,true,false,false,manual,1
nl,math,main/itembank_by_task/math.xliff::number-identification-37,true,false,,2026-06-10T18:06:06.666Z,,true,false,false,manual,1
nl,math,main/itembank_by_task/math.xliff::number-identification-38,true,false,,2026-06-10T18:06:09.776Z,,true,false,false,manual,1
nl,math,main/itembank_by_task/math.xliff::number-identification-39,true,false,,2026-06-10T18:06:13.453Z,,true,false,false,manual,1
nl,math,main/itembank_by_task/math.xliff::number-identification-40,true,false,,2026-06-10T18:06:14.825Z,,true,false,false,manual,1
nl,math,main/itembank_by_task/math.xliff::number-identification-41,true,false,,2026-06-10T18:06:16.625Z,,true,false,false,manual,1
nl,math,main/itembank_by_task/math.xliff::math-instructions1-heavy,true,false,,2026-06-10T18:06:29.393Z,,true,false,false,manual,1
nl,math,main/itembank_by_task/math.xliff::math-intro1-heavy,true,false,,2026-06-10T18:06:36.883Z,,true,false,false,manual,1
nl,math,main/itembank_by_task/math.xliff::math-intro2-heavy,true,false,,2026-06-10T18:06:43.149Z,,true,false,false,manual,1
nl,math,main/itembank_by_task/math.xliff::ns-number-identification-1,true,false,,2026-06-10T18:07:17.472Z,,true,false,false,manual,1
nl,math,main/itembank_by_task/math.xliff::counting-intro,true,false,,2026-06-10T18:06:58.061Z,,true,false,false,manual,1
nl,math,main/itembank_by_task/math.xliff::ns-number-identification-2,true,false,,2026-06-10T18:07:22.761Z,,true,false,false,manual,1
nl,math,main/itembank_by_task/math.xliff::counting-intro-afc,true,false,,2026-06-10T18:07:08.217Z,,true,false,false,manual,1
nl,math,main/itembank_by_task/math.xliff::ns-number-identification-10,true,false,,2026-06-10T18:12:40.027Z,,true,false,false,manual,1
nl,math,main/itembank_by_task/math.xliff::ns-number-identification-7,true,false,,2026-06-10T18:12:38.135Z,,true,false,false,manual,1
nl,math,main/itembank_by_task/math.xliff::ns-number-identification-5,true,false,,2026-06-10T18:07:30.220Z,,true,false,false,manual,1
nl,math,main/itembank_by_task/math.xliff::counting-1,true,false,,2026-06-10T18:12:43.585Z,,true,false,false,manual,1
nl,math,main/itembank_by_task/math.xliff::number-identification-42,true,false,,2026-06-10T18:13:14.033Z,,true,false,false,manual,1
nl,math,main/itembank_by_task/math.xliff::ns-number-comp-2,true,false,,2026-06-10T18:13:11.950Z,,true,false,false,manual,1
nl,math,main/itembank_by_task/math.xliff::counting-2,true,false,,2026-06-10T18:12:45.522Z,,true,false,false,manual,1
nl,math,main/itembank_by_task/math.xliff::ns-number-comp-1,true,false,,2026-06-10T18:12:47.730Z,,true,false,false,manual,1
nl,math,main/itembank_by_task/math.xliff::number-identification-45,true,false,,2026-06-10T18:13:17.097Z,,true,false,false,manual,1
nl,shape-rotation,main/itembank_by_task/shape-rotation.xliff::mental-rotation-prompt2,false,true,"does this need ""matches""?",,2026-06-10T18:21:11.098Z,true,false,false,ai,1
nl,shape-rotation,main/itembank_by_task/shape-rotation.xliff::mental-rotation-instruct-3D,true,false,,2026-06-10T18:18:46.191Z,,true,false,false,manual,1
nl,shape-rotation,main/itembank_by_task/shape-rotation.xliff::mental-rotation-prompt1,true,false,,2026-06-10T18:21:20.118Z,,true,false,false,manual,1
nl,pattern-matching,main/itembank_by_task/pattern-matching.xliff::matrix-reasoning-instruct1,true,false,,2026-06-10T21:37:16.869Z,,true,false,false,manual,1
nl,pattern-matching,main/itembank_by_task/pattern-matching.xliff::matrix-reasoning-instruct2,true,false,,2026-06-10T21:37:27.105Z,,true,false,false,manual,1
nl,pattern-matching,main/itembank_by_task/pattern-matching.xliff::matrix-reasoning-instruct1-part1-downex,true,false,,2026-06-10T21:37:30.168Z,,true,false,false,manual,1
nl,memory-game,main/itembank_by_task/memory-game.xliff::memory-game-instruct2-downex,true,false,,2026-06-11T19:30:45.433Z,,false,true,false,manual,1
nl,memory-game,main/itembank_by_task/memory-game.xliff::memory-game-instruct1-downex,true,false,,2026-06-11T19:30:39.508Z,,false,true,false,manual,1
nl,memory-game,main/itembank_by_task/memory-game.xliff::memory-game-instruct3-downex,true,false,,2026-06-11T19:30:54.643Z,,false,true,false,manual,1
nl,memory-game,main/itembank_by_task/memory-game.xliff::memory-game-instruct4-downex,true,false,,2026-06-11T19:31:00.920Z,,false,true,false,manual,1
nl,memory-game,main/itembank_by_task/memory-game.xliff::memory-game-feedback-incorrect-downex,true,false,,2026-06-11T19:31:15.392Z,,false,true,false,manual,1
nl,memory-game,main/itembank_by_task/memory-game.xliff::memory-game-instruct5-downex,true,false,,2026-06-11T19:31:08.001Z,,false,true,false,manual,1
nl,memory-game,main/itembank_by_task/memory-game.xliff::memory-game-instruct6-downex,true,false,,2026-06-11T19:31:25.340Z,,false,true,false,manual,1
nl,memory-game,main/itembank_by_task/memory-game.xliff::memory-game-instruct7-downex,true,false,,2026-06-11T19:31:38.477Z,,false,true,false,manual,1
nl,memory-game,main/itembank_by_task/memory-game.xliff::memory-game-instruct8-downex,true,false,,2026-06-11T19:32:01.072Z,,false,true,false,manual,1
nl,memory-game,main/itembank_by_task/memory-game.xliff::memory-game-instruct9-downex,true,false,,2026-06-11T19:32:11.703Z,,false,true,false,manual,1
nl,memory-game,main/itembank_by_task/memory-game.xliff::memory-game-instruct10-downex,true,false,,2026-06-11T19:32:24.965Z,,false,true,false,manual,1
nl,memory-game,main/itembank_by_task/memory-game.xliff::memory-game-instruct11-downex,false,true,sync on backward,,2026-06-11T19:32:34.849Z,false,false,true,ai,1
nl,shape-rotation,main/itembank_by_task/shape-rotation.xliff::mental-rotation-instruct1-part2-downex,false,true,retain the word picture or not needed?,,2026-06-10T18:30:03.347Z,true,false,false,ai,0.7
nl,shape-rotation,main/itembank_by_task/shape-rotation.xliff::mental-rotation-instruct1-part1-downex,false,true,"consistency with the word for ""picture"" across items",,2026-06-10T18:21:46.975Z,true,false,false,ai,0.9
nl,shape-rotation,main/itembank_by_task/shape-rotation.xliff::mental-rotation-instruct2-downex,false,true,"consistency with the word for ""picture"" across items",,2026-06-10T18:28:22.979Z,true,false,false,ai,1
nl,shape-rotation,main/itembank_by_task/shape-rotation.xliff::mental-rotation-instruct3-downex,false,true,"consistency with the word for ""picture"" across items",,2026-06-10T18:29:33.133Z,true,false,false,ai,1
nl,shape-rotation,main/itembank_by_task/shape-rotation.xliff::mental-rotation-instruct4-downex,false,true,"consistency with the word for ""picture"" across items",,2026-06-10T18:29:36.733Z,true,false,false,ai,1
nl,shape-rotation,main/itembank_by_task/shape-rotation.xliff::mental-rotation-prompt1-downex,true,false,,2026-06-10T18:30:24.080Z,,true,false,false,manual,1
nl,shape-rotation,main/itembank_by_task/shape-rotation.xliff::mental-rotation-feedback-incorrect-downex,false,true,"consistency with the word for ""picture"" across items, also ""where the picture fits""",,2026-06-10T18:31:20.613Z,true,false,false,ai,0.9
nl,shape-rotation,main/itembank_by_task/shape-rotation.xliff::mental-rotation-instruct5-downex,false,true,fits vs. right place - just making sure there is consistency,2026-06-10T18:33:34.381Z,2026-06-10T18:33:52.186Z,true,false,false,ai,1
nl,shape-rotation,main/itembank_by_task/shape-rotation.xliff::mental-rotation-prompt2-downex,false,true,fits vs. right place - just making sure there is consistency,,2026-06-10T18:33:56.902Z,true,false,false,ai,1
nl,shape-rotation,main/itembank_by_task/shape-rotation.xliff::mental-rotation-instruct6-downex,true,false,,2026-06-10T18:35:04.538Z,,true,false,false,manual,1
nl,hearts-and-flowers,main/itembank_by_task/hearts-and-flowers.xliff::hearts-and-flowers-click-reminder,true,false,,2026-06-11T18:58:29.400Z,,false,true,false,manual,1
nl,hearts-and-flowers,main/itembank_by_task/hearts-and-flowers.xliff::hearts-and-flowers-instruct4,true,false,,2026-06-11T18:58:55.366Z,,false,true,false,manual,1
nl,hearts-and-flowers,main/itembank_by_task/hearts-and-flowers.xliff::hearts-and-flowers-instruct-touchscreen,true,false,,2026-06-11T18:58:14.566Z,,false,true,false,manual,1
nl,hearts-and-flowers,main/itembank_by_task/hearts-and-flowers.xliff::hearts-and-flowers-instruct-keyboard,true,false,,2026-06-11T18:58:48.188Z,,false,true,false,manual,1
nl,hearts-and-flowers,main/itembank_by_task/hearts-and-flowers.xliff::hearts-and-flowers-press-any-key,true,false,,2026-06-11T18:58:58.459Z,,false,true,false,manual,1
nl,hearts-and-flowers,main/itembank_by_task/hearts-and-flowers.xliff::hearts-and-flowers-instruct-button-touch,true,false,,2026-06-11T18:59:40.031Z,,false,true,false,manual,1
nl,hearts-and-flowers,main/itembank_by_task/hearts-and-flowers.xliff::hearts-and-flowers-instruct-key-press,true,false,,2026-06-11T18:59:37.321Z,,false,true,false,manual,1
nl,math,main/itembank_by_task/math.xliff::adult-reasoning-instructions,true,false,,2026-06-11T19:05:47.417Z,,false,true,false,manual,1
pt-br,vocab,main/itembank_by_task/vocab.xliff::vocab-item-062,false,true,means laziness and not an actual sloth,,2026-04-16T03:21:41.471Z,false,false,false,ai,0.08