{"type":"FeatureCollection","features":[{"type":"Feature","properties":{"layer":"city","location_id":"US-sf","city_name":"San Francisco","order":0,"color":"#2563eb"},"geometry":{"type":"MultiPolygon","coordinates":[[[[-123.00111,37.772053],[-123.006154,37.773524],[-123.0108475,37.7749243],[-123.01697,37.776069],[-123.02585,37.77709],[-123.031436,37.777153],[-123.033841,37.778375],[-123.035097,37.780431],[-123.0366485,37.784444],[-123.038726,37.788881],[-123.043,37.7947642],[-123.0485017,37.800034],[-123.0535314,37.8041641],[-123.059355,37.808138],[-123.070494,37.81383],[-123.081646,37.818151],[-123.095261,37.821877],[-123.1050169,37.823106],[-123.1138532,37.8232416],[-123.118289,37.823058],[-123.126114,37.821664],[-123.132272,37.819676],[-123.139441,37.816719],[-123.147209,37.811951],[-123.153335,37.807444],[-123.153863,37.807065],[-123.160936,37.802002],[-123.166012,37.796885],[-123.169107,37.792365],[-123.173715,37.776113],[-123.173825,37.775727],[-123.173763,37.771831],[-123.172926,37.7636],[-123.169985,37.75593],[-123.166699,37.74993],[-123.162751,37.743533],[-123.156757,37.73784],[-123.149127,37.732279],[-123.141495,37.72616],[-123.132597,37.719393],[-123.126114,37.71673],[-123.119645,37.715441],[-123.115575,37.714045],[-123.104921,37.712648],[-123.099647,37.713591],[-123.094801,37.714067],[-123.09285,37.713688],[-123.0918,37.711872],[-123.0899301,37.7081025],[-123.088784,37.705792],[-123.086057,37.70075],[-123.08188,37.69684],[-123.077155,37.692324],[-123.074921,37.690066],[-123.073063,37.682583],[-123.068589,37.673041],[-123.063578,37.667316],[-123.05358,37.658648],[-123.040696,37.650328],[-123.027153,37.645221],[-123.011605,37.641506],[-123.0011315,37.6403143],[-122.992589,37.641016],[-122.9896886,37.6413968],[-122.986747,37.641783],[-122.980513,37.6439],[-122.973012,37.646581],[-122.963006,37.651984],[-122.954876,37.658348],[-122.949068,37.663377],[-122.945009,37.669773],[-122.941364,37.67658],[-122.939661,37.682353],[-122.939026,37.686544],[-122.937339,37.69093],[-122.93571,37.697618],[-122.935865,37.702459],[-122.937679,37.709241],[-122.937917,37.709956],[-122.939711,37.71535],[-122.942294,37.721057],[-122.945523,37.725314],[-122.949985,37.732187],[-122.95464,37.736827],[-122.958391,37.739734],[-122.961057,37.741955],[-122.964099,37.744281],[-122.967271,37.746303],[-122.970449,37.747818],[-122.973256,37.748652],[-122.974061,37.749929],[-122.975448,37.752585],[-122.977596,37.754976],[-122.981429,37.758916],[-122.9830301,37.760203],[-122.9871818,37.7640703],[-122.9915659,37.7672733],[-122.9945311,37.7692015],[-122.997538,37.770784],[-123.00111,37.772053]]],[[[-122.4051391,37.708248],[-122.3955378,37.7082534],[-122.3911265,37.7082459],[-122.3760826,37.7082202],[-122.3760831,37.7082519],[-122.2814578,37.7082002],[-122.2961497,37.7313792],[-122.3036158,37.7432194],[-122.3124526,37.7571606],[-122.3201327,37.7691528],[-122.3289108,37.7830802],[-122.3307671,37.7859061],[-122.3337551,37.7906314],[-122.3397404,37.8000005],[-122.3466351,37.8108018],[-122.3473073,37.8126781],[-122.3558935,37.8356877],[-122.3574533,37.8399877],[-122.3622273,37.8526702],[-122.3661865,37.86339],[-122.3686918,37.8698665],[-122.3705269,37.8749272],[-122.3717246,37.8780769],[-122.37382,37.8835693],[-122.3780949,37.8869901],[-122.4264924,37.9251798],[-122.4321472,37.9296678],[-122.418742,37.8525993],[-122.4473403,37.8416714],[-122.453983,37.839027],[-122.4722505,37.8321604],[-122.4728275,37.8319847],[-122.4729984,37.8319829],[-122.4731245,37.8320162],[-122.4733702,37.8320639],[-122.4734088,37.8320727],[-122.4736616,37.8321749],[-122.4736886,37.8322126],[-122.473772,37.8322847],[-122.4738301,37.8324684],[-122.4739534,37.8327137],[-122.4740682,37.8330455],[-122.4740632,37.8336006],[-122.4741459,37.8337099],[-122.4743512,37.8337841],[-122.4750013,37.8337337],[-122.4751658,37.8337112],[-122.4754154,37.8337374],[-122.475616,37.8337393],[-122.4757936,37.8337182],[-122.4760042,37.8336995],[-122.4762694,37.8337098],[-122.476721,37.8337376],[-122.4770145,37.8336546],[-122.4774765,37.8334591],[-122.4776379,37.8333893],[-122.4779586,37.8332979],[-122.4781082,37.8331828],[-122.4781747,37.8330848],[-122.4781806,37.8329184],[-122.478174,37.8328314],[-122.4781541,37.8326907],[-122.4781202,37.832628],[-122.4778734,37.8324043],[-122.4778667,37.8323906],[-122.4778371,37.8323348],[-122.4777384,37.8321438],[-122.4777365,37.8317976],[-122.4777505,37.8316821],[-122.4777932,37.8315238],[-122.4779971,37.8313194],[-122.4784356,37.8309889],[-122.4785473,37.8309062],[-122.47878,37.8304298],[-122.4789275,37.8300703],[-122.4789575,37.8298951],[-122.4789711,37.8297002],[-122.478965,37.8296394],[-122.478942,37.8295488],[-122.4788861,37.8294205],[-122.4787113,37.8292737],[-122.4786368,37.8290906],[-122.4786248,37.8288767],[-122.4786485,37.8286572],[-122.4786912,37.8285001],[-122.4787441,37.8283338],[-122.4787994,37.8282716],[-122.4788098,37.8282095],[-122.4787183,37.8281416],[-122.4787042,37.8280326],[-122.4787968,37.8278709],[-122.4788354,37.8277903],[-122.4788315,37.8277171],[-122.4787136,37.8275756],[-122.4787121,37.8275502],[-122.4787619,37.8274343],[-122.4787625,37.8272505],[-122.4787169,37.827115],[-122.4787407,37.8269407],[-122.478739,37.8268365],[-122.4787108,37.8267859],[-122.4786615,37.8267408],[-122.4785996,37.8266808],[-122.4784911,37.8265931],[-122.478441,37.8265314],[-122.4784126,37.8264739],[-122.4784019,37.8263339],[-122.4784074,37.8262067],[-122.4783866,37.8260787],[-122.4783388,37.8259506],[-122.4782605,37.8258029],[-122.4781884,37.8256372],[-122.478148,37.8254867],[-122.4781461,37.8253872],[-122.4781678,37.8253321],[-122.4782135,37.8252777],[-122.4783045,37.8252621],[-122.4784173,37.8252765],[-122.4785895,37.8253183],[-122.4787238,37.8253815],[-122.4789165,37.8255421],[-122.4791478,37.8255145],[-122.4793261,37.8254743],[-122.4796277,37.8254487],[-122.4798923,37.8255159],[-122.4800354,37.8255516],[-122.4802436,37.8255659],[-122.4803655,37.8256002],[-122.4804603,37.8256687],[-122.4806011,37.8257843],[-122.4808107,37.8258734],[-122.4810547,37.8259133],[-122.48123,37.8259605],[-122.4815559,37.8260222],[-122.4816996,37.8260361],[-122.4818324,37.8260413],[-122.4819427,37.8259967],[-122.4820204,37.8259479],[-122.482174,37.8259166],[-122.4822032,37.8258985],[-122.4822359,37.8258598],[-122.4822537,37.8258159],[-122.4822985,37.8257725],[-122.4823696,37.8257384],[-122.482463,37.8257281],[-122.4825559,37.8257226],[-122.4826541,37.8257233],[-122.4828803,37.8257089],[-122.4830295,37.8257005],[-122.4831138,37.8257146],[-122.4831447,37.8257395],[-122.4831855,37.8257938],[-122.4831933,37.8258518],[-122.4832023,37.8259388],[-122.4832302,37.8260257],[-122.4832911,37.8261452],[-122.4833165,37.8262387],[-122.4833106,37.8263211],[-122.4833166,37.8263922],[-122.4833869,37.8265136],[-122.4834378,37.8266089],[-122.4835081,37.8266417],[-122.4835925,37.826652],[-122.4843019,37.826891],[-122.4845035,37.8268961],[-122.4846095,37.8268961],[-122.4847401,37.8268762],[-122.4848079,37.8268223],[-122.484853,37.826778],[-122.484874,37.8267221],[-122.4849184,37.8266151],[-122.4849682,37.8265438],[-122.4850281,37.8265217],[-122.4850951,37.8265063],[-122.4851503,37.8265131],[-122.4852033,37.8265168],[-122.4852531,37.8264879],[-122.4853511,37.826411],[-122.4854585,37.82636],[-122.4855247,37.8263526],[-122.4857823,37.8263594],[-122.4858617,37.8263508],[-122.4860291,37.8262567],[-122.4861598,37.8262303],[-122.4862065,37.8262284],[-122.4862914,37.8262487],[-122.4864136,37.8262887],[-122.4865288,37.8262924],[-122.4866385,37.8262917],[-122.4867156,37.8262887],[-122.4867848,37.8262961],[-122.4868728,37.8263348],[-122.4869296,37.8263692],[-122.4870137,37.8264043],[-122.4870666,37.8264122],[-122.4872627,37.8264295],[-122.4874628,37.8264301],[-122.4875857,37.8264528],[-122.488073,37.826625],[-122.4882014,37.8266797],[-122.4882644,37.8267104],[-122.4883213,37.8267246],[-122.4884217,37.8267282],[-122.4889595,37.8266969],[-122.4891463,37.8266963],[-122.4892716,37.8267184],[-122.4894,37.8267608],[-122.4894506,37.8267731],[-122.4896063,37.8267922],[-122.4897137,37.8267916],[-122.4898491,37.8267701],[-122.4902616,37.8266459],[-122.4904399,37.826609],[-122.49104,37.8265204],[-122.491219,37.8264768],[-122.4913412,37.8264245],[-122.4914229,37.8263821],[-122.4914969,37.8263323],[-122.4915295,37.8262776],[-122.4915669,37.8262118],[-122.4915653,37.8261719],[-122.4915622,37.8261141],[-122.4915436,37.8260538],[-122.4915358,37.825985],[-122.4915366,37.8259075],[-122.4915412,37.8258473],[-122.4915825,37.8257538],[-122.4916712,37.8256382],[-122.491816,37.8254704],[-122.4918829,37.8254261],[-122.4919273,37.8253929],[-122.4919631,37.8253333],[-122.4919833,37.8252583],[-122.4919958,37.825163],[-122.4920269,37.8250622],[-122.4920705,37.825005],[-122.4921584,37.8249294],[-122.4922729,37.8248501],[-122.4923343,37.8248329],[-122.4925328,37.8248304],[-122.4925974,37.8248126],[-122.4926721,37.8247818],[-122.4927476,37.8247683],[-122.4928441,37.8247714],[-122.4928994,37.8247529],[-122.4931827,37.8246281],[-122.4932333,37.8246035],[-122.4932458,37.8245685],[-122.4932875,37.8244071],[-122.4933134,37.8242813],[-122.4934161,37.824122],[-122.4934467,37.8240045],[-122.4934857,37.8239309],[-122.4935718,37.8238629],[-122.4937676,37.8237734],[-122.4938502,37.823725],[-122.4941581,37.8234482],[-122.4942525,37.8233951],[-122.4943374,37.8233727],[-122.4944188,37.8233401],[-122.4944837,37.8233019],[-122.4945451,37.8232535],[-122.4946961,37.8230457],[-122.4948483,37.8228509],[-122.4949072,37.8227549],[-122.494945,37.8226766],[-122.4949981,37.8226226],[-122.4950842,37.8225797],[-122.4952387,37.8224912],[-122.4956977,37.8222358],[-122.4958947,37.822083],[-122.4959537,37.8220476],[-122.4959902,37.8220448],[-122.4960327,37.8220606],[-122.4960917,37.8220979],[-122.4961424,37.822165],[-122.4961719,37.8222377],[-122.496225,37.8223803],[-122.4962687,37.8224157],[-122.4963206,37.822439],[-122.4963866,37.8224437],[-122.4964775,37.8224353],[-122.4966957,37.8223756],[-122.4968161,37.822371],[-122.496914,37.8223812],[-122.4970107,37.8223924],[-122.497085,37.8224101],[-122.4971605,37.8224204],[-122.4972455,37.8224204],[-122.497295,37.8224185],[-122.4973634,37.8223999],[-122.497426,37.8223803],[-122.4975074,37.8223803],[-122.4976242,37.8223877],[-122.4976902,37.822398],[-122.4977634,37.8224054],[-122.497846,37.8223961],[-122.4980795,37.8223542],[-122.4982553,37.8223458],[-122.4983403,37.8223551],[-122.4984087,37.8223719],[-122.4984712,37.8223775],[-122.4987331,37.8223598],[-122.4988346,37.8223328],[-122.498962,37.8222759],[-122.4990068,37.8222759],[-122.4990729,37.8222759],[-122.4991472,37.8222526],[-122.4993501,37.8221697],[-122.4996427,37.8219926],[-122.499809,37.821891],[-122.4999907,37.8216571],[-122.5000178,37.8215817],[-122.5000273,37.8215118],[-122.5000025,37.8214493],[-122.499927,37.8213617],[-122.499914,37.8213356],[-122.4999128,37.8213105],[-122.4999187,37.821167],[-122.4999471,37.821098],[-122.49996,37.8210244],[-122.4999471,37.8209806],[-122.4999223,37.8209433],[-122.4997866,37.8208399],[-122.4997288,37.820797],[-122.4996946,37.820756],[-122.4996509,37.8206572],[-122.499625,37.8205873],[-122.4996085,37.8205249],[-122.4995754,37.8204839],[-122.49952,37.8204419],[-122.4994233,37.8204056],[-122.499185,37.8202844],[-122.4991673,37.8202462],[-122.4991496,37.8201829],[-122.4991271,37.8201027],[-122.4991425,37.8200561],[-122.499192,37.8199946],[-122.4992498,37.8199499],[-122.4993053,37.8199182],[-122.4993938,37.8199042],[-122.49952,37.8198921],[-122.4995861,37.8198996],[-122.4996663,37.8199303],[-122.4997394,37.8199434],[-122.4998196,37.8199452],[-122.5001264,37.8199368],[-122.5002219,37.8199396],[-122.5002821,37.8199359],[-122.5003989,37.8199406],[-122.500498,37.8199489],[-122.5005959,37.8199816],[-122.5006974,37.8200216],[-122.5007917,37.8200971],[-122.5008897,37.8201819],[-122.500938,37.8202574],[-122.5009817,37.820331],[-122.5010383,37.8203832],[-122.501187,37.8204783],[-122.5012577,37.8205752],[-122.5012872,37.8206218],[-122.5013533,37.8206693],[-122.5014264,37.8207178],[-122.5016954,37.8208855],[-122.5018063,37.8209806],[-122.501837,37.8210253],[-122.5018405,37.8210533],[-122.5018193,37.8210961],[-122.5017733,37.8211446],[-122.5015763,37.8212853],[-122.501555,37.8213114],[-122.501548,37.8213505],[-122.501548,37.821399],[-122.5015645,37.8214596],[-122.5016046,37.8215006],[-122.5017214,37.8215667],[-122.5017863,37.8215807],[-122.501857,37.8215742],[-122.5019125,37.8215761],[-122.502014,37.8215528],[-122.5020588,37.8215295],[-122.5020954,37.8214922],[-122.5021071,37.8214577],[-122.5021048,37.8214148],[-122.5020906,37.8213496],[-122.5020847,37.8213151],[-122.5020871,37.8212918],[-122.5021024,37.8212788],[-122.5021331,37.8212695],[-122.5022074,37.8212676],[-122.5022983,37.8212657],[-122.5023466,37.8212471],[-122.5024516,37.8212163],[-122.5025472,37.8211744],[-122.5026062,37.821125],[-122.5027241,37.8210374],[-122.502802,37.8209815],[-122.5028917,37.8209303],[-122.502999,37.8209004],[-122.5031194,37.8208771],[-122.5032114,37.8208725],[-122.5033435,37.8208874],[-122.5034284,37.8209181],[-122.5034745,37.8209424],[-122.5034898,37.8209666],[-122.5034898,37.8209918],[-122.5034674,37.8210113],[-122.503419,37.8210253],[-122.5033895,37.8210495],[-122.5033765,37.8210803],[-122.503386,37.821112],[-122.5034155,37.8211381],[-122.5034591,37.8211558],[-122.5035169,37.8211502],[-122.5036797,37.8211325],[-122.5037718,37.8211027],[-122.5038874,37.8210514],[-122.5039865,37.8210067],[-122.5040679,37.820988],[-122.5041363,37.8209787],[-122.5042436,37.8209433],[-122.5044654,37.820907],[-122.5045303,37.820907],[-122.5045822,37.8209125],[-122.5046389,37.8209293],[-122.5046813,37.8209862],[-122.5046872,37.8210216],[-122.5046872,37.8210579],[-122.5047096,37.8210989],[-122.5047474,37.8211418],[-122.5048005,37.8211632],[-122.50483,37.8211791],[-122.5048618,37.821194],[-122.5048772,37.8212182],[-122.5048595,37.8212583],[-122.5048524,37.8212909],[-122.5048654,37.8213151],[-122.5048654,37.8213664],[-122.5048465,37.8214298],[-122.5048264,37.8215146],[-122.5048076,37.8215658],[-122.504758,37.8216031],[-122.5047273,37.8216171],[-122.5046896,37.8216217],[-122.5046365,37.8216506],[-122.504574,37.8216925],[-122.5045504,37.8217224],[-122.5045575,37.8217475],[-122.5046164,37.8217792],[-122.5048547,37.8219078],[-122.5049161,37.8219153],[-122.5051284,37.8219171],[-122.5051957,37.8219181],[-122.5052511,37.8219227],[-122.5053078,37.8219395],[-122.5053526,37.821988],[-122.5053597,37.8220597],[-122.5053738,37.8221063],[-122.5054057,37.8221268],[-122.5054824,37.8221473],[-122.5055413,37.8221622],[-122.5055567,37.8221809],[-122.5055413,37.8222088],[-122.505526,37.8222396],[-122.5055331,37.8222685],[-122.5055944,37.8223076],[-122.5056829,37.8223616],[-122.5057336,37.8223877],[-122.5057561,37.8224138],[-122.5057667,37.822452],[-122.5057643,37.8224893],[-122.5057195,37.8225173],[-122.5056133,37.8225611],[-122.5055048,37.8225956],[-122.5054364,37.8226198],[-122.5054092,37.822631],[-122.5053927,37.8226561],[-122.505401,37.822699],[-122.5054352,37.8227447],[-122.5054788,37.822835],[-122.5055154,37.8229143],[-122.5055602,37.8229506],[-122.5057667,37.8230438],[-122.5058646,37.8231016],[-122.5060498,37.8232218],[-122.5062952,37.8233783],[-122.5064026,37.8234314],[-122.5066225,37.8234729],[-122.5067334,37.8235054],[-122.5068361,37.8235589],[-122.5069552,37.8235979],[-122.5070908,37.8236417],[-122.5072941,37.823692],[-122.5073948,37.823739],[-122.5075139,37.823765],[-122.507707,37.8237893],[-122.5078117,37.8238007],[-122.5079863,37.8238283],[-122.5081363,37.8238558],[-122.508241,37.8238591],[-122.5083211,37.8238802],[-122.5083869,37.8239126],[-122.5085183,37.8239775],[-122.5086231,37.8240311],[-122.5087217,37.8240651],[-122.5088121,37.8240781],[-122.5089373,37.8240781],[-122.5090626,37.8240976],[-122.5091284,37.8241057],[-122.5092516,37.8241479],[-122.5094118,37.8242436],[-122.5096398,37.8243166],[-122.5100958,37.8244286],[-122.5103074,37.8244529],[-122.510445,37.8244708],[-122.5105929,37.8244919],[-122.5107408,37.824534],[-122.5111393,37.8245924],[-122.5113652,37.8246314],[-122.5114083,37.824659],[-122.5116405,37.8246606],[-122.5117103,37.8246346],[-122.5119609,37.8245973],[-122.5120246,37.8245843],[-122.5120533,37.8245454],[-122.5120615,37.8244854],[-122.5120759,37.8244367],[-122.512117,37.8243961],[-122.5121622,37.8243815],[-122.5121992,37.8243523],[-122.5122361,37.8243183],[-122.5122936,37.8243085],[-122.5123386,37.8243201],[-122.512351,37.8243717],[-122.5123837,37.8244848],[-122.5124444,37.8245303],[-122.5126016,37.8245906],[-122.5127106,37.8246225],[-122.5127853,37.824625],[-122.5130733,37.8246521],[-122.5131792,37.8246926],[-122.5135823,37.8249447],[-122.5136773,37.8249582],[-122.514026,37.8250603],[-122.514219,37.8251045],[-122.5144385,37.8251574],[-122.5147078,37.825257],[-122.5147996,37.8252841],[-122.5148821,37.8252927],[-122.5150534,37.8252964],[-122.5155328,37.8253136],[-122.5157041,37.825321],[-122.5158068,37.8253431],[-122.5159267,37.8253628],[-122.5160185,37.8253677],[-122.5161181,37.8253542],[-122.51621,37.8253308],[-122.5162987,37.8252841],[-122.5163843,37.8252263],[-122.5164933,37.8251943],[-122.5165742,37.8251488],[-122.5166412,37.8250947],[-122.5166941,37.8250406],[-122.5167283,37.8249902],[-122.516747,37.824914],[-122.5167875,37.8248316],[-122.5168467,37.824775],[-122.5168762,37.8247283],[-122.5169027,37.8246828],[-122.5169416,37.8246496],[-122.5169945,37.8246275],[-122.5170381,37.8246275],[-122.5170724,37.8246533],[-122.5170895,37.8246877],[-122.5171455,37.8249533],[-122.5171611,37.8250222],[-122.5171876,37.8250763],[-122.5172452,37.8251267],[-122.5172919,37.8251537],[-122.5173386,37.825166],[-122.5174288,37.8251795],[-122.5175534,37.8251869],[-122.5176343,37.8252005],[-122.5176935,37.8252152],[-122.5177822,37.8252546],[-122.5178647,37.8253013],[-122.5180033,37.8253566],[-122.5180671,37.8253751],[-122.518134,37.8253849],[-122.5181854,37.8253886],[-122.5182554,37.8253812],[-122.5183411,37.825364],[-122.5184376,37.8253222],[-122.5186275,37.8253062],[-122.5187536,37.8253259],[-122.5188625,37.8253296],[-122.5189482,37.8253259],[-122.5190198,37.8253111],[-122.5190774,37.8252865],[-122.5191069,37.825257],[-122.5192159,37.8250935],[-122.5192751,37.8250246],[-122.5193295,37.8249865],[-122.5193996,37.8249853],[-122.5194369,37.8249988],[-122.5194961,37.825032],[-122.5195319,37.8250443],[-122.5195988,37.8250652],[-122.5196471,37.8250701],[-122.5196969,37.8250824],[-122.5197203,37.8250922],[-122.5197312,37.8251181],[-122.5197343,37.8251402],[-122.5197405,37.825166],[-122.5198121,37.8252041],[-122.5198526,37.8252226],[-122.5199211,37.8252263],[-122.5199756,37.8252201],[-122.5200612,37.8252201],[-122.5201312,37.825225],[-122.520195,37.8252373],[-122.5202667,37.8252312],[-122.5203383,37.8252226],[-122.5204208,37.8252287],[-122.5204784,37.8252373],[-122.5206451,37.8252531],[-122.5207969,37.8252489],[-122.5209134,37.8252296],[-122.5209839,37.8252296],[-122.5210598,37.825206],[-122.5211845,37.8251697],[-122.5212604,37.8251226],[-122.5213796,37.8250819],[-122.5214691,37.8250712],[-122.5215829,37.8250669],[-122.5217184,37.8250669],[-122.5217807,37.8250926],[-122.5218892,37.8251333],[-122.5219569,37.825144],[-122.5220545,37.8251461],[-122.5221548,37.8251268],[-122.522377,37.8250626],[-122.5224583,37.825069],[-122.5225667,37.8250712],[-122.5227131,37.8250433],[-122.5227944,37.8250348],[-122.5228757,37.8250241],[-122.5229624,37.8250348],[-122.5230762,37.8250452],[-122.5231213,37.8250415],[-122.5231914,37.825012],[-122.523263,37.8249911],[-122.5233097,37.8249689],[-122.523333,37.824932],[-122.5233766,37.8249111],[-122.5234342,37.8249074],[-122.5234934,37.8249111],[-122.5235603,37.8249148],[-122.5235261,37.8248619],[-122.5235027,37.8248152],[-122.5234949,37.8247599],[-122.5235027,37.8247132],[-122.523551,37.8246898],[-122.5236148,37.8246898],[-122.5236771,37.8247033],[-122.5237253,37.8247365],[-122.5237767,37.8247439],[-122.5238327,37.8247378],[-122.5238685,37.8247169],[-122.523909,37.8246701],[-122.5239183,37.8246],[-122.5239168,37.8245373],[-122.5238934,37.8244771],[-122.5238327,37.824375],[-122.5238343,37.8242779],[-122.5238343,37.8241685],[-122.5238234,37.824118],[-122.5238078,37.824075],[-122.5237969,37.8240283],[-122.5238125,37.8239742],[-122.5238358,37.8239361],[-122.5238934,37.8238635],[-122.5239682,37.823802],[-122.524102,37.8237848],[-122.5242172,37.8237688],[-122.5243231,37.8237356],[-122.5243869,37.8237086],[-122.5244492,37.8236557],[-122.5245099,37.823593],[-122.5246079,37.8234602],[-122.5246469,37.8233606],[-122.524664,37.8232659],[-122.5246936,37.8232094],[-122.5247122,37.823138],[-122.5247543,37.8230864],[-122.524773,37.8230347],[-122.524773,37.8229905],[-122.524748,37.8229376],[-122.5246827,37.8228675],[-122.524555,37.8227655],[-122.5245036,37.8227482],[-122.5244336,37.8226929],[-122.5244165,37.8226732],[-122.5244102,37.8226425],[-122.5244149,37.8226056],[-122.5244538,37.8225859],[-122.5247745,37.8224703],[-122.5249037,37.8223855],[-122.5249411,37.8223757],[-122.5249924,37.8223757],[-122.5250485,37.8223917],[-122.5252649,37.8224716],[-122.5253411,37.822474],[-122.5253941,37.8224691],[-122.525503,37.822431],[-122.5255326,37.8224126],[-122.5255513,37.8223855],[-122.5255466,37.8223474],[-122.5254968,37.8223203],[-122.5254096,37.8222834],[-122.5253738,37.8222564],[-122.5253676,37.8222269],[-122.5254065,37.8221826],[-122.5254454,37.822158],[-122.5254626,37.8221162],[-122.5254875,37.8220683],[-122.5255746,37.8220461],[-122.525654,37.8220338],[-122.5257225,37.8220215],[-122.5257801,37.821981],[-122.5258315,37.8219182],[-122.5258688,37.8218531],[-122.5258984,37.8218113],[-122.525914,37.8217719],[-122.5259124,37.8217276],[-122.5258735,37.8216772],[-122.5257895,37.8216121],[-122.5256945,37.8215432],[-122.5256509,37.8214879],[-122.525626,37.8214424],[-122.5256369,37.821403],[-122.5256774,37.8213575],[-122.5256914,37.821301],[-122.5257537,37.8212641],[-122.5258066,37.8212542],[-122.5258657,37.8212616],[-122.5259124,37.8212592],[-122.5259233,37.8212309],[-122.5258517,37.8211731],[-122.5257863,37.8211079],[-122.5257817,37.8210845],[-122.5258112,37.8210526],[-122.5258844,37.8210513],[-122.5259327,37.8210526],[-122.5259622,37.8210292],[-122.5260136,37.8210022],[-122.5260588,37.8209972],[-122.5261179,37.8210034],[-122.5261848,37.8210267],[-122.5263888,37.8211399],[-122.5264448,37.8211792],[-122.526518,37.8211964],[-122.526574,37.8211964],[-122.5266005,37.8211891],[-122.5266067,37.8211694],[-122.526409,37.8209198],[-122.5264028,37.820889],[-122.5264277,37.8208546],[-122.5264853,37.8208288],[-122.5265242,37.8208288],[-122.5266005,37.8208583],[-122.5267748,37.8209726],[-122.5268776,37.8210378],[-122.5269694,37.8210722],[-122.5270737,37.8210919],[-122.5271796,37.8210895],[-122.5272496,37.8210833],[-122.5277244,37.820964],[-122.5279112,37.8208927],[-122.5281774,37.8207538],[-122.5283206,37.8206824],[-122.5284031,37.8206037],[-122.5284809,37.8205115],[-122.5285494,37.8204451],[-122.5286304,37.8204045],[-122.528825,37.8203295],[-122.5288872,37.8203123],[-122.5289246,37.8202939],[-122.5289417,37.820273],[-122.528951,37.8202324],[-122.5289744,37.8201967],[-122.5290055,37.8201697],[-122.5290491,37.8201475],[-122.5290585,37.8201254],[-122.5289557,37.8199434],[-122.5289557,37.8199114],[-122.5289884,37.8198721],[-122.5290382,37.8198524],[-122.529116,37.8198536],[-122.5291908,37.8198561],[-122.5292235,37.8198475],[-122.5292546,37.8198229],[-122.5292639,37.8197713],[-122.5292842,37.8195118],[-122.5292779,37.8194724],[-122.5292421,37.8194528],[-122.5289805,37.8192977],[-122.529042,37.8192355],[-122.5287643,37.8190333],[-122.5288622,37.818956],[-122.5292055,37.8191802],[-122.5291188,37.8192558],[-122.5293205,37.8193729],[-122.5293991,37.8192995],[-122.5294438,37.8192303],[-122.5295028,37.8191822],[-122.529569,37.8191342],[-122.5296137,37.8190763],[-122.529637,37.8190113],[-122.5296566,37.8189421],[-122.5296495,37.8188743],[-122.5296405,37.8187613],[-122.529637,37.8186398],[-122.5296066,37.8185946],[-122.5294152,37.8184392],[-122.5293526,37.8183926],[-122.529333,37.8183559],[-122.5293258,37.8182881],[-122.5293294,37.8182189],[-122.5293508,37.8181158],[-122.5293365,37.8180578],[-122.5293097,37.8180084],[-122.5292668,37.8179717],[-122.5291899,37.8179406],[-122.5291202,37.8179067],[-122.5290022,37.8178544],[-122.5289664,37.8178064],[-122.528936,37.8177287],[-122.5289056,37.8176369],[-122.5288341,37.8175267],[-122.52875,37.8174165],[-122.5287196,37.8173643],[-122.5287089,37.8173021],[-122.5287089,37.81724],[-122.5287161,37.817199],[-122.5287643,37.8171609],[-122.5288394,37.8171609],[-122.528911,37.8171679],[-122.5289914,37.8171425],[-122.5290934,37.8170634],[-122.5291559,37.8169998],[-122.5291613,37.8169574],[-122.5290773,37.8168967],[-122.5289434,37.8168106],[-122.5288859,37.8167376],[-122.5288345,37.8166532],[-122.5287729,37.8165282],[-122.5287565,37.8164471],[-122.528738,37.8163952],[-122.5287215,37.8163465],[-122.5286969,37.8163043],[-122.5286579,37.8162719],[-122.5285819,37.8162167],[-122.5285264,37.8161632],[-122.5284915,37.8161242],[-122.5284525,37.8160609],[-122.5283908,37.8159619],[-122.5283518,37.8159311],[-122.5282984,37.8159198],[-122.5282306,37.8159068],[-122.5281423,37.8158776],[-122.5280971,37.8158321],[-122.5280437,37.8157413],[-122.5280232,37.8156682],[-122.5279985,37.8155806],[-122.5279965,37.8154605],[-122.5280088,37.8152967],[-122.528015,37.815248],[-122.5280478,37.8152301],[-122.5280992,37.8152317],[-122.528132,37.8152691],[-122.528169,37.8153729],[-122.5282183,37.8154394],[-122.5282943,37.8154849],[-122.5283888,37.8155092],[-122.5285018,37.8155206],[-122.5285572,37.8154979],[-122.5286086,37.8154638],[-122.5286476,37.8154411],[-122.5286948,37.8154394],[-122.5287441,37.8154605],[-122.5287934,37.8155206],[-122.5288345,37.8155757],[-122.5288694,37.8155936],[-122.5289865,37.8156082],[-122.5290625,37.8156131],[-122.5291221,37.815605],[-122.5291837,37.8155806],[-122.5292227,37.8155514],[-122.529272,37.8155011],[-122.5293131,37.8153745],[-122.5293521,37.8151977],[-122.529385,37.8151766],[-122.5294507,37.8151863],[-122.5294898,37.8152058],[-122.5295062,37.8152593],[-122.5295329,37.8153145],[-122.5295658,37.8153388],[-122.5296048,37.8153551],[-122.5296623,37.8153583],[-122.5297691,37.8153599],[-122.5300279,37.8153307],[-122.530071,37.8153453],[-122.5301101,37.8153729],[-122.6162066,37.8153638],[-122.6139438,37.8138868],[-122.600236,37.802483],[-122.588174,37.789362],[-122.584728,37.779156],[-122.581281,37.760203],[-122.578294,37.733988],[-122.5754041,37.7082697],[-122.502254,37.708254],[-122.4940578,37.7082567],[-122.4865167,37.7082591],[-122.4708452,37.7082471],[-122.4249796,37.7082527],[-122.4062381,37.7082483],[-122.4051391,37.708248]]]]}},{"type":"Feature","properties":{"layer":"city","location_id":"US-sf","city_name":"Mission District","order":1,"color":"#22c55e"},"geometry":{"type":"Polygon","coordinates":[[[-122.410275,37.7974095],[-122.4088536,37.7901561],[-122.404059,37.7907655],[-122.4054982,37.79802],[-122.410275,37.7974095]]]}},{"type":"Feature","properties":{"layer":"admin","location_id":"US-sf","admin_name":"Chinatown","admin_level":10,"color":"#dc2626"},"geometry":{"type":"Polygon","coordinates":[[[-122.410275,37.7974095],[-122.4088536,37.7901561],[-122.404059,37.7907655],[-122.4054982,37.79802],[-122.410275,37.7974095]]]}},{"type":"Feature","properties":{"layer":"city","location_id":"CA-toronto","city_name":"Bay Street Corridor","order":0,"color":"#2563eb"},"geometry":{"type":"Polygon","coordinates":[[[-79.3831086,43.6613367],[-79.3858767,43.66084],[-79.3904944,43.6598591],[-79.3899838,43.6587011],[-79.3896478,43.6579205],[-79.3893287,43.6571327],[-79.3889713,43.6563589],[-79.3883268,43.6548189],[-79.3883212,43.6548054],[-79.3879393,43.6539661],[-79.3875815,43.6531081],[-79.3872446,43.6523144],[-79.3869961,43.6517557],[-79.3866205,43.6508369],[-79.3864385,43.6508759],[-79.3863015,43.6509053],[-79.3850155,43.6511844],[-79.385006,43.6511865],[-79.3849099,43.6512075],[-79.3848088,43.6512288],[-79.3845398,43.6512853],[-79.384458,43.6513025],[-79.3844198,43.6513105],[-79.3843028,43.651336],[-79.3836874,43.6514695],[-79.3824571,43.6517374],[-79.3820424,43.6518248],[-79.3817339,43.6518893],[-79.381484,43.651944],[-79.3808009,43.6520925],[-79.3807081,43.6521127],[-79.3799717,43.6522679],[-79.3793646,43.6524006],[-79.3792612,43.6524224],[-79.3809173,43.6563206],[-79.3809414,43.6563536],[-79.3831086,43.6613367]]]}},{"type":"Feature","properties":{"layer":"admin","location_id":"CA-toronto","admin_name":"Yonge-Bay Corridor","admin_level":10,"color":"#dc2626"},"geometry":{"type":"Polygon","coordinates":[[[-79.3831086,43.6613367],[-79.3858767,43.66084],[-79.3904944,43.6598591],[-79.3899838,43.6587011],[-79.3896478,43.6579205],[-79.3893287,43.6571327],[-79.3889713,43.6563589],[-79.3883268,43.6548189],[-79.3883212,43.6548054],[-79.3879393,43.6539661],[-79.3875815,43.6531081],[-79.3872446,43.6523144],[-79.3869961,43.6517557],[-79.3866205,43.6508369],[-79.3864385,43.6508759],[-79.3863015,43.6509053],[-79.3850155,43.6511844],[-79.385006,43.6511865],[-79.3849099,43.6512075],[-79.3848088,43.6512288],[-79.3845398,43.6512853],[-79.384458,43.6513025],[-79.3844198,43.6513105],[-79.3843028,43.651336],[-79.3836874,43.6514695],[-79.3824571,43.6517374],[-79.3820424,43.6518248],[-79.3817339,43.6518893],[-79.381484,43.651944],[-79.3808009,43.6520925],[-79.3807081,43.6521127],[-79.3799717,43.6522679],[-79.3793646,43.6524006],[-79.3792612,43.6524224],[-79.3809173,43.6563206],[-79.3809414,43.6563536],[-79.3831086,43.6613367]]]}},{"type":"Feature","properties":{"layer":"city","location_id":"CO-bogota","city_name":"Cota","order":0,"color":"#2563eb"},"geometry":{"type":"Polygon","coordinates":[[[-74.0981862,4.8142508],[-74.0997177,4.8153662],[-74.1019922,4.8169912],[-74.1024375,4.816339],[-74.1026521,4.8159114],[-74.1036391,4.8145216],[-74.1035801,4.8143505],[-74.1056669,4.8117793],[-74.1057956,4.8118649],[-74.1063213,4.8111111],[-74.1070187,4.8102398],[-74.1093093,4.8069202],[-74.1076249,4.8054769],[-74.1063857,4.8045147],[-74.1069557,4.8038537],[-74.105754,4.8029904],[-74.1041313,4.8013199],[-74.1032783,4.8017797],[-74.1018058,4.8023917],[-74.1010307,4.802969],[-74.0990324,4.8058717],[-74.09815,4.8069381],[-74.0967579,4.8090175],[-74.0968129,4.8102778],[-74.0967901,4.8103606],[-74.0966841,4.8105945],[-74.0965903,4.8109072],[-74.0965125,4.8117464],[-74.0964508,4.8118854],[-74.095799,4.812591],[-74.0970489,4.8133688],[-74.0975153,4.8137418],[-74.0981862,4.8142508]]]}},{"type":"Feature","properties":{"layer":"city","location_id":"CO-bogota","city_name":"La Calera","order":1,"color":"#22c55e"},"geometry":{"type":"Polygon","coordinates":[[[-73.9689452,4.7191107],[-73.9688164,4.7192978],[-73.9684974,4.7194899],[-73.9679556,4.7198936],[-73.9679194,4.7198711],[-73.9676364,4.7200967],[-73.9673548,4.7204309],[-73.9668532,4.7211018],[-73.9662095,4.7222446],[-73.966813,4.7227525],[-73.966931,4.7226095],[-73.9673763,4.7230532],[-73.9675533,4.7229489],[-73.9676177,4.7228768],[-73.967733,4.7227458],[-73.9685274,4.7230933],[-73.9689445,4.7224458],[-73.969445,4.7217106],[-73.9699248,4.7220121],[-73.9702255,4.7216096],[-73.9703768,4.7216834],[-73.9699489,4.7201529],[-73.970193,4.7200326],[-73.9692276,4.7193241],[-73.9689452,4.7191107]]]}},{"type":"Feature","properties":{"layer":"admin","location_id":"CO-medellin","admin_name":"Comuna 10 - La Candelaria","admin_level":8,"color":"#dc2626"},"geometry":{"type":"Polygon","coordinates":[[[-75.5774892,6.2396727],[-75.5758524,6.2349411],[-75.5756807,6.2343119],[-75.5756486,6.2337466],[-75.5756056,6.2324028],[-75.5756217,6.2313442],[-75.574968,6.2311473],[-75.5747366,6.2310803],[-75.574235,6.2309309],[-75.5738327,6.2307763],[-75.5735531,6.2306017],[-75.5731478,6.2302881],[-75.5695579,6.227654],[-75.5694077,6.2275453],[-75.5692689,6.227076],[-75.5692243,6.2268594],[-75.5692079,6.2266601],[-75.5692045,6.2264835],[-75.5684696,6.2264914],[-75.5684549,6.2261568],[-75.5684079,6.2259141],[-75.5683476,6.2257395],[-75.5682832,6.2256742],[-75.5677441,6.2256488],[-75.566977,6.2254569],[-75.5668254,6.2253235],[-75.5667691,6.2252129],[-75.5667476,6.2249436],[-75.5666927,6.2248343],[-75.5665854,6.2247143],[-75.56647,6.2246636],[-75.5660543,6.2245396],[-75.5657941,6.2245103],[-75.5653413,6.224627],[-75.5651745,6.2246809],[-75.5652188,6.2248636],[-75.5652241,6.2251289],[-75.5651517,6.2254142],[-75.5649425,6.2257342],[-75.5648366,6.2259515],[-75.5648258,6.2262234],[-75.5648929,6.2264061],[-75.5649988,6.2265927],[-75.5654548,6.2272247],[-75.5656788,6.2274726],[-75.5663815,6.2280059],[-75.566525,6.2281672],[-75.5666041,6.2283232],[-75.5666471,6.2285472],[-75.5666175,6.2288045],[-75.5664901,6.2297657],[-75.5664003,6.2299844],[-75.5662715,6.2301937],[-75.5660087,6.2305216],[-75.5658142,6.2309216],[-75.5657767,6.2312202],[-75.5658974,6.2315242],[-75.5666015,6.2326854],[-75.5668321,6.2330267],[-75.5672371,6.2334506],[-75.5664915,6.2340559],[-75.5658048,6.2343759],[-75.5653301,6.2342825],[-75.5652845,6.2341599],[-75.565196,6.2340919],[-75.5648151,6.2339466],[-75.5645174,6.2342612],[-75.5643055,6.2345598],[-75.5640212,6.2349038],[-75.5639407,6.2351624],[-75.5639005,6.2354504],[-75.5637556,6.2357677],[-75.5635384,6.2360583],[-75.5633721,6.2363756],[-75.5632219,6.2365916],[-75.5631039,6.2366503],[-75.5630019,6.2368582],[-75.5629563,6.2371489],[-75.562841,6.2375621],[-75.56279,6.2376581],[-75.56279,6.2381354],[-75.562904,6.2385913],[-75.563018,6.238906],[-75.5632272,6.2392419],[-75.5638415,6.2402231],[-75.5639407,6.2403458],[-75.5641392,6.2405298],[-75.5632192,6.2416549],[-75.5630395,6.2417856],[-75.5620793,6.2423375],[-75.561803,6.2423882],[-75.5614275,6.2423428],[-75.5611673,6.2422575],[-75.5607784,6.2419642],[-75.560596,6.2419029],[-75.5603331,6.2419162],[-75.5601373,6.2420176],[-75.5600086,6.2421882],[-75.5599308,6.2423055],[-75.558241,6.243596],[-75.5578092,6.2444466],[-75.5575885,6.2443441],[-75.5575438,6.2443857],[-75.5565226,6.2453622],[-75.5558838,6.2459527],[-75.5546623,6.2476243],[-75.5542931,6.2482741],[-75.5542193,6.2482362],[-75.5538172,6.2494389],[-75.5547146,6.2496186],[-75.5546666,6.2498311],[-75.554823,6.2502064],[-75.5547469,6.2504854],[-75.5547806,6.2505862],[-75.5549602,6.2507546],[-75.5549015,6.2511694],[-75.5547303,6.251599],[-75.5548472,6.2516837],[-75.5585916,6.254331],[-75.5607112,6.2557722],[-75.560119,6.2566674],[-75.5592727,6.2579469],[-75.5592444,6.2579921],[-75.5577626,6.2602436],[-75.557338,6.2608889],[-75.5571943,6.2611072],[-75.5571367,6.2613051],[-75.557068,6.2614203],[-75.5568735,6.2614316],[-75.5567758,6.2614178],[-75.5564582,6.2613729],[-75.5562505,6.2613435],[-75.5571601,6.2621611],[-75.5573049,6.2622064],[-75.5579916,6.2622971],[-75.5582008,6.2623078],[-75.5576871,6.263045],[-75.5592967,6.2633283],[-75.5598287,6.2633808],[-75.5604179,6.2634837],[-75.5609801,6.2636176],[-75.5619247,6.263765],[-75.5623384,6.2638015],[-75.5626293,6.2638449],[-75.5638956,6.2639942],[-75.5640589,6.2639782],[-75.5644845,6.2640216],[-75.5661316,6.2642756],[-75.5675002,6.2644818],[-75.5678216,6.2645121],[-75.5693418,6.2647446],[-75.5720903,6.265165],[-75.5728054,6.2627024],[-75.5738032,6.2605267],[-75.5742028,6.2596895],[-75.579991,6.2491819],[-75.5802137,6.248662],[-75.5802888,6.24819],[-75.5802727,6.2477821],[-75.5801359,6.2473235],[-75.5774892,6.2396727]]]}},{"type":"Feature","properties":{"layer":"city","location_id":"CO-cartagena","city_name":"Cartagena","order":0,"color":"#2563eb"},"geometry":{"type":"MultiPolygon","coordinates":[[[[-75.5704974,10.3741614],[-75.5705094,10.3742748],[-75.5705483,10.3743395],[-75.570602,10.3743632],[-75.5708192,10.3744503],[-75.5709247,10.37452],[-75.5709949,10.3745796],[-75.5711639,10.3746548],[-75.5712564,10.3747603],[-75.5713074,10.3748711],[-75.5714192,10.3749961],[-75.5715394,10.3751442],[-75.5717298,10.3754199],[-75.5717862,10.3755294],[-75.5718251,10.3756811],[-75.5717915,10.3757589],[-75.5717714,10.3758156],[-75.5717674,10.3759014],[-75.5718197,10.3759581],[-75.5718707,10.3759621],[-75.5719377,10.3759462],[-75.5719605,10.3759502],[-75.5720168,10.37597],[-75.572108,10.3759766],[-75.5721536,10.3759937],[-75.5723159,10.3760359],[-75.5723883,10.3761507],[-75.5724339,10.3762536],[-75.5724916,10.3764027],[-75.5725291,10.3764726],[-75.5725653,10.3765069],[-75.5726485,10.3765755],[-75.5727607,10.376709],[-75.5728577,10.3767826],[-75.5730106,10.3768327],[-75.5731393,10.3769528],[-75.5732359,10.3770689],[-75.573307,10.3772628],[-75.5733083,10.3773855],[-75.573319,10.3774145],[-75.5733606,10.3774316],[-75.5735672,10.3775306],[-75.5736919,10.3776809],[-75.5739172,10.3778458],[-75.5739722,10.3779303],[-75.5739869,10.3780279],[-75.5739789,10.3780938],[-75.5739802,10.3781743],[-75.574054,10.3783115],[-75.5741197,10.3784276],[-75.5743021,10.3785991],[-75.5743388,10.3786522],[-75.5744,10.3787613],[-75.5744232,10.3788566],[-75.5744322,10.3789605],[-75.5743893,10.3790318],[-75.5743759,10.379136],[-75.5744022,10.3792343],[-75.574404,10.3793444],[-75.5743758,10.3793972],[-75.5743262,10.3794354],[-75.5743155,10.3794579],[-75.574318,10.3794879],[-75.5743758,10.379665],[-75.5744027,10.3798602],[-75.5743919,10.3799737],[-75.5743651,10.3800502],[-75.5742793,10.3801254],[-75.5742149,10.3802546],[-75.5741722,10.380416],[-75.5741837,10.3804832],[-75.5742712,10.3805607],[-75.5744362,10.3806557],[-75.5745569,10.3807163],[-75.5747026,10.3807592],[-75.5747715,10.3807849],[-75.5748694,10.3808314],[-75.5749441,10.3808526],[-75.5750899,10.3809018],[-75.575143,10.380996],[-75.5751778,10.3811424],[-75.57521,10.3812097],[-75.5752207,10.3812361],[-75.5752422,10.3812875],[-75.5752612,10.3813439],[-75.5753066,10.3814194],[-75.5754299,10.381492],[-75.5754621,10.3814927],[-75.5758993,10.38131],[-75.5763333,10.3810307],[-75.5766571,10.3808746],[-75.5767469,10.3808245],[-75.5769454,10.3807467],[-75.5769897,10.3807177],[-75.5770232,10.3806781],[-75.5772297,10.3804578],[-75.5774349,10.3802731],[-75.5776683,10.38],[-75.577927,10.3796638],[-75.5780277,10.3795753],[-75.5780625,10.3795383],[-75.5780652,10.3794671],[-75.5780384,10.3793431],[-75.5779687,10.3791769],[-75.577906,10.3790636],[-75.5778909,10.3789685],[-75.5778962,10.3787732],[-75.5780008,10.3785833],[-75.5782691,10.3783735],[-75.578375,10.3782785],[-75.5784246,10.3782126],[-75.5784367,10.3781281],[-75.5783951,10.377954],[-75.5782972,10.3777944],[-75.5781564,10.3777152],[-75.5781323,10.3776783],[-75.5780974,10.3774963],[-75.5781162,10.3773644],[-75.5780974,10.3772456],[-75.5781537,10.377053],[-75.5782067,10.3769976],[-75.5782717,10.3769693],[-75.578312,10.3769422],[-75.5783214,10.3769152],[-75.5782664,10.3767958],[-75.5782624,10.3767325],[-75.5782852,10.3766296],[-75.5783603,10.3764423],[-75.5783817,10.376404],[-75.5783831,10.3762958],[-75.5783415,10.3760571],[-75.5783227,10.3760003],[-75.5783321,10.3759093],[-75.5783804,10.3757998],[-75.5785225,10.3756534],[-75.5786406,10.3755465],[-75.5787478,10.3754595],[-75.578784,10.3754186],[-75.5788028,10.3753579],[-75.5788136,10.375222],[-75.5787599,10.3750875],[-75.5786915,10.3750017],[-75.5786043,10.374916],[-75.5785561,10.3748025],[-75.5784675,10.3746877],[-75.5784394,10.374606],[-75.5784595,10.3745004],[-75.5784608,10.3744107],[-75.5784515,10.3743777],[-75.5783536,10.3742841],[-75.5781256,10.3740097],[-75.5781055,10.3738844],[-75.5781524,10.3736733],[-75.5782074,10.3733633],[-75.5782932,10.3730717],[-75.5784273,10.3727934],[-75.5786754,10.3724728],[-75.5788565,10.3723013],[-75.5789812,10.3719452],[-75.5790107,10.3717895],[-75.5790241,10.3716523],[-75.5790643,10.3713629],[-75.5791046,10.3710732],[-75.5791582,10.3708502],[-75.5792481,10.3705969],[-75.579401,10.3703634],[-75.579515,10.3701854],[-75.5796705,10.3700653],[-75.5797577,10.369973],[-75.5798315,10.3699044],[-75.5798435,10.3698753],[-75.5798323,10.369842],[-75.5798167,10.3697434],[-75.5797899,10.3696049],[-75.5797832,10.3694664],[-75.5798113,10.369316],[-75.5798811,10.3691669],[-75.580156,10.3688464],[-75.5802847,10.3686775],[-75.580502,10.3684493],[-75.5809459,10.3680021],[-75.5813952,10.3676327],[-75.5816875,10.3673834],[-75.5823031,10.3669256],[-75.5828168,10.3666538],[-75.5830528,10.3664982],[-75.5831695,10.3664362],[-75.583431,10.3663188],[-75.5837891,10.366204],[-75.5839419,10.3661697],[-75.5840301,10.3661853],[-75.5843228,10.3663451],[-75.5844489,10.3664467],[-75.5845302,10.3664678],[-75.5846916,10.3663979],[-75.5849451,10.3662014],[-75.5854775,10.3660048],[-75.5858718,10.365704],[-75.5862567,10.3652845],[-75.5863693,10.3650681],[-75.5864243,10.364865],[-75.5864069,10.3647924],[-75.5863747,10.3647238],[-75.5862916,10.3644956],[-75.5863023,10.3643531],[-75.5863854,10.3641803],[-75.5864713,10.3640695],[-75.586486,10.3640365],[-75.586482,10.3639864],[-75.5864243,10.3639191],[-75.5862057,10.3637173],[-75.5861253,10.3636447],[-75.5860649,10.3635418],[-75.5860054,10.363351],[-75.5859885,10.363117],[-75.5860716,10.3628756],[-75.586144,10.3626988],[-75.5863506,10.3623004],[-75.5866241,10.3618769],[-75.5869339,10.3615933],[-75.5875428,10.361249],[-75.5876367,10.3611909],[-75.5876836,10.3611355],[-75.5877265,10.3610208],[-75.5878016,10.3608928],[-75.5879572,10.3607899],[-75.588157,10.3607081],[-75.5882978,10.3606962],[-75.58856,10.3607456],[-75.5887753,10.3607477],[-75.5888658,10.3607272],[-75.5889335,10.3607022],[-75.5889966,10.3606916],[-75.5890281,10.3606718],[-75.5890455,10.360656],[-75.5890542,10.3606006],[-75.5890482,10.3605307],[-75.5890549,10.3605043],[-75.5890831,10.360439],[-75.5891213,10.3603334],[-75.5891441,10.3602068],[-75.5891374,10.3601184],[-75.5891146,10.3600406],[-75.589073,10.3600208],[-75.5890435,10.3599865],[-75.5890381,10.3598862],[-75.5890596,10.359716],[-75.5891186,10.3596237],[-75.5892184,10.3595866],[-75.5894029,10.3595155],[-75.5895048,10.3594139],[-75.5895303,10.3593625],[-75.5895798,10.3592798],[-75.5896591,10.3591633],[-75.5897828,10.3590704],[-75.5899112,10.3590366],[-75.5900694,10.3590208],[-75.5902585,10.3590881],[-75.5903457,10.3591145],[-75.5904161,10.3590906],[-75.590626,10.3589245],[-75.5906662,10.358716],[-75.5907735,10.3584575],[-75.5909184,10.358286],[-75.5910766,10.3581857],[-75.5912154,10.3581613],[-75.5912986,10.3581606],[-75.591365,10.3581336],[-75.5914085,10.3580861],[-75.5914387,10.3580722],[-75.59154,10.3581244],[-75.59155,10.3581258],[-75.5915601,10.358123],[-75.5915641,10.3581098],[-75.5915587,10.3580947],[-75.5913529,10.3579839],[-75.5913388,10.3579674],[-75.5913375,10.3579469],[-75.5913629,10.3578869],[-75.5913636,10.3576818],[-75.5913368,10.3575023],[-75.5912925,10.3570393],[-75.5913502,10.3568717],[-75.5914696,10.3567718],[-75.5915892,10.3566825],[-75.5917452,10.3565598],[-75.5918652,10.3563757],[-75.5918947,10.3562253],[-75.591884,10.3557926],[-75.591774,10.3553599],[-75.5915514,10.3551092],[-75.5914454,10.3549812],[-75.5914146,10.3549364],[-75.5913918,10.3549153],[-75.5913703,10.3549153],[-75.5913287,10.3549839],[-75.5912952,10.3550076],[-75.5912335,10.355005],[-75.5911651,10.3549773],[-75.59109,10.354906],[-75.5910149,10.3548374],[-75.5908982,10.3546791],[-75.5907467,10.3544799],[-75.5905174,10.3542715],[-75.5904409,10.3541752],[-75.5903578,10.3540023],[-75.5903175,10.3538216],[-75.5903175,10.3535195],[-75.5903538,10.3532899],[-75.5903645,10.3532042],[-75.590331,10.3531118],[-75.5903122,10.3530274],[-75.5902921,10.3528374],[-75.5903967,10.3521883],[-75.5904369,10.3519759],[-75.5905335,10.3516237],[-75.5905938,10.351344],[-75.5906957,10.3510828],[-75.5907896,10.350939],[-75.5910444,10.3505894],[-75.591369,10.3501751],[-75.591546,10.3499825],[-75.5915916,10.349906],[-75.5916131,10.3498374],[-75.5916318,10.3497081],[-75.5916479,10.349534],[-75.5916935,10.349373],[-75.5918196,10.3491777],[-75.5920583,10.3489667],[-75.5923641,10.3487688],[-75.592403,10.3487252],[-75.5924137,10.3486553],[-75.5923654,10.3485722],[-75.592348,10.3484772],[-75.5923332,10.3483558],[-75.5923855,10.3482925],[-75.5924311,10.3482674],[-75.5929139,10.3480313],[-75.5931728,10.3479152],[-75.5933082,10.3478532],[-75.5933525,10.3478044],[-75.5933847,10.3477384],[-75.5934128,10.3476197],[-75.593382,10.3475154],[-75.5932184,10.3474297],[-75.5930373,10.3473664],[-75.5929823,10.3473294],[-75.5928469,10.3471605],[-75.5927597,10.3469468],[-75.5926685,10.346675],[-75.5926578,10.3465378],[-75.5926269,10.3461935],[-75.5926296,10.3459217],[-75.5926538,10.3454705],[-75.5926524,10.3452291],[-75.5926149,10.3451592],[-75.5925813,10.3451196],[-75.5924177,10.3449415],[-75.5922702,10.344671],[-75.5922206,10.3445708],[-75.5922273,10.3444837],[-75.5923694,10.3440114],[-75.5923775,10.3439006],[-75.5923614,10.3437422],[-75.5922997,10.3435786],[-75.5922702,10.3434256],[-75.5923802,10.3430298],[-75.5923668,10.3429243],[-75.5922863,10.3427739],[-75.5920824,10.3425733],[-75.5920342,10.3424678],[-75.5920288,10.3423517],[-75.5920878,10.3421168],[-75.5922434,10.3418477],[-75.592297,10.3416577],[-75.5923185,10.341444],[-75.5922246,10.3411432],[-75.5919403,10.3408978],[-75.5917874,10.3408081],[-75.591605,10.340692],[-75.5913958,10.3404677],[-75.591192,10.3401194],[-75.5910096,10.3397948],[-75.590913,10.3395231],[-75.5909184,10.3394096],[-75.5909586,10.3392592],[-75.5911034,10.3386602],[-75.5912375,10.3384043],[-75.5913582,10.338275],[-75.5914226,10.3381589],[-75.5914307,10.3379926],[-75.5914199,10.3377367],[-75.5914494,10.3375282],[-75.5915085,10.3373725],[-75.5916426,10.3371799],[-75.5919537,10.336697],[-75.5920748,10.3365886],[-75.5922192,10.3365308],[-75.5922586,10.3365979],[-75.5922782,10.3364385],[-75.5923185,10.33623],[-75.5923775,10.3360664],[-75.5924419,10.3360242],[-75.5925223,10.3359582],[-75.5925974,10.3359002],[-75.5926377,10.3358157],[-75.5926377,10.3357339],[-75.5926216,10.3356442],[-75.5925706,10.3354938],[-75.5925572,10.3352642],[-75.5926296,10.3350188],[-75.5927369,10.3348711],[-75.5927852,10.3347523],[-75.5928361,10.3345729],[-75.5928952,10.3340373],[-75.592863,10.3338789],[-75.5927825,10.3336573],[-75.5927718,10.3335042],[-75.5927959,10.3332298],[-75.59293,10.3330134],[-75.5931097,10.3326862],[-75.59315,10.3325358],[-75.5931473,10.3324092],[-75.5933163,10.3316888],[-75.5933082,10.3314698],[-75.5932519,10.3311584],[-75.5931526,10.330855],[-75.5930266,10.3304618],[-75.59293,10.3299367],[-75.5927986,10.329277],[-75.5927101,10.3290052],[-75.592584,10.3288258],[-75.5924794,10.3287836],[-75.5923829,10.3288152],[-75.5922756,10.3288495],[-75.5921572,10.3288303],[-75.5919069,10.3287149],[-75.5917794,10.3285856],[-75.591715,10.3283455],[-75.5917257,10.3280685],[-75.5918759,10.3274299],[-75.5918893,10.3271502],[-75.5919242,10.3269918],[-75.5918893,10.3268705],[-75.5918008,10.3267623],[-75.5914719,10.3267065],[-75.5913596,10.3266871],[-75.5912241,10.3266145],[-75.5911732,10.3265828],[-75.591149,10.3265459],[-75.5911692,10.3264601],[-75.5911678,10.3264285],[-75.5910726,10.3263242],[-75.5910042,10.3262715],[-75.5909412,10.3262187],[-75.5908875,10.3259508],[-75.5909251,10.3257384],[-75.5909894,10.3253215],[-75.5909801,10.3251539],[-75.5909546,10.3251012],[-75.5909318,10.3250471],[-75.5908942,10.3249983],[-75.5908151,10.3248637],[-75.5907958,10.3244989],[-75.5908399,10.3244718],[-75.5908868,10.3244316],[-75.590921,10.324388],[-75.5909512,10.3243432],[-75.5909586,10.3243036],[-75.5909586,10.3242601],[-75.5909432,10.3242323],[-75.5909358,10.3242106],[-75.5909368,10.3242],[-75.5909472,10.3241954],[-75.5909727,10.3242027],[-75.5910082,10.3242079],[-75.5911209,10.324175],[-75.5912268,10.3241248],[-75.5913448,10.324072],[-75.5914505,10.3240226],[-75.5915406,10.3239665],[-75.5916493,10.3238807],[-75.5917002,10.32382],[-75.5917244,10.3237752],[-75.5917257,10.3237171],[-75.5917177,10.3236432],[-75.5917123,10.3235799],[-75.5917069,10.3235298],[-75.5916801,10.3234691],[-75.5916587,10.3234203],[-75.5916466,10.3233424],[-75.5916359,10.3232976],[-75.5916238,10.3232421],[-75.5916023,10.3232105],[-75.5915822,10.323192],[-75.5915125,10.3231735],[-75.5914749,10.3231458],[-75.5914615,10.3231353],[-75.5914293,10.3231049],[-75.5914012,10.323062],[-75.5913737,10.3230145],[-75.5913489,10.3229796],[-75.5913133,10.3229585],[-75.5912416,10.3229387],[-75.5912315,10.3229336],[-75.5912295,10.3229252],[-75.5912325,10.3229204],[-75.5912617,10.322878],[-75.591254,10.3228628],[-75.5912402,10.3228536],[-75.5911678,10.3228641],[-75.5911242,10.3228556],[-75.5910873,10.3228443],[-75.5910357,10.3228133],[-75.5910143,10.3227771],[-75.5909606,10.3227038],[-75.5909003,10.3226583],[-75.5908822,10.3226306],[-75.5908761,10.3226049],[-75.5908909,10.3224703],[-75.5908848,10.3223865],[-75.5908694,10.3223331],[-75.5908547,10.3223001],[-75.5908265,10.3222691],[-75.5907996,10.3222391],[-75.590681,10.3221985],[-75.5906059,10.3221952],[-75.5905241,10.3222124],[-75.5904456,10.3222374],[-75.5903618,10.3222625],[-75.5902907,10.3222816],[-75.5902156,10.322312],[-75.5901325,10.3223377],[-75.5900889,10.3223542],[-75.5900376,10.322371],[-75.589996,10.3223905],[-75.589956,10.3224147],[-75.5899152,10.3224353],[-75.5898683,10.3224479],[-75.5898334,10.3224584],[-75.5897836,10.3224586],[-75.5897248,10.3224584],[-75.5896805,10.3224479],[-75.5896054,10.3224241],[-75.5895478,10.3223925],[-75.5894794,10.3223872],[-75.5894445,10.3223859],[-75.5894166,10.3223828],[-75.5893479,10.3223687],[-75.589301,10.3223318],[-75.5892594,10.3222961],[-75.5892111,10.3222566],[-75.5891119,10.3221879],[-75.5890253,10.3221374],[-75.5889376,10.3221154],[-75.5888464,10.3221075],[-75.588735,10.3221352],[-75.5886559,10.3221378],[-75.5885996,10.3221365],[-75.5885325,10.3221233],[-75.5884735,10.3221075],[-75.5884279,10.3220956],[-75.5883931,10.3220758],[-75.5883501,10.3220613],[-75.5883126,10.3220415],[-75.5882442,10.3220098],[-75.5881858,10.3219977],[-75.588145,10.3219834],[-75.587923,10.321964],[-75.5878999,10.3219429],[-75.5878918,10.321931],[-75.5878868,10.3219076],[-75.5880618,10.3216021],[-75.5880108,10.3215837],[-75.5878258,10.3219188],[-75.5877909,10.3219491],[-75.5877601,10.321957],[-75.5876608,10.321959],[-75.5875877,10.321934],[-75.5874851,10.3218535],[-75.5873604,10.3217618],[-75.5872598,10.3216166],[-75.5872178,10.3214807],[-75.5872169,10.3213264],[-75.5872317,10.321201],[-75.5872759,10.3211021],[-75.5872799,10.3209846],[-75.5872531,10.3209385],[-75.5871324,10.3208026],[-75.5870345,10.3207406],[-75.5868628,10.3207164],[-75.5867851,10.3207181],[-75.5866952,10.3207551],[-75.5866362,10.3208158],[-75.5865933,10.3209253],[-75.5865289,10.3209754],[-75.5864511,10.3209978],[-75.5863774,10.3209846],[-75.5862898,10.3209803],[-75.5862084,10.3209569],[-75.5861735,10.3209543],[-75.5861387,10.3210071],[-75.5860408,10.3212644],[-75.5860032,10.3212815],[-75.5858812,10.3212538],[-75.5858014,10.3212151],[-75.5857123,10.3211323],[-75.5856317,10.320982],[-75.5855835,10.3209375],[-75.5854775,10.3208936],[-75.5853558,10.3208839],[-75.5852106,10.3208738],[-75.5851154,10.3208831],[-75.5850416,10.3208883],[-75.5849504,10.320887],[-75.5847828,10.3208276],[-75.5845937,10.3207379],[-75.5844435,10.3206706],[-75.5844167,10.3206456],[-75.5843416,10.3205453],[-75.5842625,10.320474],[-75.584183,10.3203972],[-75.5840664,10.320329],[-75.5838816,10.320288],[-75.5838051,10.3202814],[-75.5836979,10.3202748],[-75.5835705,10.3202814],[-75.5835007,10.3202682],[-75.583435,10.320226],[-75.5832915,10.320065],[-75.5832016,10.3200017],[-75.5831252,10.3199687],[-75.5830595,10.319937],[-75.5830065,10.3199054],[-75.5829877,10.3198665],[-75.5829784,10.3198038],[-75.5829757,10.3197339],[-75.5829556,10.319722],[-75.5829247,10.3197299],[-75.5828986,10.3197497],[-75.5828369,10.3197959],[-75.5827899,10.3198143],[-75.582743,10.319817],[-75.5826706,10.3197879],[-75.5825754,10.3197233],[-75.5824935,10.3196323],[-75.5824238,10.3195227],[-75.5823568,10.3193882],[-75.5823192,10.3192351],[-75.582287,10.3191216],[-75.5822602,10.319061],[-75.5821931,10.3189884],[-75.5820979,10.3188973],[-75.5820255,10.3187878],[-75.5819061,10.3184923],[-75.5818444,10.3183095],[-75.5818495,10.3182957],[-75.5818585,10.3182898],[-75.5820443,10.3181981],[-75.5820691,10.3181591],[-75.5820691,10.318105],[-75.5820329,10.3180344],[-75.5819799,10.3180272],[-75.5818719,10.3180694],[-75.5817714,10.3181255],[-75.5816051,10.3182667],[-75.5813912,10.3184659],[-75.5813509,10.3185239],[-75.5812939,10.3185796],[-75.5812061,10.3186671],[-75.5811994,10.3186843],[-75.5812007,10.3186981],[-75.5814116,10.3190579],[-75.5813654,10.3190744],[-75.5812756,10.3190997],[-75.581253,10.3190445],[-75.5812064,10.3189844],[-75.5811484,10.3189561],[-75.5810284,10.3189185],[-75.580962,10.3189086],[-75.5808735,10.3189231],[-75.5807776,10.3189534],[-75.5807358,10.3189879],[-75.5806848,10.3190525],[-75.5806515,10.3193347],[-75.5806448,10.3193822],[-75.5806388,10.3193961],[-75.580624,10.3194053],[-75.5805919,10.3194126],[-75.5805826,10.3194169],[-75.580582,10.3194297],[-75.580617,10.3196732],[-75.5805994,10.319738],[-75.5805583,10.319754],[-75.5805493,10.3197629],[-75.5805439,10.3197949],[-75.5804712,10.320195],[-75.5804363,10.3203698],[-75.5804296,10.3205083],[-75.5804142,10.3205374],[-75.5804041,10.320544],[-75.5800132,10.3205525],[-75.5800091,10.3205664],[-75.5800115,10.3205776],[-75.5800433,10.3205803],[-75.5804517,10.3205809],[-75.580616,10.320538],[-75.5806502,10.3205374],[-75.5806717,10.320577],[-75.580681,10.3206093],[-75.5807038,10.3206495],[-75.5807575,10.3206957],[-75.5807924,10.3207353],[-75.5808178,10.3207729],[-75.5808266,10.3208263],[-75.580842,10.3208732],[-75.5808444,10.3209243],[-75.5808527,10.3209852],[-75.5808369,10.3210631],[-75.580821,10.3211605],[-75.5807537,10.3212619],[-75.580732,10.321327],[-75.5807421,10.3214088],[-75.5807595,10.3214821],[-75.5807776,10.3215507],[-75.5807776,10.321616],[-75.5807497,10.3217099],[-75.5807616,10.3218112],[-75.5807497,10.3219048],[-75.5807101,10.3219593],[-75.5806804,10.3221813],[-75.5806549,10.3222671],[-75.5807018,10.3223819],[-75.5807695,10.3224425],[-75.5808949,10.3225033],[-75.5809607,10.3225323],[-75.5810049,10.3225732],[-75.5810411,10.3226128],[-75.5810391,10.3226207],[-75.5810341,10.322627],[-75.581015,10.3226293],[-75.5809865,10.3226445],[-75.580968,10.3226616],[-75.5809479,10.3226771],[-75.5809198,10.3226953],[-75.5808872,10.3227051],[-75.5807783,10.3227345],[-75.5807344,10.3227375],[-75.580722,10.3227347],[-75.5806763,10.3227269],[-75.5806375,10.3227071],[-75.5806267,10.322684],[-75.5806261,10.3226609],[-75.5806361,10.3226379],[-75.5806623,10.3225996],[-75.5806589,10.322564],[-75.5806321,10.3224868],[-75.5805898,10.3224531],[-75.5805349,10.3224327],[-75.5804577,10.3224155],[-75.5804001,10.3224083],[-75.5803625,10.3224023],[-75.5803203,10.3223819],[-75.5802358,10.3223219],[-75.5802009,10.3222572],[-75.5801822,10.3222249],[-75.5801734,10.3222226],[-75.5801681,10.3222242],[-75.58015,10.3223008],[-75.5801392,10.3223397],[-75.5801178,10.3223674],[-75.5800541,10.3223971],[-75.5799522,10.322407],[-75.5799106,10.3224169],[-75.5797279,10.322536],[-75.5796866,10.322589],[-75.5795645,10.3227226],[-75.5795497,10.3227542],[-75.579423,10.3228945],[-75.5794057,10.3229136],[-75.5793916,10.3229354],[-75.5793715,10.3229486],[-75.5793567,10.3229611],[-75.579316,10.3230113],[-75.5792856,10.3230429],[-75.579232,10.3230891],[-75.5791877,10.3231274],[-75.5790546,10.3232334],[-75.5790094,10.3232712],[-75.5790885,10.3233543],[-75.5790858,10.3233794],[-75.5790863,10.3233932],[-75.5789959,10.323473],[-75.5789832,10.3234684],[-75.5789356,10.3234242],[-75.5788779,10.3234704],[-75.5788773,10.3235139],[-75.5788545,10.3235502],[-75.578813,10.3235724],[-75.5787385,10.323636],[-75.5786868,10.3236828],[-75.578652,10.3236987],[-75.5785903,10.3237158],[-75.5785373,10.3237587],[-75.5784877,10.3238194],[-75.5784521,10.3238952],[-75.5784494,10.3239249],[-75.5784441,10.3239474],[-75.5784328,10.3239699],[-75.5783338,10.3240439],[-75.5782121,10.3241598],[-75.5781276,10.3241947],[-75.5780849,10.3242308],[-75.5780666,10.3242805],[-75.5780572,10.3243102],[-75.578033,10.3243267],[-75.5780176,10.3243247],[-75.577862,10.3241624],[-75.5778399,10.3241796],[-75.5779988,10.3243729],[-75.5780035,10.3243933],[-75.5779687,10.324425],[-75.5777943,10.324522],[-75.5777159,10.3245622],[-75.5775931,10.324615],[-75.5775764,10.3246077],[-75.5775194,10.3244883],[-75.5774792,10.3244791],[-75.5774483,10.324485],[-75.5774161,10.3245173],[-75.5774497,10.32471],[-75.5774416,10.3247436],[-75.5773952,10.3247803],[-75.5773484,10.3247819],[-75.5773296,10.3247713],[-75.5773135,10.3247383],[-75.5772746,10.324522],[-75.5772639,10.3245226],[-75.5772498,10.3245272],[-75.5772378,10.3245563],[-75.5772525,10.3247845],[-75.5772465,10.3248083],[-75.5771901,10.324832],[-75.5771667,10.3248333],[-75.5771036,10.3247904],[-75.5770601,10.3247106],[-75.5770312,10.324706],[-75.5770145,10.3247113],[-75.5769534,10.324739],[-75.5769105,10.3247964],[-75.5769078,10.3248346],[-75.5769561,10.3249745],[-75.5769695,10.3250326],[-75.5769454,10.3250998],[-75.576875,10.3251282],[-75.576809,10.3251232],[-75.5767509,10.3250998],[-75.57671,10.3251349],[-75.5766745,10.3251665],[-75.5766685,10.3251849],[-75.5767315,10.3252536],[-75.5767382,10.3252648],[-75.5767348,10.3252793],[-75.5767134,10.325303],[-75.5766953,10.3253044],[-75.5766336,10.3252496],[-75.5766202,10.3252489],[-75.5766074,10.3252648],[-75.5765384,10.3253868],[-75.5765209,10.3254849],[-75.5765015,10.3255498],[-75.5764559,10.325625],[-75.576411,10.325717],[-75.5764036,10.3257523],[-75.5764257,10.3257938],[-75.5764237,10.3258295],[-75.576413,10.3258822],[-75.5763144,10.325999],[-75.5763064,10.3260234],[-75.5763043,10.326067],[-75.5762956,10.3261145],[-75.5762561,10.3261745],[-75.5762268,10.3262103],[-75.5761689,10.3262642],[-75.5760623,10.3263539],[-75.5758336,10.3264674],[-75.5757578,10.3265644],[-75.5757223,10.3266105],[-75.5755607,10.326792],[-75.5754715,10.3268889],[-75.5754085,10.3269767],[-75.575331,10.3270748],[-75.575269,10.3271495],[-75.5751631,10.3272834],[-75.5749109,10.3276555],[-75.5748868,10.3277716],[-75.5748546,10.3278224],[-75.5748251,10.327856],[-75.574808,10.3278814],[-75.5747862,10.3279147],[-75.5747446,10.3279603],[-75.5747054,10.3280118],[-75.5746655,10.3280394],[-75.5746347,10.3280777],[-75.5746172,10.328116],[-75.5746306,10.3281661],[-75.5746575,10.3282123],[-75.5747017,10.3282479],[-75.5748037,10.328269],[-75.574868,10.3282532],[-75.5749552,10.328178],[-75.5750169,10.3281318],[-75.5750558,10.3280882],[-75.5751027,10.3280328],[-75.5751704,10.3280163],[-75.5752154,10.3280262],[-75.5752488,10.3280405],[-75.5752637,10.3280513],[-75.5753193,10.3280407],[-75.5753802,10.3280102],[-75.5754501,10.327922],[-75.5755439,10.3278692],[-75.5756418,10.3278468],[-75.5756727,10.3278666],[-75.5757274,10.3279176],[-75.575788,10.3279497],[-75.5758662,10.3279929],[-75.5759174,10.3280229],[-75.5759496,10.3280394],[-75.5759677,10.3280335],[-75.5760013,10.3279741],[-75.5760348,10.3279603],[-75.576065,10.3279622],[-75.5761099,10.3279688],[-75.5761608,10.3279603],[-75.5762051,10.3279629],[-75.5762735,10.3280025],[-75.5763634,10.3280935],[-75.576429,10.328138],[-75.5764693,10.3282109],[-75.576528,10.3282578],[-75.5765685,10.3282756],[-75.5766436,10.3282809],[-75.5768032,10.3282571],[-75.5768891,10.3282492],[-75.5770111,10.3282848],[-75.577278,10.3284471],[-75.5775623,10.3287268],[-75.5777192,10.3289801],[-75.5777594,10.3292269],[-75.5777688,10.3293324],[-75.5777715,10.329438],[-75.5777729,10.3295541],[-75.5777447,10.329624],[-75.577683,10.3296873],[-75.5776294,10.3297282],[-75.5775918,10.3297916],[-75.5775355,10.3298668],[-75.5774631,10.3299354],[-75.5774175,10.3300304],[-75.5773893,10.3301069],[-75.5773585,10.3301557],[-75.5773303,10.3302177],[-75.5773102,10.3302771],[-75.5772834,10.3303259],[-75.5772708,10.3303997],[-75.5772565,10.3305344],[-75.5772471,10.3306056],[-75.5772226,10.3307139],[-75.5772033,10.3308433],[-75.5772284,10.3311083],[-75.5772304,10.3312775],[-75.5772657,10.3314521],[-75.5772968,10.3315687],[-75.5774269,10.3317495],[-75.5775654,10.3318918],[-75.5776951,10.3319566],[-75.5779187,10.3320473],[-75.5780996,10.3321428],[-75.5782517,10.3322575],[-75.5783304,10.3323661],[-75.5783951,10.3324989],[-75.5784018,10.332578],[-75.5784032,10.3326453],[-75.5784215,10.3327263],[-75.5785204,10.3328235],[-75.5786167,10.3328634],[-75.5787384,10.3328884],[-75.5788136,10.3329514],[-75.5788659,10.3330095],[-75.5789513,10.3331502],[-75.5790679,10.3332699],[-75.5791609,10.3333604],[-75.5792119,10.3334686],[-75.5792174,10.333629],[-75.5791972,10.3337412],[-75.5791824,10.3338024],[-75.5791529,10.3339132],[-75.5791363,10.3340454],[-75.5791181,10.3341611],[-75.5791363,10.3342698],[-75.5791327,10.3343486],[-75.5791435,10.3344528],[-75.5791541,10.3345516],[-75.579181,10.3347154],[-75.5791997,10.3348982],[-75.5792266,10.3349977],[-75.5792333,10.335065],[-75.5792253,10.3351706],[-75.5792119,10.3352642],[-75.5791917,10.3353012],[-75.5791769,10.3353296],[-75.5791529,10.3353817],[-75.5791341,10.3354226],[-75.5791073,10.3354542],[-75.5790679,10.3354992],[-75.5790071,10.3355715],[-75.5789396,10.3356271],[-75.5788457,10.3357049],[-75.5787411,10.335792],[-75.5783254,10.3359741],[-75.5780733,10.335982],[-75.5779678,10.3359904],[-75.5777762,10.3360187],[-75.5776897,10.3359872],[-75.5775905,10.3357841],[-75.5774161,10.3355914],[-75.5773692,10.3355769],[-75.5772941,10.3355769],[-75.5772364,10.3356033],[-75.5771707,10.3356495],[-75.5771191,10.3356502],[-75.5770822,10.3356231],[-75.5769608,10.3355278],[-75.5769286,10.3355509],[-75.5769575,10.3355997],[-75.5769618,10.3356102],[-75.5769628,10.3356244],[-75.5769565,10.3356373],[-75.5769239,10.3356587],[-75.5768435,10.3356864],[-75.5767563,10.3356732],[-75.5765551,10.3356112],[-75.5763285,10.3355017],[-75.5762132,10.3354727],[-75.5761367,10.3354951],[-75.576075,10.3355519],[-75.5760348,10.3356759],[-75.576016,10.3357735],[-75.5759785,10.3359741],[-75.5758826,10.3361648],[-75.5758363,10.3363276],[-75.5756915,10.3366021],[-75.5754581,10.3370137],[-75.5753079,10.3372459],[-75.57521,10.3373435],[-75.5751028,10.3374433],[-75.5750115,10.337515],[-75.5747366,10.3379161],[-75.5746481,10.3381457],[-75.5745569,10.3382591],[-75.5741733,10.3386945],[-75.5739284,10.3390975],[-75.5739346,10.3392381],[-75.5739132,10.3393252],[-75.573881,10.3393647],[-75.5738474,10.3394225],[-75.5737681,10.3395309],[-75.5732051,10.3399083],[-75.572617,10.3402268],[-75.5725439,10.340285],[-75.5725278,10.3403529],[-75.5725291,10.3404347],[-75.5724776,10.3405072],[-75.5723971,10.3405303],[-75.5722826,10.340514],[-75.5721737,10.3405257],[-75.5721308,10.3405759],[-75.5717942,10.3410231],[-75.571695,10.3411023],[-75.5709292,10.341345],[-75.5706529,10.3414915],[-75.5705202,10.3415443],[-75.5704759,10.3415931],[-75.5704679,10.3416353],[-75.5705161,10.3417751],[-75.5705148,10.3418213],[-75.5704571,10.341853],[-75.5703646,10.3418794],[-75.5702573,10.3418701],[-75.570209,10.3417989],[-75.5702184,10.3416498],[-75.5702694,10.3415641],[-75.5703579,10.3415416],[-75.570547,10.3414387],[-75.5705497,10.3413939],[-75.5704974,10.3412725],[-75.5704786,10.341221],[-75.570441,10.3412092],[-75.5700856,10.3412619],[-75.5699985,10.3412553],[-75.5698992,10.3412474],[-75.5698483,10.3412289],[-75.5697718,10.3411485],[-75.5697289,10.341163],[-75.5697477,10.3412065],[-75.569737,10.3412448],[-75.5697235,10.341258],[-75.569348,10.3414543],[-75.569116,10.3417026],[-75.568798,10.3420203],[-75.5680847,10.343328],[-75.5675966,10.3437238],[-75.5673873,10.3438557],[-75.5671251,10.3440077],[-75.5668992,10.344146],[-75.5666359,10.3442321],[-75.5662823,10.3442568],[-75.565955,10.3442779],[-75.5656815,10.3442198],[-75.5652845,10.3441354],[-75.5648337,10.3440426],[-75.5644932,10.3439217],[-75.5642987,10.3437448],[-75.5641727,10.343576],[-75.5641271,10.3434691],[-75.564058,10.3433694],[-75.56393,10.3432541],[-75.5638388,10.3430206],[-75.5638146,10.3428649],[-75.5637892,10.342791],[-75.5637716,10.342716],[-75.5636832,10.3426221],[-75.5635478,10.3424731],[-75.5635062,10.3423556],[-75.5635048,10.3422488],[-75.5635531,10.3420614],[-75.5636148,10.3418213],[-75.5636644,10.3416406],[-75.5637677,10.3414954],[-75.5638307,10.3414572],[-75.5638991,10.3413793],[-75.5639702,10.3413068],[-75.5640051,10.3412342],[-75.5640251,10.341175],[-75.563993,10.3410508],[-75.5639058,10.3409321],[-75.5638924,10.340845],[-75.5639186,10.3407935],[-75.5639648,10.340717],[-75.5640011,10.3406181],[-75.5640171,10.3405838],[-75.5640168,10.3405492],[-75.5640168,10.3405191],[-75.5640081,10.3404865],[-75.5639943,10.3404393],[-75.5639803,10.340409],[-75.563941,10.3403529],[-75.5639099,10.3403064],[-75.563879,10.340217],[-75.5638408,10.3401247],[-75.56382,10.3400191],[-75.5638079,10.3399657],[-75.5637387,10.3398734],[-75.5637074,10.3397685],[-75.5636913,10.3397078],[-75.5636913,10.3394742],[-75.5637208,10.3393515],[-75.5638053,10.3392776],[-75.5638781,10.3392051],[-75.5639179,10.3391444],[-75.5639327,10.3390718],[-75.5639528,10.3390072],[-75.5639447,10.3389676],[-75.5639125,10.3389373],[-75.5638441,10.3389148],[-75.5637744,10.3389188],[-75.563698,10.3389135],[-75.5636297,10.3388934],[-75.5634405,10.3388265],[-75.5633573,10.3387842],[-75.563301,10.3387684],[-75.5631709,10.3387526],[-75.5630314,10.338742],[-75.5630006,10.3387631],[-75.5630061,10.3388111],[-75.5630207,10.3389452],[-75.563073,10.3390626],[-75.5630918,10.3391774],[-75.5630247,10.3393608],[-75.5629255,10.3394624],[-75.562786,10.3396365],[-75.5627055,10.3397381],[-75.5626487,10.3397811],[-75.5625379,10.3398291],[-75.5624977,10.3399162],[-75.5625017,10.3399941],[-75.5625325,10.3401036],[-75.5625245,10.3402091],[-75.5624534,10.3402698],[-75.5623394,10.3403067],[-75.5622203,10.3403098],[-75.5621329,10.3402711],[-75.5621141,10.340221],[-75.5620524,10.3401207],[-75.562015,10.3400679],[-75.5619158,10.3399527],[-75.5618969,10.3398621],[-75.5619049,10.3397909],[-75.5618781,10.3397236],[-75.5618503,10.3397013],[-75.5616944,10.3395442],[-75.5616447,10.3394426],[-75.5616206,10.3393357],[-75.561626,10.3392077],[-75.5616206,10.339085],[-75.5615968,10.3389782],[-75.5615106,10.3389009],[-75.5614244,10.3388909],[-75.5612665,10.3387922],[-75.5611499,10.3386945],[-75.5610439,10.3386035],[-75.5610171,10.3385468],[-75.5610064,10.3384913],[-75.5609836,10.3384544],[-75.5609302,10.3384047],[-75.5608413,10.3383364],[-75.5606868,10.3382201],[-75.5605008,10.3379768],[-75.560419,10.3378752],[-75.5604029,10.3378287],[-75.5602956,10.3377446],[-75.5602317,10.3377212],[-75.560136,10.3376839],[-75.5600379,10.3376815],[-75.5599844,10.3376628],[-75.5599375,10.3376259],[-75.5599281,10.3375375],[-75.5599576,10.3374319],[-75.5599737,10.3373541],[-75.5599804,10.3372828],[-75.5599804,10.337209],[-75.5599644,10.3371554],[-75.559853,10.3371245],[-75.5597827,10.3371252],[-75.5597444,10.3371311],[-75.5596932,10.3371454],[-75.5596384,10.3371746],[-75.5595633,10.3372261],[-75.5595405,10.3373237],[-75.5595231,10.337395],[-75.559507,10.3374662],[-75.5595003,10.337515],[-75.559499,10.3375731],[-75.5594882,10.3376206],[-75.5594802,10.3376588],[-75.559498,10.3377139],[-75.5595084,10.3377776],[-75.5595716,10.3378785],[-75.5596022,10.3379148],[-75.5596358,10.3379715],[-75.5596572,10.338023],[-75.5596733,10.3380995],[-75.5596827,10.338147],[-75.5596867,10.3381892],[-75.5596881,10.3382301],[-75.5597059,10.338295],[-75.5597262,10.3384196],[-75.5597445,10.3385007],[-75.5598262,10.3385903],[-75.5598808,10.3386715],[-75.5599239,10.3387687],[-75.5599796,10.3388311],[-75.5600278,10.3389408],[-75.5600126,10.3390306],[-75.5599069,10.3392225],[-75.559757,10.339453],[-75.559623,10.33969],[-75.5596324,10.3397276],[-75.5596653,10.3397592],[-75.5598215,10.3397744],[-75.5599938,10.3397572],[-75.5601035,10.3397354],[-75.5602004,10.3397223],[-75.5602667,10.33975],[-75.5603164,10.3398186],[-75.5603841,10.3398819],[-75.5604592,10.3399004],[-75.5605316,10.3399294],[-75.5606188,10.3399875],[-75.5607221,10.3400983],[-75.5607905,10.3401299],[-75.56082,10.340188],[-75.5608226,10.3402843],[-75.5607985,10.3403965],[-75.5607422,10.3405112],[-75.5605397,10.3407896],[-75.5605276,10.3409044],[-75.5605397,10.3410337],[-75.5606054,10.3412026],[-75.5606765,10.3413701],[-75.5606818,10.3415865],[-75.5607207,10.341754],[-75.5607194,10.3418899],[-75.560762,10.3420342],[-75.5608514,10.3421892],[-75.5609284,10.3423111],[-75.5609728,10.3423741],[-75.5610332,10.3424717],[-75.5611016,10.3427158],[-75.5611928,10.3429625],[-75.5612625,10.3431921],[-75.56128,10.3432858],[-75.5612625,10.34358],[-75.561284,10.3438095],[-75.5613484,10.3439837],[-75.5613698,10.3442053],[-75.5612022,10.3445932],[-75.5610842,10.344865],[-75.5609728,10.3450391],[-75.5603881,10.3455668],[-75.5599791,10.3457977],[-75.5597685,10.3458901],[-75.5595915,10.345931],[-75.5595285,10.345931],[-75.559444,10.3458782],[-75.5593903,10.3458056],[-75.5593582,10.3456988],[-75.5593635,10.34546],[-75.5593582,10.3453096],[-75.5593218,10.3452324],[-75.5591127,10.3450061],[-75.5590725,10.3450035],[-75.5590148,10.3450365],[-75.5589296,10.3453626],[-75.5587131,10.3457133],[-75.5586568,10.3457766],[-75.5585709,10.3458056],[-75.5582276,10.3458426],[-75.5581632,10.3458716],[-75.558119,10.3459072],[-75.5580734,10.3459758],[-75.5580385,10.3459811],[-75.558005,10.3459705],[-75.5579017,10.3458887],[-75.5577781,10.3458311],[-75.5577032,10.3457713],[-75.5576724,10.345712],[-75.5575785,10.3455273],[-75.5575275,10.3452832],[-75.55749,10.3450853],[-75.5574677,10.3448699],[-75.5572352,10.3443808],[-75.557144,10.3439982],[-75.5571762,10.3438425],[-75.557321,10.3437211],[-75.5574417,10.3435734],[-75.5575624,10.343291],[-75.5575383,10.3431195],[-75.5574954,10.3430641],[-75.5574015,10.3430588],[-75.5572473,10.3430417],[-75.5571815,10.3430113],[-75.5571494,10.3429691],[-75.5570957,10.3428662],[-75.5569375,10.3424335],[-75.5569039,10.3424045],[-75.5568118,10.3423861],[-75.5567577,10.3423939],[-75.5567001,10.3423794],[-75.5566853,10.3423596],[-75.5566813,10.3423187],[-75.5568288,10.3420126],[-75.5568342,10.3418464],[-75.5567376,10.3414242],[-75.5566746,10.3413094],[-75.556625,10.3412764],[-75.5565861,10.3412632],[-75.5565593,10.3412619],[-75.5565338,10.3412712],[-75.5565311,10.3413503],[-75.5566035,10.3417224],[-75.5566143,10.3420324],[-75.5565888,10.3421604],[-75.5565016,10.3423029],[-75.5563501,10.342382],[-75.5563326,10.3424071],[-75.5563259,10.342448],[-75.5563501,10.3425483],[-75.5563273,10.3425958],[-75.5561972,10.3426393],[-75.5560859,10.3426195],[-75.5560094,10.3425681],[-75.5559504,10.3425232],[-75.5558793,10.3424467],[-75.5558391,10.342419],[-75.555642,10.3423992],[-75.5555306,10.3423583],[-75.5554663,10.3423029],[-75.555363,10.3421366],[-75.5553241,10.3420311],[-75.5551659,10.3416894],[-75.5548068,10.3411747],[-75.5547756,10.3410891],[-75.5547729,10.3409809],[-75.554811,10.3408983],[-75.5549902,10.340816],[-75.5551055,10.340783],[-75.555131,10.3406973],[-75.555127,10.3406366],[-75.5550492,10.3405878],[-75.5548091,10.3405666],[-75.5546764,10.3405561],[-75.5545597,10.3405046],[-75.5544416,10.3404137],[-75.5543062,10.3402711],[-75.554207,10.3401141],[-75.5540876,10.339783],[-75.5541292,10.3395508],[-75.5541439,10.3393621],[-75.5541399,10.3390784],[-75.5542284,10.3389465],[-75.554329,10.33887],[-75.554427,10.338875],[-75.5547394,10.3388858],[-75.5548668,10.338841],[-75.5548789,10.3387987],[-75.5548386,10.3387513],[-75.554781,10.3387169],[-75.5547877,10.3386563],[-75.5548225,10.3385863],[-75.5548815,10.3385204],[-75.5549778,10.3383739],[-75.5550505,10.3383291],[-75.5551203,10.3383146],[-75.5552168,10.3383264],[-75.5554627,10.3384108],[-75.5555454,10.338399],[-75.5556124,10.3383198],[-75.5556138,10.3382222],[-75.5555011,10.338048],[-75.5553643,10.3378686],[-75.5552195,10.3377697],[-75.555079,10.3377046],[-75.5549701,10.3377143],[-75.5545221,10.337802],[-75.554388,10.337928],[-75.5542727,10.3380256],[-75.5541075,10.3381186],[-75.5539535,10.3383277],[-75.5537845,10.3385243],[-75.5537121,10.3385929],[-75.5535793,10.3386417],[-75.5535069,10.3386404],[-75.5534224,10.3386563],[-75.5533473,10.3387196],[-75.5533138,10.3387948],[-75.5532682,10.3390375],[-75.5531448,10.3391352],[-75.5529745,10.3391484],[-75.5527505,10.3391114],[-75.5525822,10.3390718],[-75.5524528,10.3389808],[-75.5524005,10.3389017],[-75.5523536,10.3388462],[-75.552265,10.3387486],[-75.5521873,10.338676],[-75.5520867,10.3385534],[-75.5519767,10.3384478],[-75.5519338,10.3384116],[-75.5516308,10.3381951],[-75.5515797,10.3381523],[-75.5515449,10.3381061],[-75.551514,10.3380441],[-75.5514966,10.3380058],[-75.5514792,10.3379808],[-75.5514523,10.3379135],[-75.5514355,10.337852],[-75.5514255,10.3378],[-75.5513906,10.337734],[-75.5513042,10.3376255],[-75.5512901,10.3375691],[-75.5512981,10.3375164],[-75.5512954,10.337362],[-75.551282,10.337271],[-75.5512927,10.3372129],[-75.5513339,10.3371512],[-75.5513491,10.3370203],[-75.551341,10.3369293],[-75.5513276,10.3368686],[-75.5513102,10.3368039],[-75.5512726,10.3367221],[-75.5512042,10.3366918],[-75.5510648,10.3366509],[-75.5509615,10.3366126],[-75.5508676,10.3365915],[-75.5508019,10.3365849],[-75.5507013,10.3366034],[-75.5505954,10.3366205],[-75.5504653,10.3366799],[-75.5503808,10.3367195],[-75.5502749,10.336734],[-75.5502172,10.3367234],[-75.5501676,10.3366878],[-75.5501568,10.3366575],[-75.5501635,10.3365928],[-75.5501783,10.3365519],[-75.5501287,10.3365018],[-75.5501153,10.3364926],[-75.5500469,10.3364926],[-75.5499329,10.3364675],[-75.5498283,10.3364028],[-75.5497907,10.336354],[-75.5497746,10.3362828],[-75.5498229,10.3361548],[-75.5498001,10.3361139],[-75.5496191,10.3360268],[-75.5494943,10.3360387],[-75.5493374,10.3360796],[-75.5492154,10.3361337],[-75.5491148,10.336197],[-75.5489619,10.3362353],[-75.5488774,10.3362313],[-75.548805,10.3362366],[-75.5487742,10.3362867],[-75.5487667,10.3363639],[-75.5486206,10.336557],[-75.5485328,10.3366865],[-75.5483329,10.3369174],[-75.5480383,10.3375726],[-75.5478497,10.3379613],[-75.547767,10.3380995],[-75.5476852,10.3381681],[-75.5475578,10.3382407],[-75.5475122,10.3382816],[-75.5474974,10.3383396],[-75.5474652,10.3385415],[-75.5474612,10.3386972],[-75.5473915,10.3390402],[-75.5473204,10.3394083],[-75.547271,10.3395122],[-75.5472064,10.3396405],[-75.5471715,10.3396893],[-75.5471393,10.3397473],[-75.54711,10.3398362],[-75.5470401,10.3399373],[-75.5470066,10.3399901],[-75.5469692,10.3401439],[-75.5469784,10.3401788],[-75.5470482,10.3402553],[-75.5471783,10.3404749],[-75.5472092,10.3405718],[-75.5472346,10.3406709],[-75.5472577,10.3407721],[-75.5472417,10.3408659],[-75.5471152,10.3410617],[-75.5470322,10.3411449],[-75.5469404,10.3412562],[-75.5468567,10.34141],[-75.546857,10.3414209],[-75.5468621,10.3414328],[-75.5469181,10.3414486],[-75.5469288,10.3414549],[-75.5469344,10.3414625],[-75.5469362,10.3414796],[-75.5469093,10.3415248],[-75.5468993,10.3415321],[-75.5468812,10.3415314],[-75.5468275,10.341519],[-75.5468101,10.3415205],[-75.5467921,10.3415314],[-75.5466875,10.3416626],[-75.5466928,10.3416815],[-75.5467492,10.3417276],[-75.5467558,10.3417422],[-75.5467524,10.3417573],[-75.546693,10.3418399],[-75.5465383,10.341932],[-75.5464768,10.341975],[-75.5464058,10.3420166],[-75.546389,10.3420238],[-75.5463575,10.3420186],[-75.5463333,10.3419981],[-75.5463126,10.3419608],[-75.546299,10.3419536],[-75.5462837,10.3419565],[-75.5461731,10.3420179],[-75.5461406,10.3420281],[-75.5461161,10.3420238],[-75.5461087,10.3420133],[-75.5460796,10.3419525],[-75.5460104,10.3419777],[-75.5460336,10.3421023],[-75.5460269,10.3421129],[-75.5460155,10.3421234],[-75.5459404,10.3421464],[-75.5458773,10.3421641],[-75.5458459,10.3421604],[-75.5458237,10.3421531],[-75.5458157,10.3421333],[-75.5458174,10.3419399],[-75.5458588,10.3419372],[-75.5458576,10.341905],[-75.5457282,10.3419072],[-75.5457329,10.3419351],[-75.5457821,10.3419396],[-75.5457743,10.342153],[-75.5456944,10.3421416],[-75.5456501,10.3421135],[-75.5456353,10.3420911],[-75.5456883,10.3418094],[-75.5456166,10.3417927],[-75.5455905,10.3419102],[-75.5455386,10.3419027],[-75.5455612,10.3417822],[-75.5455354,10.3417773],[-75.5455115,10.3419167],[-75.5454445,10.341915],[-75.5452863,10.3418992],[-75.5451584,10.3419093],[-75.5449869,10.3419143],[-75.5446181,10.341915],[-75.5444478,10.3419519],[-75.5441514,10.3420219],[-75.544083,10.3420298],[-75.544036,10.3420219],[-75.5439831,10.3420126],[-75.5439006,10.3420285],[-75.5437718,10.3420575],[-75.5437329,10.3420562],[-75.5435641,10.3420346],[-75.5432555,10.3419546],[-75.5432341,10.3418919],[-75.5432193,10.3418741],[-75.5431978,10.3418635],[-75.5429484,10.3418754],[-75.5429055,10.3419097],[-75.5428888,10.3419889],[-75.542876,10.3421129],[-75.542766,10.3423147],[-75.5426756,10.342369],[-75.5425843,10.3425509],[-75.5425829,10.3425746],[-75.542587,10.3425832],[-75.5426208,10.3426005],[-75.5426507,10.3426433],[-75.5426721,10.3427132],[-75.5426963,10.342824],[-75.5426765,10.3429099],[-75.5426198,10.3429955],[-75.5426089,10.3430676],[-75.5426114,10.3431283],[-75.5428585,10.3433794],[-75.5428867,10.3433847],[-75.5429511,10.3433953],[-75.5430248,10.3434203],[-75.5431281,10.3435206],[-75.5431536,10.3435404],[-75.5432126,10.3435285],[-75.543277,10.3434665],[-75.5433279,10.343419],[-75.5433615,10.3434111],[-75.5434003,10.3434388],[-75.5435613,10.3435311],[-75.5436122,10.3435931],[-75.5437335,10.3438137],[-75.5437282,10.343918],[-75.5437101,10.34397],[-75.5434915,10.3442126],[-75.5434272,10.3442475],[-75.5433877,10.344259],[-75.5432951,10.3443056],[-75.5431952,10.3443814],[-75.5431381,10.3443328],[-75.5430554,10.3444235],[-75.5431236,10.3445203],[-75.5431246,10.3445662],[-75.5430468,10.3446383],[-75.5429176,10.3447515],[-75.5427897,10.3448671],[-75.5425278,10.3450769],[-75.5424223,10.3452098],[-75.5423398,10.3453015],[-75.5422064,10.3453972],[-75.5419652,10.345526],[-75.5418177,10.3455506],[-75.5416735,10.3455434],[-75.5414324,10.3456521],[-75.5413259,10.3457037],[-75.5410507,10.345832],[-75.5410052,10.345834],[-75.5406892,10.3459156],[-75.5401573,10.3462851],[-75.5397284,10.3466421],[-75.5395958,10.3468505],[-75.5395407,10.3469719],[-75.5395246,10.3472278],[-75.5394602,10.347402],[-75.5392477,10.3475705],[-75.539038,10.3478076],[-75.538855,10.3482334],[-75.5388084,10.3484073],[-75.5387613,10.3485583],[-75.5387253,10.3486395],[-75.5386797,10.348716],[-75.5386319,10.34887],[-75.5385751,10.3489456],[-75.5384846,10.3490149],[-75.5383641,10.3491553],[-75.5383511,10.3492081],[-75.5383606,10.3492638],[-75.5392939,10.3500538],[-75.539436,10.3501012],[-75.5396131,10.3501646],[-75.5398214,10.3503017],[-75.5399323,10.3503202],[-75.5400986,10.3503044],[-75.5403239,10.3502464],[-75.5405518,10.3502041],[-75.5409259,10.3501316],[-75.5410802,10.3501171],[-75.5412829,10.3500328],[-75.541331,10.3499977],[-75.5413927,10.3499548],[-75.5414503,10.3498956],[-75.5416176,10.3497749],[-75.5418487,10.3497094],[-75.5420646,10.34965],[-75.5422094,10.3496698],[-75.5423606,10.3497803],[-75.5424878,10.3498737],[-75.5426368,10.3500332],[-75.5426735,10.3501408],[-75.5427277,10.3503346],[-75.5426998,10.3505541],[-75.5427612,10.3507956],[-75.5429015,10.3508612],[-75.5430195,10.3508664],[-75.543218,10.3508823],[-75.5434585,10.3509218],[-75.543631,10.3509482],[-75.5439159,10.3509602],[-75.544256,10.3509509],[-75.5444357,10.3510142],[-75.5446572,10.3511501],[-75.5449423,10.3512291],[-75.5456212,10.3515604],[-75.5457607,10.3518374],[-75.5458251,10.3520168],[-75.5455273,10.3529087],[-75.5455354,10.3529825],[-75.5455901,10.3530401],[-75.5456615,10.3530828],[-75.5457634,10.3530802],[-75.5461389,10.3529535],[-75.5464339,10.3530195],[-75.5465439,10.3531197],[-75.5467531,10.3534364],[-75.5467692,10.3535261],[-75.5467075,10.3537161],[-75.5466914,10.3538322],[-75.5467021,10.3538902],[-75.5468052,10.354041],[-75.5468282,10.3541382],[-75.5467987,10.3542675],[-75.5464152,10.3545868],[-75.5461362,10.3547636],[-75.5456185,10.3549641],[-75.5452403,10.3550485],[-75.5450499,10.3551857],[-75.5450177,10.3553097],[-75.5450298,10.355381],[-75.545074,10.3554575],[-75.5452122,10.3555723],[-75.5455501,10.3557662],[-75.5456105,10.3557741],[-75.5456936,10.3557741],[-75.5458009,10.3557556],[-75.5459082,10.3557662],[-75.5460101,10.355811],[-75.5461121,10.3558876],[-75.5461791,10.3560195],[-75.5462918,10.3560881],[-75.5464152,10.356096],[-75.546509,10.3560643],[-75.5466941,10.3560169],[-75.5468631,10.355972],[-75.5470374,10.3559403],[-75.5474666,10.3559773],[-75.5478957,10.3559456],[-75.5482578,10.3559113],[-75.5487567,10.3556475],[-75.549143,10.3553388],[-75.5492824,10.3551857],[-75.5494004,10.3548099],[-75.5494072,10.3542556],[-75.5493522,10.3540446],[-75.5493589,10.3539205],[-75.5494005,10.3538493],[-75.5494313,10.3538163],[-75.5494541,10.3537002],[-75.5494474,10.3535789],[-75.5494595,10.3534416],[-75.5495131,10.3532253],[-75.5495118,10.3530459],[-75.5495305,10.3528862],[-75.5495989,10.3528018],[-75.5497406,10.3527002],[-75.5498356,10.352639],[-75.5499315,10.3525683],[-75.5499946,10.3524562],[-75.5500133,10.3523994],[-75.5500308,10.3523308],[-75.5500683,10.3522279],[-75.5500683,10.3521408],[-75.5500858,10.3520274],[-75.5501059,10.3518308],[-75.5500723,10.3516699],[-75.5499798,10.3515182],[-75.549847,10.3514364],[-75.5497062,10.3514126],[-75.549615,10.3514192],[-75.5495231,10.3514055],[-75.5493991,10.3513123],[-75.5493253,10.3511962],[-75.5492476,10.3510577],[-75.5491443,10.3509627],[-75.5490076,10.3509308],[-75.5489391,10.3509298],[-75.5488452,10.3509469],[-75.5487862,10.3510102],[-75.5487151,10.3510736],[-75.5486253,10.3512226],[-75.5485824,10.3513519],[-75.5485314,10.3515525],[-75.548514,10.3516672],[-75.5484992,10.3517794],[-75.5484812,10.3518388],[-75.5484375,10.3519113],[-75.5483933,10.3519311],[-75.5483329,10.3519284],[-75.5483057,10.3519126],[-75.5482525,10.351877],[-75.5482203,10.3518519],[-75.5481869,10.3517885],[-75.5481887,10.3514181],[-75.5481505,10.3512583],[-75.5481023,10.3511316],[-75.5480996,10.3509482],[-75.5480795,10.3508453],[-75.5480647,10.3507879],[-75.5480419,10.3507345],[-75.5480379,10.3506863],[-75.5480245,10.3506316],[-75.5480178,10.3505986],[-75.5479936,10.3505445],[-75.5479091,10.3504126],[-75.5478716,10.3503242],[-75.5477254,10.3501395],[-75.5475283,10.3499957],[-75.5474022,10.3499403],[-75.5472775,10.3499152],[-75.5471608,10.3499218],[-75.5470502,10.3499624],[-75.5469392,10.349998],[-75.5468698,10.3500366],[-75.5468,10.3500709],[-75.5467585,10.3500709],[-75.5467357,10.350059],[-75.5466784,10.3500107],[-75.5466096,10.3499759],[-75.5464901,10.3499105],[-75.5462782,10.3497288],[-75.5460208,10.3495676],[-75.5456775,10.3493097],[-75.5455504,10.3492097],[-75.5454402,10.3490814],[-75.5453181,10.3489113],[-75.5452269,10.3487371],[-75.5450847,10.3485478],[-75.5447575,10.3483769],[-75.5447093,10.3483149],[-75.5447187,10.3482727],[-75.5447629,10.3482529],[-75.5449479,10.3482219],[-75.5452323,10.348249],[-75.545353,10.3482701],[-75.5456229,10.3483371],[-75.5461764,10.3485511],[-75.5462341,10.3485735],[-75.5463991,10.3485874],[-75.5464701,10.3486006],[-75.5467451,10.3486342],[-75.5469114,10.3486606],[-75.5473083,10.3487925],[-75.5477428,10.3489429],[-75.5483289,10.3492635],[-75.5485556,10.3494086],[-75.5492342,10.3496896],[-75.5493374,10.3497187],[-75.5494206,10.3497978],[-75.5495279,10.3501817],[-75.5495547,10.3502187],[-75.5496231,10.3502503],[-75.5496995,10.3502569],[-75.549784,10.3502675],[-75.5499208,10.350344],[-75.5501796,10.3505617],[-75.5507496,10.3509786],[-75.5511707,10.3513994],[-75.5512364,10.3515472],[-75.5512284,10.3522635],[-75.55116,10.3528387],[-75.5511546,10.3529271],[-75.5511895,10.3531211],[-75.5511479,10.3532319],[-75.5510607,10.3533559],[-75.550936,10.3535195],[-75.5508234,10.353592],[-75.5507375,10.353625],[-75.5506249,10.3536329],[-75.5504961,10.3537055],[-75.5502655,10.3539601],[-75.5500831,10.3541606],[-75.5500227,10.3543084],[-75.5500294,10.3545063],[-75.5500536,10.3549707],[-75.550071,10.3551277],[-75.5501609,10.355249],[-75.5504036,10.355348],[-75.5506561,10.3553545],[-75.5510312,10.3552754],[-75.5512042,10.355257],[-75.5512713,10.3552649],[-75.5513611,10.3552913],[-75.5514993,10.3554786],[-75.5515476,10.3556607],[-75.5516481,10.3558005],[-75.5516723,10.3558348],[-75.5516669,10.3559153],[-75.5515677,10.3560604],[-75.5514041,10.3562319],[-75.5513518,10.3562477],[-75.5513115,10.3562253],[-75.5512673,10.3559601],[-75.5512176,10.3558744],[-75.5510406,10.3557688],[-75.550822,10.3556818],[-75.5502856,10.3555604],[-75.5499672,10.3555448],[-75.5498967,10.3555551],[-75.5497867,10.3556395],[-75.549497,10.3560195],[-75.5490732,10.3564417],[-75.5488077,10.3566395],[-75.5485448,10.3567451],[-75.548222,10.3568631],[-75.5476999,10.3568638],[-75.5473087,10.3569535],[-75.5469981,10.3570356],[-75.5466061,10.3571517],[-75.546215,10.3572102],[-75.5461067,10.3572253],[-75.5460316,10.357257],[-75.545978,10.3573097],[-75.5459136,10.357344],[-75.5457795,10.3573361],[-75.5456883,10.3573757],[-75.5453798,10.357505],[-75.545353,10.3575709],[-75.545412,10.3576554],[-75.5455005,10.3577372],[-75.5455971,10.3578796],[-75.54564,10.3579931],[-75.5455542,10.3581989],[-75.5452001,10.3585261],[-75.5450633,10.3586448],[-75.5449775,10.3587794],[-75.5449158,10.3587912],[-75.5448756,10.3587846],[-75.5448018,10.3587345],[-75.5447052,10.3586488],[-75.544492,10.3584364],[-75.5443579,10.358286],[-75.5443284,10.3581923],[-75.5443257,10.3581197],[-75.5445577,10.3577563],[-75.5445651,10.3576837],[-75.5445396,10.3576395],[-75.5444679,10.3576164],[-75.5443483,10.3576136],[-75.5441849,10.3576923],[-75.544091,10.3577635],[-75.5440347,10.3578981],[-75.5439891,10.3583374],[-75.5439462,10.3586145],[-75.5438885,10.3587371],[-75.5438282,10.3587886],[-75.5435479,10.3588203],[-75.5434835,10.3587701],[-75.543454,10.3587147],[-75.543403,10.3585485],[-75.5433494,10.3583928],[-75.543344,10.3581897],[-75.5433615,10.3580472],[-75.543344,10.3578902],[-75.5433413,10.3577978],[-75.5433038,10.3577187],[-75.5432247,10.357662],[-75.5431643,10.3576488],[-75.5430235,10.3576817],[-75.542899,10.3577646],[-75.5427523,10.3577964],[-75.542542,10.3577807],[-75.5424723,10.3577504],[-75.5424348,10.3576831],[-75.5423851,10.3573321],[-75.5423556,10.3571897],[-75.5423315,10.3571554],[-75.5422913,10.357125],[-75.5422014,10.3571197],[-75.5420405,10.3571461],[-75.5419064,10.3571448],[-75.5418393,10.3571158],[-75.5418088,10.3570785],[-75.5416998,10.357001],[-75.5416113,10.3568638],[-75.541622,10.3567029],[-75.5416489,10.3564205],[-75.5416274,10.3562649],[-75.5415604,10.3561198],[-75.5414048,10.3559799],[-75.5412102,10.3559602],[-75.5411071,10.3559113],[-75.5410185,10.3558242],[-75.540989,10.3556844],[-75.5409542,10.3555881],[-75.5409186,10.3555439],[-75.5408476,10.3555234],[-75.5407597,10.3555215],[-75.5406336,10.3555327],[-75.5405532,10.3555723],[-75.5404044,10.3557716],[-75.5403708,10.3558823],[-75.5403775,10.3559878],[-75.5404256,10.3561297],[-75.540466,10.3562609],[-75.5403842,10.3565485],[-75.5403493,10.3567543],[-75.5403332,10.3568322],[-75.5402633,10.3569089],[-75.5402058,10.3569614],[-75.5401871,10.3570551],[-75.5402112,10.3571818],[-75.5403735,10.3574047],[-75.5404246,10.3575416],[-75.5405009,10.357658],[-75.5405559,10.3578691],[-75.540572,10.3579825],[-75.5405207,10.3581089],[-75.54023,10.3583216],[-75.540053,10.3585472],[-75.5398949,10.3587907],[-75.5398157,10.3590829],[-75.5397472,10.3593836],[-75.5396792,10.3595511],[-75.5395849,10.3596501],[-75.5395232,10.3596751],[-75.5393761,10.3596751],[-75.5392711,10.3596553],[-75.5391061,10.3596316],[-75.5390351,10.359625],[-75.5389023,10.359596],[-75.5388553,10.3595683],[-75.5388339,10.3594904],[-75.5388822,10.3592873],[-75.5389157,10.3591514],[-75.5389506,10.3590432],[-75.5389948,10.3589482],[-75.5390833,10.3589113],[-75.5391249,10.3588585],[-75.5391262,10.3587767],[-75.5391075,10.3587437],[-75.5390753,10.3586976],[-75.5387147,10.3585297],[-75.5384986,10.3583427],[-75.5382398,10.3580934],[-75.5381969,10.3579918],[-75.5382049,10.3577095],[-75.5383001,10.3575089],[-75.5383149,10.3573282],[-75.5382049,10.3570947],[-75.5380097,10.3569791],[-75.5379353,10.3569073],[-75.5378909,10.3567921],[-75.5378938,10.3567042],[-75.5379353,10.3566699],[-75.5380078,10.3566527],[-75.53817,10.3566725],[-75.5382384,10.3566422],[-75.5383229,10.3565195],[-75.5383578,10.3562939],[-75.5383229,10.3561963],[-75.5382639,10.3561409],[-75.538048,10.3561514],[-75.5378348,10.3562636],[-75.5376953,10.3563731],[-75.5375679,10.3565195],[-75.537477,10.3566914],[-75.5374263,10.3568265],[-75.5373868,10.3568981],[-75.5374029,10.3570168],[-75.5374566,10.3572517],[-75.5375263,10.3573862],[-75.5376873,10.3576394],[-75.5377456,10.3577291],[-75.5378065,10.3578239],[-75.5379166,10.3580959],[-75.5381182,10.3587016],[-75.538321,10.3593598],[-75.5385187,10.3597039],[-75.5386958,10.3599482],[-75.5388325,10.3601237],[-75.538937,10.360245],[-75.539149,10.3605735],[-75.539378,10.3609057],[-75.5397092,10.361368],[-75.5399653,10.3616316],[-75.54001,10.3617444],[-75.5400335,10.3617602],[-75.5400623,10.3617602],[-75.5400804,10.3617477],[-75.5400939,10.3617397],[-75.5401126,10.3617358],[-75.5401294,10.3617378],[-75.5401629,10.3617463],[-75.540179,10.3617516],[-75.5402011,10.3617668],[-75.5402474,10.3618275],[-75.5403091,10.3618783],[-75.5403527,10.3619086],[-75.5403782,10.3619264],[-75.5403943,10.3619442],[-75.5404097,10.3619554],[-75.5404218,10.3619719],[-75.5404611,10.3620024],[-75.5405129,10.3620293],[-75.5405445,10.3620498],[-75.540585,10.3620786],[-75.5406263,10.3621091],[-75.540678,10.3621421],[-75.5407114,10.3621645],[-75.5407503,10.3621817],[-75.5407926,10.3622015],[-75.5408368,10.3622265],[-75.5408794,10.3622412],[-75.5409032,10.3622496],[-75.5409284,10.3622691],[-75.5409716,10.3622984],[-75.5410123,10.3623098],[-75.5410206,10.3623172],[-75.5410264,10.3623755],[-75.5410139,10.3624033],[-75.5408442,10.3625682],[-75.5408757,10.3625755],[-75.5409253,10.3625893],[-75.540989,10.3626091],[-75.5410534,10.3626612],[-75.5410621,10.3627153],[-75.5410266,10.3627912],[-75.5410403,10.3628024],[-75.5410588,10.3628129],[-75.5410816,10.3628162],[-75.5417835,10.3629553],[-75.5420619,10.362997],[-75.5422604,10.3631104],[-75.542663,10.3632296],[-75.5428518,10.3632951],[-75.5428022,10.3634943],[-75.5428183,10.3635141],[-75.5428867,10.363555],[-75.5431053,10.3635946],[-75.5432716,10.363617],[-75.5435345,10.3636592],[-75.543796,10.363712],[-75.5439046,10.3637529],[-75.5440317,10.3638623],[-75.5441095,10.3639254],[-75.5442292,10.3640227],[-75.5443016,10.3640932],[-75.5443659,10.364144],[-75.54438,10.3641895],[-75.5443753,10.3642634],[-75.5443022,10.3643907],[-75.5443036,10.3644197],[-75.544311,10.364429],[-75.544376,10.3644389],[-75.5447636,10.3644343],[-75.5450968,10.3644732],[-75.5452779,10.3645029],[-75.5453356,10.3645391],[-75.5453684,10.3645774],[-75.5453879,10.3646394],[-75.5453718,10.3647456],[-75.5453791,10.3647588],[-75.5454013,10.3647654],[-75.5454429,10.3647667],[-75.5461007,10.3647944],[-75.5461087,10.3648798],[-75.5461121,10.3648881],[-75.5461218,10.364891],[-75.5461593,10.3648858],[-75.5461964,10.3648827],[-75.5463354,10.3648465],[-75.5464869,10.364801],[-75.5466995,10.3647753],[-75.5468188,10.3647852],[-75.5469214,10.3648102],[-75.5470254,10.3648584],[-75.5469684,10.3650517],[-75.5469972,10.3650648],[-75.5470294,10.3649514],[-75.5471588,10.3648999],[-75.5472808,10.3648868],[-75.5473975,10.3648894],[-75.5479251,10.3649008],[-75.5481329,10.3649166],[-75.5482685,10.3649515],[-75.5483792,10.3650167],[-75.548502,10.3651081],[-75.5486018,10.3652053],[-75.5487017,10.3653115],[-75.5486903,10.3653115],[-75.548693,10.3653597],[-75.5486387,10.3655358],[-75.54864,10.365545],[-75.5486414,10.365553],[-75.5486608,10.3655596],[-75.5486964,10.3655602],[-75.5489674,10.3654982],[-75.5490236,10.3654956],[-75.549083,10.3655081],[-75.5492697,10.3655345],[-75.5494693,10.3655471],[-75.5496437,10.3655226],[-75.5499213,10.3654857],[-75.5501368,10.3654888],[-75.5503801,10.3655022],[-75.550472,10.3655404],[-75.5504499,10.3656935],[-75.5504572,10.3657047],[-75.5504653,10.365706],[-75.5504787,10.3657014],[-75.5505102,10.3656822],[-75.5506437,10.3656539],[-75.5508234,10.3656671],[-75.550991,10.3657172],[-75.551172,10.3657977],[-75.5511647,10.366012],[-75.551164,10.3660694],[-75.5511761,10.3661051],[-75.5512002,10.3661169],[-75.5512197,10.3661156],[-75.5512552,10.3661011],[-75.5517608,10.3658689],[-75.5521832,10.365704],[-75.5524729,10.3656341],[-75.552768,10.3655668],[-75.5529423,10.3655246],[-75.5531059,10.3655246],[-75.553319,10.3655559],[-75.5533497,10.3655702],[-75.5536131,10.365693],[-75.5537704,10.3658564],[-75.5537979,10.3659448],[-75.5537725,10.365989],[-75.5535683,10.3661252],[-75.553573,10.3661314],[-75.55358,10.3661436],[-75.5537795,10.3660421],[-75.5537872,10.3660582],[-75.5537895,10.3660731],[-75.5537751,10.3661697],[-75.5537664,10.3662897],[-75.5537812,10.3664091],[-75.5537904,10.3664218],[-75.5538097,10.3664325],[-75.5538227,10.3664353],[-75.5538415,10.3664302],[-75.5539361,10.3664019],[-75.5545516,10.3662093],[-75.5551323,10.3660074],[-75.5556084,10.3659243],[-75.5561274,10.3658241],[-75.5562937,10.365799],[-75.5564185,10.3657832],[-75.5568543,10.36577],[-75.5572084,10.3658109],[-75.5572619,10.3658211],[-75.5575585,10.3658642],[-75.5579453,10.3659316],[-75.5581947,10.3659896],[-75.5583262,10.3660793],[-75.5583838,10.3661525],[-75.5583912,10.3662805],[-75.5584093,10.3663359],[-75.5583852,10.3663676],[-75.5583322,10.3664731],[-75.5583342,10.3664883],[-75.5583517,10.3665015],[-75.5583885,10.3665107],[-75.5585708,10.3665445],[-75.5586863,10.3665951],[-75.5587712,10.3666412],[-75.5588096,10.3666822],[-75.5588391,10.3667515],[-75.5588479,10.3667976],[-75.5589572,10.3668775],[-75.5590209,10.3669223],[-75.5590638,10.3670107],[-75.5590765,10.3673049],[-75.5591161,10.3673603],[-75.5591449,10.3673893],[-75.5591657,10.367421],[-75.5591825,10.3674487],[-75.5591932,10.3674902],[-75.5592012,10.3675483],[-75.5592039,10.3676215],[-75.5591885,10.3677158],[-75.5591784,10.367789],[-75.5591922,10.3678029],[-75.5592361,10.3678082],[-75.5593126,10.3677844],[-75.5595151,10.367762],[-75.5600019,10.3677396],[-75.5602998,10.3678194],[-75.5605112,10.367905],[-75.5605955,10.3679663],[-75.560714,10.3680509],[-75.5609688,10.3681828],[-75.5611666,10.3682487],[-75.5614275,10.3683675],[-75.5615468,10.3684229],[-75.5616219,10.3684519],[-75.5617641,10.3684994],[-75.5619805,10.3685581],[-75.5621278,10.3686524],[-75.562329,10.3687642],[-75.5623998,10.3688015],[-75.5625366,10.3688662],[-75.5627564,10.3689788],[-75.5628833,10.3690909],[-75.5633506,10.3694506],[-75.563423,10.3695192],[-75.5635317,10.3696128],[-75.563986,10.3699386],[-75.5642725,10.370085],[-75.5645368,10.3701719],[-75.5646748,10.3702465],[-75.5648244,10.370342],[-75.5649852,10.3704608],[-75.565088,10.3705541],[-75.5652453,10.3706968],[-75.5655104,10.3708864],[-75.5657157,10.3709982],[-75.5661456,10.3713182],[-75.5661582,10.371328],[-75.5660849,10.3714187],[-75.5661111,10.3714371],[-75.5665115,10.3716704],[-75.5669534,10.3718675],[-75.5669947,10.3719959],[-75.5669579,10.37245],[-75.5671136,10.3726197],[-75.5672628,10.3727342],[-75.5673357,10.3727703],[-75.5673592,10.3727703],[-75.5673726,10.3727644],[-75.5674088,10.3727248],[-75.5674544,10.3726865],[-75.5675402,10.3726753],[-75.567665,10.3726918],[-75.5679104,10.372734],[-75.568247,10.3728264],[-75.5684737,10.3729344],[-75.5687191,10.3730243],[-75.5689403,10.3730783],[-75.5691797,10.3730777],[-75.5692099,10.3730823],[-75.5694189,10.3731736],[-75.5695872,10.3732218],[-75.5697222,10.3733079],[-75.5699609,10.3734649],[-75.5702265,10.3736179],[-75.5704303,10.3737999],[-75.5704558,10.3739015],[-75.5704665,10.3740308],[-75.5704974,10.3741614]]],[[[-75.5248832,10.3921155],[-75.5248828,10.3921292],[-75.5248805,10.3922176],[-75.5248786,10.3922909],[-75.5248242,10.3924681],[-75.5248242,10.3926107],[-75.5247949,10.3927763],[-75.524809,10.3928649],[-75.5248505,10.3929467],[-75.5248255,10.3930482],[-75.5248383,10.3932386],[-75.5248534,10.393316],[-75.5248899,10.3933518],[-75.5248849,10.3933697],[-75.5250078,10.393467],[-75.5251144,10.3934957],[-75.5250229,10.3936828],[-75.5249996,10.393792],[-75.5249901,10.3938527],[-75.5249961,10.3939301],[-75.5250509,10.3940242],[-75.5250725,10.3940501],[-75.5250954,10.3941105],[-75.5251313,10.3941494],[-75.5251718,10.3941659],[-75.5252065,10.3941356],[-75.5252344,10.3941604],[-75.5252288,10.3942391],[-75.5253389,10.3943382],[-75.5254227,10.3943928],[-75.526266,10.3944399],[-75.5263711,10.3946101],[-75.5266265,10.3946649],[-75.5268576,10.3947771],[-75.5274298,10.3953188],[-75.5275576,10.3954141],[-75.5277849,10.395668],[-75.5280838,10.3958922],[-75.5283018,10.3960302],[-75.5284139,10.3960468],[-75.5284919,10.3960469],[-75.5285565,10.3960587],[-75.5285828,10.3960767],[-75.5286021,10.3961033],[-75.5286859,10.3961141],[-75.5287619,10.3960769],[-75.5288318,10.39602],[-75.528933,10.3958967],[-75.5290241,10.3958299],[-75.5292562,10.3956717],[-75.5296101,10.395501],[-75.5300817,10.3952719],[-75.5305312,10.3949163],[-75.5309051,10.3946508],[-75.5310156,10.394558],[-75.531251,10.3942566],[-75.5313633,10.3940163],[-75.5314398,10.3937328],[-75.5317294,10.3931465],[-75.5318158,10.3930727],[-75.5321734,10.3928578],[-75.5324371,10.3927644],[-75.5326217,10.3927418],[-75.5327256,10.3927181],[-75.5330445,10.3925688],[-75.5336097,10.3923836],[-75.5346321,10.3923861],[-75.534821,10.3924777],[-75.5351383,10.3927007],[-75.5354762,10.3930232],[-75.5355776,10.3931236],[-75.5356495,10.3931886],[-75.535924,10.3935849],[-75.5360225,10.3938361],[-75.5360508,10.3939119],[-75.5361436,10.3940793],[-75.5362539,10.3941769],[-75.5365576,10.394506],[-75.5366879,10.3945435],[-75.5368608,10.3945757],[-75.5370874,10.3945336],[-75.5372206,10.3943883],[-75.5373409,10.3941251],[-75.5373852,10.3940015],[-75.5373991,10.3939247],[-75.5374017,10.3938946],[-75.5373872,10.393885],[-75.5373596,10.3938867],[-75.5373216,10.3939121],[-75.5372587,10.3939837],[-75.5372042,10.3939907],[-75.537162,10.393974],[-75.537121,10.3939408],[-75.5370918,10.3938925],[-75.537081,10.3938202],[-75.5370717,10.3936742],[-75.5370855,10.3936365],[-75.5371232,10.3936141],[-75.5372259,10.3935924],[-75.537238,10.3935574],[-75.5372232,10.393461],[-75.5371807,10.3934172],[-75.5371773,10.393377],[-75.5370904,10.3931909],[-75.5370581,10.3931244],[-75.536886,10.3929261],[-75.5362136,10.3924604],[-75.5356142,10.3921235],[-75.5354339,10.392082],[-75.5352566,10.3920319],[-75.5351865,10.3919975],[-75.5350132,10.3919434],[-75.5349259,10.391928],[-75.53469,10.3917445],[-75.5343904,10.3914275],[-75.5340297,10.3906826],[-75.5338498,10.390472],[-75.5335292,10.39035],[-75.5332018,10.3902498],[-75.5330945,10.3902324],[-75.5329703,10.3901841],[-75.53284,10.3900967],[-75.5327419,10.3899931],[-75.5325315,10.3897566],[-75.5323464,10.3894805],[-75.5322852,10.389408],[-75.5321496,10.3889684],[-75.5321289,10.3889012],[-75.5318803,10.3886376],[-75.5315712,10.3880992],[-75.5314189,10.3879048],[-75.531285,10.3877035],[-75.5311219,10.3873612],[-75.531003,10.3872641],[-75.5308494,10.3870991],[-75.5306677,10.3865817],[-75.5304493,10.3860115],[-75.5303887,10.3857391],[-75.5303911,10.3856644],[-75.5304317,10.3856398],[-75.5305365,10.3854725],[-75.5304738,10.3854715],[-75.5303233,10.3856643],[-75.530175,10.3856314],[-75.5300838,10.3854644],[-75.5300507,10.3853726],[-75.5300438,10.3850704],[-75.5300693,10.3850368],[-75.5301028,10.3850162],[-75.5301648,10.384997],[-75.5302433,10.3849955],[-75.5303501,10.3849975],[-75.5303402,10.3849729],[-75.5302927,10.384958],[-75.5302199,10.38493],[-75.5301222,10.3849256],[-75.5300189,10.3849224],[-75.529662,10.3848241],[-75.5293145,10.3847444],[-75.5291906,10.3847066],[-75.5287858,10.3843794],[-75.5286072,10.3843349],[-75.5285283,10.3842672],[-75.5284332,10.3841655],[-75.5283547,10.3840926],[-75.5282447,10.3840674],[-75.528135,10.3840998],[-75.5280201,10.384068],[-75.5279306,10.3840804],[-75.5278798,10.3841209],[-75.5278021,10.3840961],[-75.5277268,10.3840566],[-75.527646,10.3839832],[-75.5275912,10.3839009],[-75.5275218,10.3838064],[-75.5274493,10.3837124],[-75.5272503,10.3836392],[-75.5271353,10.3836204],[-75.5267859,10.3835158],[-75.5265571,10.3833626],[-75.5263218,10.383205],[-75.5262532,10.383091],[-75.5261767,10.3830675],[-75.5260604,10.3828542],[-75.5259845,10.3826719],[-75.5256403,10.3821518],[-75.5251622,10.3817708],[-75.5250818,10.3816489],[-75.5249815,10.3816485],[-75.5249198,10.3815844],[-75.5248483,10.3815919],[-75.5247523,10.3814996],[-75.5246718,10.3814947],[-75.5246685,10.3814413],[-75.5246278,10.3814148],[-75.5245741,10.3813702],[-75.5245011,10.3813836],[-75.5244215,10.3814121],[-75.5243305,10.381368],[-75.5242417,10.3813887],[-75.5241907,10.381337],[-75.5241271,10.3813699],[-75.5240536,10.381446],[-75.5240072,10.3814962],[-75.5239016,10.381651],[-75.5238604,10.3817474],[-75.5238205,10.3819428],[-75.5237551,10.3821313],[-75.5236682,10.3823066],[-75.5235812,10.3825097],[-75.5234873,10.3826398],[-75.5234116,10.3827408],[-75.5232884,10.3828775],[-75.5232344,10.3829839],[-75.5232437,10.3830247],[-75.5232762,10.383025],[-75.5233347,10.3830073],[-75.5233869,10.3829815],[-75.5233738,10.3830262],[-75.5234202,10.3830026],[-75.5234834,10.382964],[-75.5235191,10.3829392],[-75.5235551,10.3829388],[-75.5236708,10.3829949],[-75.5237383,10.3828939],[-75.5237843,10.3827932],[-75.5238284,10.3827641],[-75.5238967,10.3827848],[-75.5239481,10.3828101],[-75.523997,10.3827693],[-75.5240388,10.3827253],[-75.5240855,10.3827387],[-75.5241317,10.3827485],[-75.5243296,10.3826604],[-75.5244686,10.382785],[-75.5247161,10.382912],[-75.5247562,10.3829104],[-75.5248093,10.3828398],[-75.5248718,10.3828455],[-75.5249914,10.3828383],[-75.5250494,10.3829235],[-75.5251024,10.3829538],[-75.5251315,10.3829332],[-75.525192,10.3828519],[-75.5252223,10.3828751],[-75.5252936,10.3829019],[-75.5253268,10.3829501],[-75.5253706,10.3830269],[-75.5252903,10.3832165],[-75.525258,10.3833461],[-75.5252914,10.3834759],[-75.5253803,10.383491],[-75.5254006,10.3835752],[-75.5254588,10.3836165],[-75.5255193,10.3835769],[-75.5255833,10.38359],[-75.525609,10.3836213],[-75.5256298,10.3836356],[-75.5256171,10.3836998],[-75.525655,10.3837159],[-75.5256915,10.3837482],[-75.5256859,10.3837731],[-75.5256942,10.3838318],[-75.525744,10.3838466],[-75.5257911,10.3838084],[-75.5258401,10.3838828],[-75.5259484,10.383921],[-75.5259198,10.3838426],[-75.5260425,10.3838446],[-75.5260731,10.3839672],[-75.5261774,10.3839813],[-75.5262448,10.3840235],[-75.5262918,10.3840919],[-75.5264901,10.3841502],[-75.5266168,10.3840617],[-75.5266904,10.3838767],[-75.5267885,10.3838084],[-75.5268499,10.3838948],[-75.5268353,10.383979],[-75.5268668,10.3843118],[-75.5269182,10.3843875],[-75.52695,10.3844699],[-75.5270093,10.3845905],[-75.5270326,10.3846562],[-75.5271115,10.3848659],[-75.5271135,10.3851635],[-75.527183,10.3853384],[-75.5273323,10.3854892],[-75.5273737,10.3855461],[-75.5273316,10.386073],[-75.5273098,10.3861105],[-75.5273098,10.386207],[-75.527275,10.3862593],[-75.5272485,10.386591],[-75.5272299,10.3868754],[-75.5272302,10.3869534],[-75.5272176,10.3871074],[-75.5272059,10.3879084],[-75.5272321,10.387932],[-75.527258,10.3880312],[-75.527275,10.3881038],[-75.5272423,10.3881411],[-75.5272464,10.3881753],[-75.5271771,10.3882534],[-75.5271702,10.3885796],[-75.5271805,10.3887107],[-75.5271559,10.3889733],[-75.5271435,10.3890973],[-75.5271438,10.3891667],[-75.52713,10.3893839],[-75.5271087,10.3894025],[-75.5271158,10.3894817],[-75.5270685,10.3895655],[-75.5270439,10.3896028],[-75.5269619,10.3897611],[-75.5269318,10.3897936],[-75.5269122,10.3898706],[-75.5268964,10.3899939],[-75.5267039,10.3902572],[-75.5266599,10.3904141],[-75.5263663,10.3909506],[-75.5263318,10.3910236],[-75.5262158,10.3910742],[-75.5261425,10.391092],[-75.526137,10.3911843],[-75.5261362,10.3912424],[-75.5260483,10.3913861],[-75.5260015,10.3913849],[-75.5257486,10.3913787],[-75.5255169,10.3913415],[-75.5253331,10.3912598],[-75.5251039,10.3913663],[-75.5249982,10.3915075],[-75.5250145,10.3916623],[-75.5249495,10.3918547],[-75.5248879,10.3919665],[-75.5248832,10.3921155]]],[[[-75.5411131,10.2830237],[-75.5411933,10.2830548],[-75.5413823,10.2829288],[-75.5415803,10.2828489],[-75.5419906,10.282775],[-75.5422761,10.282654],[-75.5423929,10.282699],[-75.5425706,10.2825441],[-75.5429402,10.2823952],[-75.5437527,10.2822653],[-75.5442707,10.2821154],[-75.5443638,10.282001],[-75.5443282,10.281886],[-75.5444454,10.2818194],[-75.5445004,10.2816047],[-75.5443988,10.2815247],[-75.5442676,10.2815204],[-75.5441195,10.2815947],[-75.5438605,10.2815797],[-75.5438808,10.2818545],[-75.5437691,10.2820993],[-75.5436523,10.2819694],[-75.5435761,10.2819944],[-75.5433171,10.2819994],[-75.5432765,10.2818545],[-75.5431233,10.2817895],[-75.5429515,10.2818095],[-75.542819,10.2819284],[-75.5426925,10.2820894],[-75.5424603,10.2823409],[-75.5421593,10.2825041],[-75.5418292,10.282659],[-75.5414534,10.2827239],[-75.5411588,10.2828439],[-75.5411081,10.2829663],[-75.5411131,10.2830237]]],[[[-76.1785307,9.3778218],[-76.1784978,9.3778701],[-76.1784723,9.3779799],[-76.1785005,9.3784457],[-76.1785112,9.3787209],[-76.1784764,9.37893],[-76.178416,9.3790358],[-76.1783738,9.3790769],[-76.1783416,9.3790881],[-76.1782839,9.3790808],[-76.1782236,9.3790603],[-76.1781371,9.3790676],[-76.1780499,9.3791364],[-76.1780083,9.3792026],[-76.1779681,9.3793269],[-76.1779131,9.379495],[-76.1777803,9.3798112],[-76.1776865,9.3799779],[-76.1775912,9.380138],[-76.1774844,9.3802669],[-76.1774088,9.3803153],[-76.1773016,9.3803378],[-76.1772184,9.3803061],[-76.1771232,9.3802611],[-76.1770535,9.3802227],[-76.176973,9.3802174],[-76.1768362,9.3802651],[-76.1767061,9.3803458],[-76.1766592,9.3803934],[-76.1764352,9.3805469],[-76.1763407,9.3806448],[-76.1763078,9.3807017],[-76.176287,9.3807507],[-76.1762508,9.3808076],[-76.1762025,9.3808453],[-76.1761563,9.3808744],[-76.1761375,9.3808942],[-76.1761368,9.3809167],[-76.1761576,9.3809438],[-76.1761992,9.3809571],[-76.1762877,9.3809915],[-76.1763317,9.3810289],[-76.1763775,9.3810987],[-76.1764406,9.3812839],[-76.1765532,9.3817669],[-76.1765747,9.3819614],[-76.1765653,9.3821493],[-76.1765505,9.3822406],[-76.176513,9.3823517],[-76.1764855,9.3823973],[-76.1764473,9.3824251],[-76.1764151,9.3824324],[-76.1763956,9.3824298],[-76.1763635,9.3824099],[-76.1763272,9.3823782],[-76.176287,9.3823669],[-76.1762065,9.3823722],[-76.1761542,9.3824059],[-76.1760691,9.3824668],[-76.1760476,9.3825078],[-76.1760516,9.3825647],[-76.1760463,9.3826759],[-76.1760423,9.3827592],[-76.1759993,9.382873],[-76.1759189,9.3829974],[-76.1759068,9.3831112],[-76.1759645,9.3832713],[-76.1760557,9.3833732],[-76.1761442,9.3834433],[-76.1762515,9.3835836],[-76.1763158,9.3837423],[-76.1764003,9.3840453],[-76.1764392,9.3842888],[-76.176476,9.3844707],[-76.1765519,9.3849636],[-76.1765867,9.3853156],[-76.1765867,9.3856331],[-76.1765733,9.385739],[-76.1765492,9.3857826],[-76.1765147,9.3858167],[-76.1764842,9.3858283],[-76.1764435,9.3858269],[-76.1764144,9.3858356],[-76.176403,9.3858412],[-76.1763973,9.3858564],[-76.1764013,9.38587],[-76.1764332,9.3858935],[-76.1764607,9.385913],[-76.1764828,9.3859298],[-76.1764902,9.3859619],[-76.1764842,9.3860744],[-76.1764714,9.3862748],[-76.1764526,9.3864482],[-76.1763802,9.3867287],[-76.1762549,9.3869661],[-76.1762005,9.3870886],[-76.1761093,9.3872249],[-76.1760446,9.3873097],[-76.1759846,9.387381],[-76.1759149,9.3874604],[-76.1757888,9.3875596],[-76.1755501,9.3876853],[-76.1753945,9.387729],[-76.1751759,9.3877528],[-76.17507,9.3877502],[-76.1749452,9.3877515],[-76.1747173,9.3877237],[-76.1744759,9.3877158],[-76.1742318,9.3877263],[-76.1740494,9.3877237],[-76.1739287,9.3876946],[-76.1738563,9.387639],[-76.1738261,9.387592],[-76.1737986,9.3875504],[-76.1737704,9.387512],[-76.1737517,9.3875021],[-76.1737141,9.3874842],[-76.1736571,9.387469],[-76.1736055,9.3874624],[-76.1735518,9.3874611],[-76.1734821,9.387467],[-76.1734056,9.3874644],[-76.1733373,9.3874749],[-76.1732836,9.3874869],[-76.1732085,9.3875292],[-76.1731012,9.3875848],[-76.1730449,9.3876311],[-76.1729885,9.387688],[-76.172943,9.3877581],[-76.1729229,9.3878031],[-76.1729229,9.3878415],[-76.1729604,9.3879142],[-76.1730248,9.3879354],[-76.1730811,9.3879235],[-76.1731401,9.387897],[-76.1732112,9.3878997],[-76.1732849,9.3879169],[-76.1733976,9.3880042],[-76.1734566,9.3881021],[-76.1735465,9.3882748],[-76.1735847,9.3883727],[-76.1735927,9.3884448],[-76.1735766,9.3885017],[-76.1735559,9.3885427],[-76.1735391,9.3885857],[-76.1735424,9.3886439],[-76.1735666,9.3887366],[-76.173574,9.3887855],[-76.1735907,9.3888318],[-76.1736122,9.3888576],[-76.1736377,9.3888656],[-76.1736923,9.3888785],[-76.1737367,9.3888915],[-76.1737637,9.3889125],[-76.1737731,9.3889675],[-76.1737644,9.3890204],[-76.173745,9.3890799],[-76.1737329,9.3891567],[-76.1737362,9.3892129],[-76.1737409,9.3892486],[-76.173761,9.3892671],[-76.1737905,9.3892784],[-76.1738831,9.3892678],[-76.1739448,9.3892658],[-76.1739931,9.3892784],[-76.174048,9.3893247],[-76.1741164,9.3894186],[-76.1741687,9.389592],[-76.1741848,9.3897296],[-76.1741687,9.3898659],[-76.1741097,9.3899691],[-76.174048,9.3900313],[-76.1739931,9.3900723],[-76.173875,9.3901106],[-76.1737476,9.3901477],[-76.1736478,9.3902249],[-76.1736377,9.3903819],[-76.173643,9.3904586],[-76.1736725,9.3904983],[-76.1737054,9.3905135],[-76.1737637,9.3905314],[-76.1738053,9.3905552],[-76.1738469,9.3906081],[-76.1738817,9.3906994],[-76.1739005,9.3908317],[-76.1738992,9.3909905],[-76.1739126,9.3911347],[-76.1739287,9.3912485],[-76.1738992,9.3913345],[-76.1738388,9.391406],[-76.1737664,9.3914483],[-76.1737302,9.3915158],[-76.1737342,9.3915648],[-76.1737838,9.3915806],[-76.1738522,9.391582],[-76.1739072,9.3915568],[-76.1740212,9.3914245],[-76.174103,9.3913332],[-76.1742009,9.3913081],[-76.1742827,9.391316],[-76.1743766,9.3913517],[-76.1744463,9.3913967],[-76.1744852,9.3914841],[-76.1744906,9.3915409],[-76.1744598,9.3916256],[-76.1744088,9.3916666],[-76.1743592,9.3916974],[-76.1743263,9.3917242],[-76.1742914,9.391754],[-76.1742351,9.3918069],[-76.1741775,9.3918658],[-76.1741506,9.3918869],[-76.1740749,9.3919141],[-76.1739837,9.3919061],[-76.1739428,9.3919118],[-76.1739126,9.3919352],[-76.1739059,9.3919647],[-76.1739126,9.3920146],[-76.1739458,9.3921071],[-76.1739528,9.3921562],[-76.1739359,9.3922208],[-76.1738817,9.3922713],[-76.1738348,9.3922965],[-76.1737664,9.3923229],[-76.1737181,9.3923745],[-76.1736833,9.3924394],[-76.1736363,9.3925134],[-76.1735921,9.3925809],[-76.173582,9.392618],[-76.1735921,9.392655],[-76.1736189,9.3926802],[-76.1736625,9.3926894],[-76.1737221,9.3926907],[-76.1738174,9.3926722],[-76.173875,9.3926528],[-76.1739595,9.3926458],[-76.1740534,9.3926577],[-76.1741138,9.3926921],[-76.1741486,9.392741],[-76.1741513,9.392831],[-76.1741754,9.3930639],[-76.1741982,9.3931935],[-76.1742117,9.3933007],[-76.1742371,9.3933748],[-76.1742827,9.3934079],[-76.1743632,9.3934264],[-76.1744215,9.3934405],[-76.1745134,9.3934767],[-76.174559,9.3935151],[-76.174614,9.3936143],[-76.1746408,9.3937347],[-76.1746421,9.3938538],[-76.1746006,9.3939596],[-76.1745241,9.3940403],[-76.1744383,9.39408],[-76.1743981,9.3940906],[-76.1743813,9.3941078],[-76.1743773,9.3941243],[-76.1743779,9.3941508],[-76.1744001,9.3941958],[-76.1744356,9.3942401],[-76.1744893,9.3943129],[-76.1745201,9.394432],[-76.1745188,9.3945087],[-76.1744906,9.3945788],[-76.174437,9.3946371],[-76.1743887,9.3946609],[-76.1743297,9.3946662],[-76.1741191,9.3946357],[-76.1740903,9.39465],[-76.1740702,9.3946827],[-76.1740641,9.3947111],[-76.1740762,9.3947389],[-76.1741366,9.3947892],[-76.1741942,9.3948329],[-76.1742334,9.3948706],[-76.1742613,9.3949559],[-76.1742854,9.3950591],[-76.1743075,9.3951015],[-76.1743498,9.3951372],[-76.1744772,9.3951928],[-76.1746247,9.3952946],[-76.1746435,9.3953529],[-76.1746569,9.3954442],[-76.1746515,9.3956016],[-76.1746368,9.3957127],[-76.1746073,9.3957511],[-76.1745375,9.3957829],[-76.1744356,9.3958067],[-76.1743203,9.3958596],[-76.174213,9.3959999],[-76.1740883,9.3962102],[-76.1740454,9.3964272],[-76.1739622,9.3966257],[-76.1738938,9.3967038],[-76.1737718,9.3967673],[-76.1736323,9.3967924],[-76.173466,9.3968056],[-76.1733721,9.3967805],[-76.17323,9.3967448],[-76.1731629,9.3967196],[-76.17301,9.3967038],[-76.1728625,9.3966998],[-76.1727043,9.3967038],[-76.172605,9.3967355],[-76.1725768,9.3967765],[-76.1725768,9.396848],[-76.172601,9.3968877],[-76.1726949,9.3969829],[-76.1727726,9.3970835],[-76.1728451,9.3972105],[-76.1728907,9.3974063],[-76.1729229,9.3975439],[-76.1729577,9.397745],[-76.1730167,9.3978959],[-76.1731374,9.398015],[-76.1733359,9.3981076],[-76.1736819,9.3982663],[-76.1738429,9.3983934],[-76.173985,9.3984992],[-76.1741647,9.3986051],[-76.1744812,9.3986553],[-76.1747199,9.3986633],[-76.1749077,9.3986977],[-76.1751571,9.3987718],[-76.1754495,9.3988379],[-76.1757728,9.398856],[-76.1765331,9.3988168],[-76.1769676,9.3987003],[-76.1773539,9.3986156],[-76.1778823,9.3985257],[-76.1781729,9.3984694],[-76.1785179,9.3983299],[-76.1787783,9.3982622],[-76.1789873,9.3982319],[-76.1792073,9.3982161],[-76.1794326,9.3981631],[-76.1800334,9.3979091],[-76.1803445,9.39779],[-76.1807334,9.3977159],[-76.1810821,9.3976207],[-76.1812726,9.3975386],[-76.1815327,9.3974037],[-76.1821148,9.3972105],[-76.1823615,9.3970941],[-76.1826083,9.3969512],[-76.1830562,9.3967395],[-76.1836195,9.3965384],[-76.1839575,9.3963717],[-76.1840996,9.3962605],[-76.1842176,9.3961388],[-76.1844537,9.3959536],[-76.1845744,9.3958715],[-76.1847621,9.3957577],[-76.1849177,9.3957127],[-76.1852181,9.3956043],[-76.1854032,9.3955143],[-76.1855239,9.3954111],[-76.1856177,9.3951121],[-76.1857384,9.3948368],[-76.185894,9.3946146],[-76.1861381,9.3944293],[-76.1864197,9.3942944],[-76.1867711,9.3941462],[-76.1869508,9.3939609],[-76.1871359,9.3936434],[-76.1872673,9.3934582],[-76.1873987,9.3933894],[-76.1875328,9.3933655],[-76.188013,9.3933497],[-76.1883348,9.393302],[-76.188603,9.3931618],[-76.1887586,9.3930559],[-76.1889249,9.3928389],[-76.1890322,9.3926484],[-76.1891395,9.3924288],[-76.1891717,9.3922435],[-76.189118,9.3920186],[-76.1890644,9.3918228],[-76.1890483,9.3916455],[-76.1890885,9.3914682],[-76.1890858,9.3913729],[-76.1890456,9.3912274],[-76.1889786,9.3910871],[-76.188941,9.3910104],[-76.1888847,9.3908807],[-76.1888391,9.3907246],[-76.1887881,9.3905658],[-76.1887559,9.3903779],[-76.1887372,9.3902165],[-76.1887318,9.3900683],[-76.1888257,9.3897904],[-76.1890376,9.3894358],[-76.1892307,9.3892718],[-76.1894238,9.389162],[-76.1894842,9.3891143],[-76.1895284,9.3890482],[-76.1895391,9.3889899],[-76.1895217,9.3889185],[-76.1895029,9.3888576],[-76.1894466,9.3886473],[-76.1894131,9.3884991],[-76.1894332,9.3883218],[-76.1894734,9.3881537],[-76.1895016,9.3880108],[-76.189629,9.3877846],[-76.189696,9.3876747],[-76.1897081,9.3875954],[-76.1897108,9.3875239],[-76.1897014,9.3874591],[-76.1896786,9.3873665],[-76.1896639,9.3873175],[-76.1896397,9.3872315],[-76.1896142,9.3871508],[-76.1895767,9.3870529],[-76.1895244,9.3869536],[-76.1894949,9.3868637],[-76.1894748,9.3867432],[-76.1894667,9.3865474],[-76.1894788,9.3863185],[-76.1895217,9.3860671],[-76.1895794,9.3859004],[-76.1896437,9.3857522],[-76.1897403,9.3855756],[-76.1898986,9.3852997],[-76.1900166,9.3851727],[-76.1901265,9.3850748],[-76.1902633,9.3850443],[-76.1903626,9.3850192],[-76.190435,9.384957],[-76.1904632,9.3849133],[-76.1904618,9.3848459],[-76.1904135,9.3847598],[-76.1903331,9.3847479],[-76.1902566,9.3847598],[-76.1901078,9.3848789],[-76.1900407,9.3849041],[-76.1899783,9.3848988],[-76.1899535,9.384875],[-76.1899187,9.3848009],[-76.189924,9.3846844],[-76.1899737,9.3846037],[-76.1900662,9.3845534],[-76.1901627,9.3845508],[-76.1903062,9.3844873],[-76.1903787,9.3843999],[-76.1904109,9.3842782],[-76.1904068,9.3841724],[-76.1903425,9.3840837],[-76.1902151,9.3840268],[-76.1900823,9.3839765],[-76.1899187,9.3838945],[-76.1898369,9.3838059],[-76.1898389,9.3836438],[-76.1898617,9.383574],[-76.189862,9.3835558],[-76.1898543,9.3835366],[-76.1898241,9.3835306],[-76.1897993,9.3835326],[-76.1897718,9.3835538],[-76.1897128,9.3835611],[-76.1896578,9.3835406],[-76.1895914,9.3835121],[-76.1895197,9.3834658],[-76.1894479,9.3834426],[-76.1893681,9.3834519],[-76.1892971,9.3834949],[-76.1892139,9.3835531],[-76.1891288,9.3836127],[-76.1890188,9.3836431],[-76.1889155,9.3836471],[-76.1887948,9.383655],[-76.1887237,9.3836762],[-76.1886124,9.3837212],[-76.1885105,9.3837648],[-76.1883992,9.3837609],[-76.1881484,9.3836788],[-76.1879767,9.383565],[-76.1877514,9.3833692],[-76.1875677,9.3832051],[-76.1873169,9.3829326],[-76.1870232,9.3825184],[-76.1868905,9.3823041],[-76.1867724,9.3820765],[-76.186692,9.381841],[-76.1866383,9.381661],[-76.1866115,9.3815657],[-76.1865726,9.3814824],[-76.1865109,9.381395],[-76.186401,9.3812693],[-76.1862843,9.3811053],[-76.1860281,9.3807401],[-76.1858659,9.3804649],[-76.185827,9.3802399],[-76.185768,9.3800864],[-76.1856499,9.3799779],[-76.1854193,9.3798509],[-76.185253,9.3797768],[-76.1849794,9.379708],[-76.1847782,9.3797054],[-76.1845797,9.3797768],[-76.184392,9.3798668],[-76.1842096,9.37997],[-76.1839977,9.3799806],[-76.1837214,9.3799038],[-76.1835122,9.3798059],[-76.1832976,9.3797001],[-76.1831769,9.3796392],[-76.1828068,9.3793852],[-76.182678,9.3792555],[-76.1825573,9.3790729],[-76.1824675,9.3789684],[-76.1823843,9.378881],[-76.182273,9.3788241],[-76.1821818,9.3787924],[-76.1820625,9.3787738],[-76.1818962,9.37875],[-76.1818023,9.378713],[-76.1815327,9.3785568],[-76.1813825,9.3784166],[-76.1813128,9.3782949],[-76.1812377,9.3782022],[-76.1811505,9.37814],[-76.1810593,9.3781083],[-76.1809923,9.3781003],[-76.1809118,9.3781043],[-76.1808313,9.3781334],[-76.1807616,9.3781652],[-76.1806154,9.378226],[-76.1804666,9.3782168],[-76.1803097,9.3781758],[-76.1801246,9.3781056],[-76.1799181,9.3780117],[-76.179741,9.377972],[-76.179572,9.3779746],[-76.1793119,9.378017],[-76.1792193,9.3780256],[-76.1791429,9.378009],[-76.1790618,9.3779535],[-76.1790061,9.3779085],[-76.1788069,9.3777907],[-76.1787144,9.3777596],[-76.1786406,9.377755],[-76.1785769,9.3777735],[-76.1785307,9.3778218]]],[[[-75.5264794,10.2949164],[-75.5266113,10.2952444],[-75.5267441,10.295214],[-75.5271015,10.2964506],[-75.5275991,10.2975397],[-75.5278762,10.2985415],[-75.5281058,10.2991872],[-75.5281966,10.2993634],[-75.5282592,10.2995947],[-75.5283016,10.2996301],[-75.5290096,10.2998932],[-75.5291312,10.299891],[-75.5293844,10.3001313],[-75.5293897,10.3001876],[-75.5295343,10.3002172],[-75.529658,10.3003437],[-75.5297629,10.3003428],[-75.5298834,10.3004116],[-75.5300905,10.3004482],[-75.5301442,10.3004047],[-75.5301485,10.3002328],[-75.5302279,10.3002378],[-75.5302811,10.3001203],[-75.5301501,10.3000254],[-75.5300632,10.3000966],[-75.5299842,10.3000757],[-75.5298723,10.300109],[-75.5295947,10.2998668],[-75.5295025,10.2997976],[-75.5294097,10.2996405],[-75.5293922,10.2995875],[-75.5294046,10.2995694],[-75.5294487,10.2995516],[-75.5294919,10.2994988],[-75.5294932,10.2994346],[-75.5294675,10.2993704],[-75.5293721,10.2992967],[-75.5294321,10.2992268],[-75.5293715,10.2991443],[-75.5293992,10.2990673],[-75.529379,10.2989366],[-75.5293027,10.2987981],[-75.5293561,10.2986032],[-75.5294126,10.29855],[-75.5294073,10.2982819],[-75.5294049,10.297974],[-75.5293526,10.2978501],[-75.5294347,10.2977916],[-75.5292434,10.2975767],[-75.5293177,10.2974784],[-75.5292094,10.2974269],[-75.5293392,10.297242],[-75.5290374,10.2971557],[-75.5291843,10.2970285],[-75.5286151,10.295517],[-75.5284249,10.2955111],[-75.5283933,10.2952504],[-75.5282627,10.2949913],[-75.5279226,10.2945173],[-75.5277647,10.2944331],[-75.5279347,10.2942878],[-75.5278244,10.2940756],[-75.5278318,10.2931822],[-75.5280754,10.2926976],[-75.5281424,10.2918411],[-75.528127,10.291529],[-75.5282003,10.291351],[-75.5282376,10.2913054],[-75.5282891,10.2912426],[-75.5284717,10.290986],[-75.5287785,10.2906898],[-75.529456,10.2903083],[-75.5298788,10.2900702],[-75.530639,10.2898856],[-75.5308436,10.2895106],[-75.5312184,10.2891366],[-75.5317476,10.2890009],[-75.5318043,10.2889679],[-75.5331881,10.2881637],[-75.5335961,10.2879616],[-75.534043,10.2878617],[-75.5346676,10.2875681],[-75.5351094,10.2880465],[-75.5350828,10.2880678],[-75.5351297,10.288124],[-75.5351488,10.2881102],[-75.5352377,10.2882077],[-75.5351907,10.2882439],[-75.5352351,10.2882951],[-75.535277,10.2882551],[-75.5352986,10.2882739],[-75.535324,10.2882539],[-75.5353075,10.2882314],[-75.535357,10.2881914],[-75.5353126,10.2881415],[-75.535291,10.2881552],[-75.5348048,10.2875699],[-75.5348301,10.2873732],[-75.5352045,10.2869813],[-75.5352866,10.2869164],[-75.5354407,10.2867946],[-75.535729,10.2866325],[-75.5367954,10.2860828],[-75.537283,10.2856531],[-75.5376994,10.2851235],[-75.5381666,10.2846638],[-75.5387354,10.284284],[-75.5393854,10.2839642],[-75.5402182,10.2835045],[-75.5405266,10.2833635],[-75.5406383,10.2832536],[-75.5408491,10.2831537],[-75.5409963,10.2831687],[-75.5410243,10.2830687],[-75.5409735,10.2830412],[-75.5407468,10.2830688],[-75.5404479,10.2832436],[-75.5401432,10.2833685],[-75.5399096,10.2832836],[-75.5397318,10.2833785],[-75.5394982,10.2837133],[-75.5390249,10.2837673],[-75.5385435,10.2842679],[-75.5378732,10.2844228],[-75.5375888,10.2846027],[-75.5372826,10.2849942],[-75.5366493,10.2855171],[-75.5362938,10.285712],[-75.5361922,10.2855371],[-75.5358285,10.2854255],[-75.5353696,10.2856171],[-75.5350344,10.285697],[-75.5350902,10.2855871],[-75.5345374,10.2850554],[-75.534446,10.2850949],[-75.53417,10.2847999],[-75.5338924,10.2843822],[-75.5340641,10.2841711],[-75.5339783,10.2833793],[-75.5339139,10.2830099],[-75.5335813,10.282936],[-75.5330449,10.2822181],[-75.5326372,10.2824926],[-75.5325191,10.2820809],[-75.5326479,10.2818064],[-75.5323797,10.281458],[-75.5320471,10.2812891],[-75.531811,10.2808141],[-75.5317896,10.2803813],[-75.5316501,10.2800962],[-75.5318647,10.2800223],[-75.5321758,10.2797373],[-75.5324119,10.279674],[-75.5327123,10.2794628],[-75.5330019,10.2791567],[-75.5332809,10.27884],[-75.5332702,10.2785866],[-75.5339419,10.2768354],[-75.5371307,10.2759923],[-75.5385758,10.2762347],[-75.5408733,10.2756174],[-75.54197,10.27551],[-75.5448948,10.2762854],[-75.5454102,10.2765609],[-75.5458278,10.278237],[-75.5454758,10.2787711],[-75.5454038,10.2792208],[-75.5457026,10.2795692],[-75.5458679,10.2795789],[-75.5460015,10.2796896],[-75.5463074,10.2798453],[-75.5463144,10.2799905],[-75.5463355,10.2800667],[-75.5462933,10.2801307],[-75.546332,10.2802414],[-75.5464181,10.2801774],[-75.5464251,10.280103],[-75.5464656,10.2800684],[-75.5465798,10.2799456],[-75.5465482,10.2798833],[-75.5464832,10.2798729],[-75.5469264,10.2795643],[-75.5476399,10.2793111],[-75.5476038,10.2790026],[-75.5480234,10.2787648],[-75.5489718,10.2782355],[-75.5500643,10.2779938],[-75.550795,10.2776527],[-75.5514619,10.2770803],[-75.5521631,10.2767951],[-75.5524847,10.2764215],[-75.5534882,10.2762366],[-75.5545368,10.27579],[-75.5548593,10.2755574],[-75.5552406,10.2754281],[-75.5555194,10.2753152],[-75.5560584,10.2751363],[-75.5568823,10.2748434],[-75.5573255,10.2745876],[-75.5576343,10.2741797],[-75.5587051,10.2727423],[-75.5593022,10.2723553],[-75.5596226,10.2721773],[-75.5595394,10.2719183],[-75.5597995,10.271764],[-75.5600166,10.2716584],[-75.5602096,10.2715883],[-75.560373,10.2713865],[-75.5607027,10.271217],[-75.5611944,10.2710542],[-75.5610859,10.2708041],[-75.5613271,10.2705453],[-75.5619309,10.2700728],[-75.5620657,10.2696741],[-75.562321,10.2687683],[-75.5621642,10.2687342],[-75.5619451,10.2691163],[-75.5612696,10.2687603],[-75.5601117,10.2687603],[-75.5592748,10.2690889],[-75.5585799,10.2691757],[-75.5578073,10.2695159],[-75.5569757,10.269508],[-75.5560101,10.2686601],[-75.5568691,10.2677973],[-75.5570413,10.2656662],[-75.5580184,10.2649798],[-75.5575601,10.26427],[-75.5573562,10.2639988],[-75.5575742,10.263361],[-75.5584763,10.2622972],[-75.5586712,10.2618075],[-75.5592834,10.261606],[-75.5601305,10.2616662],[-75.5604615,10.2618883],[-75.5608354,10.2621732],[-75.561933,10.2616747],[-75.5628014,10.2618171],[-75.5635178,10.2617622],[-75.5652099,10.2611259],[-75.5649553,10.2619548],[-75.56498,10.2622001],[-75.5652982,10.2630277],[-75.5660172,10.2635527],[-75.5663717,10.2633719],[-75.5664703,10.263067],[-75.5672128,10.2632806],[-75.5675801,10.26374],[-75.56745,10.2647701],[-75.56797,10.26464],[-75.5678794,10.2651522],[-75.568784,10.2651285],[-75.5686272,10.266256],[-75.5684704,10.2667189],[-75.566625,10.2669206],[-75.5654068,10.2674429],[-75.5643045,10.2674391],[-75.5632593,10.2683241],[-75.5631482,10.2684457],[-75.5630578,10.2686475],[-75.5629884,10.2687009],[-75.562904,10.2686594],[-75.5628798,10.268603],[-75.562904,10.2684665],[-75.5628617,10.2683953],[-75.5627803,10.2683983],[-75.5627351,10.2684635],[-75.5628467,10.2687662],[-75.5629733,10.2688938],[-75.5630437,10.2693618],[-75.5633201,10.2693923],[-75.5635915,10.2694605],[-75.564153,10.2697345],[-75.5643875,10.2698818],[-75.5645383,10.2699797],[-75.5646596,10.2699433],[-75.5646693,10.2697831],[-75.5647613,10.2696822],[-75.5649693,10.2696129],[-75.56506,10.2698403],[-75.5651866,10.2698967],[-75.5653525,10.2698551],[-75.5653615,10.2699441],[-75.5656118,10.2698937],[-75.5657083,10.2697572],[-75.5659254,10.2695554],[-75.5663265,10.2695317],[-75.5664531,10.2695376],[-75.5665044,10.2696356],[-75.5664742,10.2697305],[-75.5663818,10.2698117],[-75.5658631,10.2698619],[-75.5657565,10.2699501],[-75.5655304,10.2701874],[-75.565246,10.2702535],[-75.5650854,10.270211],[-75.5650341,10.2702831],[-75.5649853,10.2704937],[-75.5648489,10.2705613],[-75.5644833,10.2707822],[-75.5641335,10.2709592],[-75.5642742,10.2712203],[-75.5646197,10.2714396],[-75.5650221,10.2712807],[-75.5651201,10.2709721],[-75.5659428,10.2705461],[-75.5663167,10.2704522],[-75.5664803,10.270381],[-75.566861,10.2704047],[-75.5673877,10.2704403],[-75.5676169,10.2702417],[-75.567804,10.2700984],[-75.5680332,10.2700984],[-75.5682333,10.269861],[-75.5681127,10.2696959],[-75.5682212,10.2694577],[-75.5684343,10.2693402],[-75.5688203,10.2692343],[-75.5692814,10.2693174],[-75.5696031,10.2693767],[-75.5698564,10.2694348],[-75.5701954,10.2694942],[-75.5704796,10.2695654],[-75.5708294,10.2696592],[-75.5711495,10.2697423],[-75.5715416,10.2698273],[-75.5719878,10.2700149],[-75.5723992,10.2702404],[-75.5727196,10.2703235],[-75.5731019,10.2704593],[-75.5734372,10.2707136],[-75.5739405,10.2709747],[-75.5744364,10.2712476],[-75.5747929,10.2714968],[-75.5751923,10.271663],[-75.57579,10.2722299],[-75.5760915,10.2725493],[-75.5769786,10.2734869],[-75.5781401,10.2745501],[-75.5781401,10.27481],[-75.5782672,10.2749762],[-75.5787099,10.2753463],[-75.5784959,10.2755931],[-75.5787009,10.2757223],[-75.5789301,10.27584],[-75.5790834,10.2760655],[-75.5792584,10.2762777],[-75.5797101,10.27661],[-75.5798428,10.2769769],[-75.5800954,10.277311],[-75.5805864,10.2778762],[-75.580955,10.2783722],[-75.5809376,10.2786333],[-75.58101,10.2786701],[-75.5812452,10.2794302],[-75.5815302,10.2798778],[-75.5815181,10.2802576],[-75.5811924,10.2808391],[-75.5816508,10.2813376],[-75.5816025,10.2814682],[-75.5811201,10.2814088],[-75.5807944,10.2812427],[-75.5806255,10.2812783],[-75.5810115,10.2819666],[-75.5812769,10.2818479],[-75.5815963,10.2816766],[-75.5819393,10.2820089],[-75.5822167,10.2823638],[-75.58232,10.28253],[-75.58232,10.2827899],[-75.5824527,10.2830152],[-75.5825801,10.2833],[-75.5826686,10.2834198],[-75.5827289,10.2836182],[-75.5829445,10.2842443],[-75.5825801,10.28485],[-75.5826537,10.2850043],[-75.5820646,10.2850945],[-75.5816267,10.285254],[-75.5811321,10.2856219],[-75.5808306,10.2862153],[-75.5806135,10.2868087],[-75.580903,10.2869155],[-75.5811924,10.2875564],[-75.581506,10.2877344],[-75.5814578,10.2879955],[-75.5812528,10.2881023],[-75.5810341,10.2880255],[-75.5809271,10.2877225],[-75.5803119,10.2874258],[-75.5800104,10.2875326],[-75.579745,10.2872597],[-75.5798054,10.2868918],[-75.5792505,10.2862865],[-75.5789369,10.2868443],[-75.578949,10.2874021],[-75.5784303,10.2876513],[-75.5790652,10.2886391],[-75.5791966,10.2894321],[-75.5793146,10.2903813],[-75.5792505,10.2920423],[-75.5790334,10.2924458],[-75.5783821,10.2924933],[-75.5782253,10.29279],[-75.5784786,10.2932054],[-75.5784248,10.2949147],[-75.5786716,10.295116],[-75.5785887,10.2959682],[-75.5796109,10.2955171],[-75.5804084,10.2953652],[-75.5808065,10.2949499],[-75.5811045,10.2947733],[-75.5816025,10.295033],[-75.5813734,10.2958755],[-75.5810477,10.2966351],[-75.5802275,10.2965876],[-75.5790817,10.2970979],[-75.5784039,10.2975147],[-75.5784166,10.2978032],[-75.5784273,10.2981357],[-75.5785453,10.298521],[-75.578599,10.2991438],[-75.5786687,10.299566],[-75.5788756,10.3002016],[-75.5793782,10.3001906],[-75.5803284,10.2997468],[-75.5812812,10.2988899],[-75.5818415,10.2984129],[-75.5823682,10.2980452],[-75.5827059,10.2978062],[-75.583248,10.2975808],[-75.5837787,10.2974717],[-75.5842021,10.297531],[-75.5847087,10.2976004],[-75.5849499,10.29773],[-75.585005,10.2979317],[-75.5851969,10.298166],[-75.5854284,10.2983708],[-75.585785,10.2983708],[-75.5859297,10.2983481],[-75.5860933,10.2981107],[-75.5864255,10.2981345],[-75.5867236,10.2980184],[-75.5869268,10.2977779],[-75.5870783,10.2975761],[-75.5871507,10.2974014],[-75.5872417,10.2971165],[-75.587302,10.2969395],[-75.5874294,10.2966666],[-75.5876103,10.2964995],[-75.5879252,10.2962759],[-75.5882991,10.2962516],[-75.588771,10.2962991],[-75.5889158,10.2959322],[-75.5890791,10.2957423],[-75.5892479,10.2955078],[-75.5893444,10.2953648],[-75.589534,10.2951079],[-75.5897707,10.2946173],[-75.5905764,10.2941548],[-75.5912398,10.2934902],[-75.5909595,10.2932333],[-75.5911834,10.2927739],[-75.5915775,10.2925289],[-75.5917295,10.2921568],[-75.5916258,10.2916507],[-75.5916499,10.2908793],[-75.5919756,10.29082],[-75.5923433,10.290172],[-75.5918067,10.2897638],[-75.5922159,10.2895761],[-75.5923857,10.2889924],[-75.5926148,10.2884583],[-75.5929887,10.2879955],[-75.5930008,10.2874852],[-75.5927596,10.2871766],[-75.5928802,10.2865476],[-75.5933385,10.2864052],[-75.5933385,10.2857643],[-75.5937004,10.2856575],[-75.5940622,10.2845182],[-75.5941105,10.2839485],[-75.5939054,10.2831178],[-75.5941708,10.2826312],[-75.5945661,10.2824511],[-75.5950272,10.2818361],[-75.5953117,10.2812923],[-75.5953528,10.2809104],[-75.5955941,10.2807003],[-75.5955954,10.2802612],[-75.5958353,10.2798304],[-75.5958353,10.2791183],[-75.5956061,10.2785724],[-75.595706,10.2780515],[-75.5956061,10.2774924],[-75.595003,10.2771957],[-75.594597,10.2766867],[-75.5946994,10.2763055],[-75.5946968,10.2759784],[-75.5943638,10.2756172],[-75.5939047,10.2752774],[-75.5935074,10.2749763],[-75.5933627,10.2743235],[-75.5936883,10.2739319],[-75.5934712,10.2734453],[-75.5932059,10.2732791],[-75.5930973,10.2728994],[-75.5935436,10.2726857],[-75.5938719,10.272296],[-75.5936883,10.2714989],[-75.5939899,10.2709886],[-75.5940984,10.2703002],[-75.5941467,10.269778],[-75.5946171,10.2696712],[-75.5945929,10.2693151],[-75.5944361,10.2688878],[-75.5944241,10.268425],[-75.5949809,10.2679516],[-75.5944361,10.2674874],[-75.5939088,10.2664366],[-75.5929043,10.2656121],[-75.5924822,10.2657427],[-75.5921156,10.2656917],[-75.5915756,10.26518],[-75.5910709,10.2647457],[-75.5909666,10.2641185],[-75.5903755,10.2637141],[-75.5901218,10.2638743],[-75.5898589,10.2639693],[-75.5893815,10.2637899],[-75.5889791,10.2637951],[-75.5886251,10.263679],[-75.5881476,10.2636104],[-75.5878043,10.2635312],[-75.5873323,10.2633517],[-75.5869836,10.2633095],[-75.5862057,10.2631353],[-75.585857,10.2630034],[-75.5843902,10.2624649],[-75.5842155,10.2620902],[-75.5841602,10.2619322],[-75.584634,10.2615253],[-75.5847842,10.261462],[-75.5851114,10.2611189],[-75.5853581,10.2610028],[-75.5858088,10.2608602],[-75.5864525,10.2609447],[-75.5869927,10.2608184],[-75.5879904,10.2609853],[-75.5887098,10.2613526],[-75.5892732,10.2616999],[-75.5899519,10.2617734],[-75.5904609,10.2617667],[-75.5910039,10.2616398],[-75.5910736,10.2617616],[-75.5910717,10.2623144],[-75.5912143,10.2627418],[-75.5915604,10.2631291],[-75.5911939,10.2633295],[-75.5911232,10.2635807],[-75.5917311,10.2636922],[-75.5918464,10.2635814],[-75.5923206,10.2635365],[-75.5928549,10.2635655],[-75.5932029,10.2637369],[-75.5939841,10.2638453],[-75.5942711,10.2637608],[-75.5948103,10.2637476],[-75.5953172,10.2638611],[-75.595521,10.2637107],[-75.5954164,10.2632303],[-75.595454,10.2628872],[-75.5955908,10.2624966],[-75.5959985,10.2622089],[-75.5969069,10.2616472],[-75.5968863,10.2614171],[-75.5969104,10.261338],[-75.5971518,10.2612509],[-75.5975082,10.2608068],[-75.5978132,10.2604859],[-75.5980378,10.2601111],[-75.5981713,10.2597983],[-75.5984132,10.2594389],[-75.5988976,10.2591862],[-75.5994424,10.2590972],[-75.5998568,10.2592249],[-75.6002666,10.2591149],[-75.6003946,10.2589177],[-75.6006548,10.2587567],[-75.6012074,10.2589725],[-75.6016901,10.2589573],[-75.6027845,10.258981],[-75.6034328,10.2589488],[-75.6040238,10.2589132],[-75.6045003,10.2592099],[-75.6051938,10.2590022],[-75.6058091,10.259025],[-75.6064713,10.2589701],[-75.6073759,10.2586259],[-75.6081247,10.2583423],[-75.6087899,10.2583529],[-75.6102949,10.2586259],[-75.6114146,10.2589843],[-75.6120317,10.25916],[-75.6122714,10.2593057],[-75.6124055,10.259435],[-75.6124485,10.2597966],[-75.6124645,10.2599286],[-75.6124941,10.2600711],[-75.6125611,10.2601687],[-75.6127247,10.2601925],[-75.6130117,10.2601133],[-75.613237,10.2600922],[-75.6136575,10.2599692],[-75.613634,10.2597728],[-75.6136152,10.2597464],[-75.6132982,10.2594923],[-75.6134544,10.2590578],[-75.6140703,10.2585129],[-75.6146371,10.2582461],[-75.6153849,10.2581036],[-75.6161448,10.2584478],[-75.6165389,10.2581937],[-75.6160965,10.2576645],[-75.6159638,10.2571185],[-75.6163498,10.2570592],[-75.6165342,10.2566307],[-75.6162554,10.25625],[-75.6164377,10.2557186],[-75.6171454,10.2556142],[-75.6175801,10.255267],[-75.6179589,10.2545366],[-75.6182556,10.2537952],[-75.618545,10.2536409],[-75.6191361,10.2534985],[-75.6196426,10.2531543],[-75.6198298,10.2525741],[-75.6204025,10.2524065],[-75.6210882,10.2522405],[-75.6217896,10.2519911],[-75.6222126,10.2513531],[-75.6220309,10.2507567],[-75.6216449,10.2502345],[-75.6218137,10.2494155],[-75.6216955,10.2488927],[-75.6205435,10.2481681],[-75.619671,10.2478022],[-75.6191964,10.2479556],[-75.6188225,10.2476589],[-75.61869,10.24715],[-75.6185814,10.246749],[-75.6180264,10.2459734],[-75.6177128,10.2461515],[-75.6171574,10.2466901],[-75.6150225,10.2457883],[-75.6143596,10.2461515],[-75.6136675,10.2456453],[-75.6128729,10.2457046],[-75.611522,10.2448542],[-75.6111715,10.2450441],[-75.6091613,10.2429042],[-75.6086743,10.2424326],[-75.6080567,10.24196],[-75.6074901,10.24125],[-75.607382,10.2411274],[-75.6072725,10.2410325],[-75.6071761,10.2410023],[-75.6069643,10.2408313],[-75.6067028,10.2407436],[-75.6067569,10.2406933],[-75.6067262,10.2406717],[-75.6066649,10.2407321],[-75.606586,10.2406085],[-75.6065144,10.2405568],[-75.6064516,10.2404461],[-75.6063347,10.2402432],[-75.6062091,10.2403253],[-75.6061478,10.2402707],[-75.6061273,10.2401931],[-75.6060981,10.2401356],[-75.606243,10.240055],[-75.6062164,10.2400278],[-75.6060324,10.2401054],[-75.6059367,10.240006],[-75.6058933,10.2398495],[-75.6060482,10.239758],[-75.6060235,10.2397133],[-75.6057756,10.2398474],[-75.6056248,10.2396767],[-75.6055277,10.2394653],[-75.6057405,10.2393474],[-75.6057219,10.2393006],[-75.6054743,10.239446],[-75.6053377,10.2392904],[-75.6052612,10.2390973],[-75.6055298,10.2389835],[-75.6055194,10.238955],[-75.6051848,10.2391014],[-75.6050446,10.2390195],[-75.6048887,10.2390224],[-75.6047882,10.2390587],[-75.6046973,10.2390668],[-75.6045961,10.2391644],[-75.6045336,10.2391381],[-75.6044701,10.2391766],[-75.6044391,10.2392376],[-75.6043516,10.2392506],[-75.6043854,10.239327],[-75.6043399,10.2394287],[-75.6043705,10.239545],[-75.6044825,10.2395946],[-75.6044825,10.2397039],[-75.6043978,10.2397356],[-75.604351,10.2398226],[-75.6043539,10.2400144],[-75.6044591,10.2401442],[-75.6046052,10.2401523],[-75.604687,10.2402517],[-75.6048096,10.2403076],[-75.60502,10.2403076],[-75.6050901,10.2403593],[-75.6049207,10.2403881],[-75.6047921,10.2405031],[-75.6047882,10.240569],[-75.6047427,10.240569],[-75.6047242,10.240506],[-75.6045734,10.2404755],[-75.6044825,10.2405487],[-75.6044412,10.2405345],[-75.6044845,10.2404552],[-75.6043773,10.2404053],[-75.6042346,10.2404471],[-75.6040528,10.2404146],[-75.6039867,10.2403861],[-75.6039099,10.2403593],[-75.6038421,10.2404003],[-75.6038132,10.2404491],[-75.6037306,10.2403942],[-75.6035839,10.2403983],[-75.6035633,10.2403515],[-75.6033841,10.2403248],[-75.603208,10.2403597],[-75.6031191,10.2404085],[-75.6030799,10.2403414],[-75.602905,10.2403076],[-75.6027983,10.2403392],[-75.6027706,10.2403866],[-75.6026581,10.2404082],[-75.6026231,10.2404283],[-75.6025749,10.2404528],[-75.6025735,10.2405156],[-75.6022333,10.2404511],[-75.6018229,10.2404564],[-75.6016834,10.2405026],[-75.6015211,10.2404999],[-75.6012709,10.240484],[-75.6008881,10.2402677],[-75.6002794,10.2401425],[-75.5992217,10.24024],[-75.5987906,10.2404973],[-75.5984393,10.2406979],[-75.5978006,10.2407442],[-75.5974576,10.2407612],[-75.5972001,10.2407243],[-75.5970123,10.2405237],[-75.5969873,10.2403053],[-75.5968742,10.2401972],[-75.5966799,10.240127],[-75.5966175,10.2401708],[-75.5965348,10.2402744],[-75.5962746,10.2404188],[-75.5961796,10.2404106],[-75.5960659,10.2404614],[-75.5959379,10.2404086],[-75.5958594,10.2403313],[-75.5957561,10.2402907],[-75.5957024,10.2400895],[-75.5957148,10.2399553],[-75.5956853,10.239783],[-75.5957375,10.2396788],[-75.5957107,10.239567],[-75.5957602,10.2395508],[-75.595754,10.2393089],[-75.5958119,10.2392174],[-75.5957788,10.239069],[-75.5957891,10.2389653],[-75.5956631,10.2388596],[-75.5955433,10.2387417],[-75.5954318,10.23876],[-75.5952851,10.2386665],[-75.595167,10.2387209],[-75.5950868,10.2387783],[-75.5950228,10.238882],[-75.5949009,10.2389714],[-75.5948265,10.2391605],[-75.5947398,10.239191],[-75.5946303,10.2392438],[-75.5945869,10.2391483],[-75.5944775,10.2391198],[-75.5943969,10.2391808],[-75.59437,10.2391503],[-75.5943432,10.2391117],[-75.594401,10.2391056],[-75.5944382,10.2390487],[-75.5944465,10.238943],[-75.5943638,10.2388312],[-75.5942263,10.2387758],[-75.5941449,10.2387966],[-75.5941056,10.2388901],[-75.5940519,10.2388942],[-75.5939796,10.2388312],[-75.5940251,10.2387905],[-75.5940127,10.2387072],[-75.5938288,10.2386137],[-75.5936429,10.2386157],[-75.5936016,10.2385547],[-75.5933785,10.2384998],[-75.5932133,10.2384592],[-75.5930914,10.2383555],[-75.5930873,10.2382213],[-75.593046,10.2381746],[-75.5930707,10.2381055],[-75.593143,10.2380526],[-75.5932422,10.2380235],[-75.593331,10.2380644],[-75.5935066,10.2381197],[-75.5937276,10.238079],[-75.5937421,10.238012],[-75.593835,10.2380567],[-75.5939507,10.2380059],[-75.5940313,10.238012],[-75.594213,10.2379144],[-75.5943287,10.2378351],[-75.5943597,10.2377294],[-75.5944609,10.2376867],[-75.5945146,10.2376257],[-75.5945518,10.2375221],[-75.5945208,10.237396],[-75.5944651,10.2372924],[-75.5943898,10.2371317],[-75.5941635,10.2370566],[-75.5936685,10.2368599],[-75.593405,10.2368886],[-75.5928683,10.2369387],[-75.5927485,10.2366439],[-75.5924407,10.2364345],[-75.5920496,10.2363825],[-75.5918624,10.2365388],[-75.5916988,10.2368031],[-75.5915673,10.2368779],[-75.5913453,10.2368146],[-75.5912168,10.2366766],[-75.5910678,10.2365875],[-75.5908691,10.2365875],[-75.5906354,10.2365042],[-75.5904952,10.2365128],[-75.5904923,10.2363863],[-75.590317,10.2362167],[-75.5898146,10.2360097],[-75.589596,10.2358572],[-75.5892279,10.2357197],[-75.5885905,10.2356072],[-75.5884591,10.2357481],[-75.5882809,10.2357998],[-75.5881991,10.2356331],[-75.5881999,10.2353835],[-75.58798,10.2351645],[-75.58798,10.2348368],[-75.5878924,10.2346372],[-75.5879099,10.2345234],[-75.5878427,10.2343711],[-75.5876528,10.2341669],[-75.5877229,10.2340893],[-75.5877229,10.2340117],[-75.5876177,10.2339513],[-75.5875267,10.234012],[-75.5875294,10.2335871],[-75.5876061,10.2335316],[-75.5877112,10.233454],[-75.5877112,10.2333591],[-75.5877288,10.2331981],[-75.5875973,10.2330544],[-75.5874855,10.2330444],[-75.5874454,10.2328215],[-75.5873724,10.2327727],[-75.5872818,10.2325973],[-75.5871445,10.2323558],[-75.5869283,10.2321287],[-75.5869838,10.2319016],[-75.5870685,10.231755],[-75.5871503,10.2315192],[-75.5870861,10.2310708],[-75.5871036,10.2309242],[-75.58678,10.23046],[-75.5864874,10.2300223],[-75.586317,10.2297346],[-75.5863363,10.2295445],[-75.5862603,10.2294942],[-75.5861932,10.2295014],[-75.5861289,10.2294281],[-75.5860982,10.229316],[-75.5861274,10.229303],[-75.5860997,10.2292613],[-75.5861041,10.2291981],[-75.5860865,10.2291167],[-75.5860237,10.2290515],[-75.5859419,10.2290199],[-75.5859186,10.2288387],[-75.5858864,10.2287209],[-75.5858017,10.2286346],[-75.5858192,10.2285168],[-75.5857141,10.2283615],[-75.5857082,10.2282781],[-75.5856352,10.2281861],[-75.5856498,10.2281114],[-75.5855592,10.228028],[-75.5855651,10.2279475],[-75.5856863,10.2278095],[-75.5856615,10.2276859],[-75.5856045,10.2275729],[-75.5856761,10.2275106],[-75.585717,10.2274157],[-75.5858572,10.2274157],[-75.5859448,10.2273496],[-75.5859668,10.2272624],[-75.5859565,10.2271339],[-75.5860004,10.2270851],[-75.5860325,10.2269816],[-75.5859741,10.2269155],[-75.5861205,10.2269377],[-75.5861698,10.2268465],[-75.5861701,10.2267425],[-75.5861205,10.22671],[-75.5861577,10.2264701],[-75.5860503,10.2263726],[-75.5861412,10.2262546],[-75.5862238,10.2260636],[-75.5863436,10.2261002],[-75.5864593,10.2259782],[-75.5864548,10.2258475],[-75.5863395,10.2257993],[-75.5863891,10.2256285],[-75.5865419,10.2255269],[-75.5865874,10.2254334],[-75.586732,10.2254171],[-75.5867196,10.2255757],[-75.5866411,10.2256976],[-75.5865626,10.2257302],[-75.586575,10.2258237],[-75.5868724,10.2259497],[-75.5869964,10.2258521],[-75.5870046,10.225779],[-75.5871699,10.2256773],[-75.5871038,10.225596],[-75.5872318,10.2256489],[-75.5873516,10.2255635],[-75.5873558,10.2254415],[-75.5873021,10.225409],[-75.5873682,10.2253317],[-75.5873227,10.2252545],[-75.5874549,10.2253439],[-75.5876284,10.2253033],[-75.587773,10.2254212],[-75.5879135,10.2254496],[-75.5882886,10.225086],[-75.5883432,10.2249292],[-75.5884051,10.2250187],[-75.58862,10.2249577],[-75.5887191,10.2250471],[-75.5889835,10.2251244],[-75.5890951,10.2250512],[-75.5892438,10.2250146],[-75.5892314,10.2248601],[-75.5892851,10.2249455],[-75.5893801,10.2248926],[-75.5895041,10.2250065],[-75.5897899,10.2250552],[-75.5899089,10.2251488],[-75.5900329,10.2252382],[-75.5901651,10.2252342],[-75.5904088,10.2253643],[-75.5906926,10.2253591],[-75.5908302,10.2256611],[-75.5910492,10.2259009],[-75.5912557,10.2259131],[-75.5914334,10.2258847],[-75.5916276,10.2259131],[-75.5916937,10.2261124],[-75.5918259,10.2262425],[-75.592075,10.2263426],[-75.5923216,10.2262262],[-75.5925488,10.2263482],[-75.5928298,10.2265189],[-75.592838,10.2268808],[-75.5927758,10.2271508],[-75.5925902,10.2273239],[-75.5923258,10.2274784],[-75.592177,10.2277671],[-75.5921468,10.2279322],[-75.5919787,10.2280192],[-75.5917598,10.2281045],[-75.5917598,10.2279663],[-75.5917185,10.2277874],[-75.5915862,10.2276288],[-75.5914788,10.2274581],[-75.5912186,10.2275394],[-75.5911235,10.2276817],[-75.5910533,10.2278443],[-75.5910425,10.2279748],[-75.5908467,10.2281493],[-75.5906071,10.2281289],[-75.5904213,10.2280738],[-75.5903179,10.2280639],[-75.5901775,10.2280557],[-75.5899213,10.2281045],[-75.5898263,10.2280273],[-75.5896652,10.2281045],[-75.5895123,10.228133],[-75.5892975,10.2282387],[-75.589281,10.2284054],[-75.589412,10.2284911],[-75.5894751,10.2285843],[-75.5893016,10.2286778],[-75.5890377,10.2287054],[-75.5889009,10.2286371],[-75.5887109,10.2285274],[-75.5885332,10.2285518],[-75.5884217,10.2285843],[-75.5882977,10.2285111],[-75.5880912,10.2284704],[-75.5879176,10.2286534],[-75.5877524,10.2287428],[-75.587726,10.2288571],[-75.587678,10.2289827],[-75.5876326,10.2291413],[-75.5876037,10.2294218],[-75.5876698,10.2296901],[-75.5878433,10.229865],[-75.5879855,10.229968],[-75.5884258,10.2301902],[-75.5888348,10.2303325],[-75.5892562,10.230426],[-75.5895826,10.2304667],[-75.5898304,10.2304504],[-75.589847,10.2303325],[-75.5899337,10.2304301],[-75.5901155,10.2304585],[-75.5902601,10.230422],[-75.5906774,10.2304992],[-75.5910616,10.2306171],[-75.591202,10.2307228],[-75.5915449,10.2307919],[-75.5917267,10.230983],[-75.5918672,10.2309708],[-75.59202,10.2311578],[-75.5923216,10.231418],[-75.5926149,10.231353],[-75.5929041,10.2313692],[-75.5932512,10.2313164],[-75.5933792,10.231414],[-75.5935378,10.2313707],[-75.59368,10.23148],[-75.5938296,10.2315237],[-75.5939618,10.2316254],[-75.5941807,10.2318124],[-75.5944575,10.231975],[-75.5945897,10.2319181],[-75.5949244,10.2320116],[-75.5950772,10.2321173],[-75.5952755,10.2321133],[-75.5953747,10.2322108],[-75.5956886,10.2323897],[-75.5961555,10.2324385],[-75.5963786,10.2323531],[-75.5965232,10.2321905],[-75.5964777,10.232036],[-75.5963868,10.2319628],[-75.5962546,10.2319547],[-75.5962381,10.2317677],[-75.5963336,10.2315671],[-75.5966389,10.2315359],[-75.5969611,10.2313896],[-75.5972255,10.2312026],[-75.5973081,10.2313489],[-75.5974775,10.2313814],[-75.5977213,10.2313164],[-75.5977172,10.2311756],[-75.5976453,10.2309768],[-75.5977085,10.2307315],[-75.5975099,10.2302836],[-75.5978969,10.2303632],[-75.5979787,10.2306392],[-75.5983292,10.2307542],[-75.5988017,10.23073],[-75.5991401,10.2304299],[-75.5992656,10.230196],[-75.5995752,10.2302305],[-75.5997766,10.2304364],[-75.5999301,10.2305932],[-75.6000629,10.2309319],[-75.5996496,10.2318466],[-75.5994657,10.233029],[-75.5995548,10.2333771],[-75.600006,10.2338866],[-75.60045,10.23404],[-75.6008649,10.234112],[-75.6011103,10.2343765],[-75.6017062,10.2346755],[-75.6019282,10.2345605],[-75.6023722,10.2346875],[-75.6025036,10.2347765],[-75.6026234,10.2350209],[-75.6027782,10.2352422],[-75.6032166,10.2357739],[-75.6033917,10.2359753],[-75.6035896,10.2362952],[-75.6036666,10.2363082],[-75.6039398,10.2366276],[-75.6040928,10.2367409],[-75.6042269,10.2368368],[-75.6041858,10.2369415],[-75.6041095,10.2371195],[-75.604109,10.2372842],[-75.6041387,10.2373744],[-75.6042285,10.237546],[-75.6042792,10.2376803],[-75.6042898,10.2378118],[-75.6043092,10.2383198],[-75.6042082,10.2385341],[-75.604172,10.2386585],[-75.6040333,10.2387878],[-75.6039676,10.2388813],[-75.6040094,10.2389276],[-75.60421,10.2389402],[-75.6043736,10.2389373],[-75.604546,10.2389201],[-75.604632,10.2388034],[-75.604602,10.2386976],[-75.6045279,10.2384279],[-75.6044682,10.2381757],[-75.6043779,10.237578],[-75.6043888,10.2371047],[-75.6044179,10.236992],[-75.6044745,10.2368775],[-75.6046084,10.2367281],[-75.6047228,10.2366763],[-75.60478,10.2365803],[-75.6048471,10.2365196],[-75.6049309,10.2364769],[-75.6049919,10.2363348],[-75.6050912,10.2362213],[-75.6051528,10.2361263],[-75.6052071,10.2360169],[-75.6051878,10.2356519],[-75.6051448,10.2352368],[-75.6051004,10.23478],[-75.6050751,10.2343895],[-75.6050274,10.2342397],[-75.605051,10.2341159],[-75.6050852,10.2339342],[-75.6050966,10.2339066],[-75.6050783,10.2338183],[-75.6050408,10.2337901],[-75.604965,10.2336743],[-75.6048798,10.2335173],[-75.6048632,10.233368],[-75.6049255,10.2330288],[-75.6050187,10.2326553],[-75.6050295,10.2325128],[-75.6050564,10.2323272],[-75.6051166,10.2319505],[-75.6050898,10.231713],[-75.6051446,10.2314027],[-75.6051649,10.2312167],[-75.6052105,10.2310676],[-75.6052919,10.2308899],[-75.60535,10.2306783],[-75.6054548,10.2304091],[-75.6055766,10.230083],[-75.6056645,10.2298205],[-75.6058154,10.2294205],[-75.6058851,10.2292291],[-75.6059897,10.2290137],[-75.6060769,10.2288279],[-75.6061475,10.2286303],[-75.6062472,10.2284544],[-75.6063049,10.2282697],[-75.6063662,10.2280723],[-75.6064805,10.227846],[-75.6066405,10.2276354],[-75.606785,10.2273537],[-75.6069298,10.2270356],[-75.6070063,10.2268891],[-75.6070713,10.2267272],[-75.6071726,10.2265143],[-75.6072745,10.2263027],[-75.6073576,10.226059],[-75.6074356,10.2257881],[-75.6075092,10.2255218],[-75.6075722,10.2252968],[-75.6076755,10.224986],[-75.607886,10.2244462],[-75.6079946,10.2241756],[-75.6081386,10.2238984],[-75.6082374,10.2236833],[-75.6083669,10.2234537],[-75.6085049,10.2232293],[-75.6087465,10.2229297],[-75.6089684,10.2226389],[-75.6091359,10.2224797],[-75.6092886,10.2223174],[-75.609437,10.2221709],[-75.609604,10.2220045],[-75.6097694,10.2218361],[-75.6099057,10.2216535],[-75.6100456,10.2214828],[-75.6100827,10.2213486],[-75.6101926,10.221209],[-75.6103751,10.2210107],[-75.6105398,10.2207915],[-75.6106339,10.220628],[-75.610818,10.220341],[-75.6109558,10.2201119],[-75.6111169,10.2198618],[-75.6112589,10.2196843],[-75.6114194,10.2195261],[-75.6116602,10.219248],[-75.6119854,10.2188545],[-75.6122057,10.2186509],[-75.6124126,10.2184214],[-75.612596,10.2182246],[-75.6127826,10.218046],[-75.6129269,10.2179275],[-75.6129782,10.2178854],[-75.6131901,10.2177371],[-75.6135874,10.2174748],[-75.6140649,10.2172369],[-75.6143095,10.2170768],[-75.6146224,10.2168612],[-75.6149898,10.2165563],[-75.6153291,10.2162224],[-75.6155875,10.2158825],[-75.6158133,10.2156168],[-75.6160384,10.2154269],[-75.6162499,10.215335],[-75.6164007,10.2152338],[-75.6165048,10.2151238],[-75.6165415,10.2151652],[-75.6166126,10.2151691],[-75.616669,10.2151135],[-75.6166689,10.2150609],[-75.6167158,10.2150451],[-75.6167132,10.2149923],[-75.6167588,10.2149883],[-75.6167944,10.2150009],[-75.6168553,10.2149844],[-75.6169707,10.2149329],[-75.6170444,10.2149553],[-75.6171437,10.2149619],[-75.617255,10.2149672],[-75.6172917,10.2149315],[-75.6172885,10.214892],[-75.6173556,10.2148576],[-75.6174608,10.2148798],[-75.6175075,10.2148634],[-75.6175071,10.214793],[-75.6175312,10.2147653],[-75.6175943,10.2147745],[-75.6176452,10.214855],[-75.6176519,10.214892],[-75.6177131,10.2149254],[-75.617778,10.2149118],[-75.617841,10.2149461],[-75.6178384,10.2149685],[-75.6178558,10.2149976],[-75.6179148,10.2149923],[-75.6178907,10.2149553],[-75.617943,10.21495],[-75.6179792,10.2149506],[-75.6180529,10.2148524],[-75.6181039,10.2148365],[-75.618128,10.2147996],[-75.6181629,10.2147639],[-75.6182233,10.2147653],[-75.6182487,10.2147257],[-75.6182259,10.2146927],[-75.6182353,10.2146583],[-75.6182823,10.2146465],[-75.6183314,10.2146405],[-75.6183788,10.2144709],[-75.6184217,10.214397],[-75.6185719,10.2142994],[-75.6187382,10.2141594],[-75.6188267,10.2140723],[-75.6190547,10.2136843],[-75.6194033,10.2133413],[-75.6194033,10.2126705],[-75.6194636,10.2122305],[-75.6198279,10.2118491],[-75.6200148,10.2116534],[-75.6198352,10.2115659],[-75.6196762,10.2114767],[-75.6195872,10.2111858],[-75.6195389,10.2110182],[-75.6195147,10.21091],[-75.619496,10.2108334],[-75.6195877,10.2106047],[-75.6196264,10.210359],[-75.619568,10.2103273],[-75.6195065,10.2105875],[-75.6194097,10.2107856],[-75.6191853,10.2105666],[-75.6191211,10.2103558],[-75.6191686,10.2101318],[-75.61914,10.21004],[-75.6192741,10.2095903],[-75.6198445,10.2093135],[-75.6199395,10.2088759],[-75.6196945,10.2085841],[-75.6199067,10.2081596],[-75.620287,10.2080303],[-75.6206968,10.2074269],[-75.6207522,10.2067054],[-75.6209546,10.2061507],[-75.6213164,10.2057814],[-75.6225327,10.2043875],[-75.6237764,10.2037648],[-75.6241682,10.2024486],[-75.6246293,10.2021867],[-75.6251219,10.2021086],[-75.625537,10.2019331],[-75.6258579,10.2014462],[-75.6260247,10.2007415],[-75.6261561,10.2003475],[-75.6262875,10.1999893],[-75.6266307,10.1998981],[-75.6271357,10.1994426],[-75.6273436,10.1993161],[-75.62758,10.1992354],[-75.6277912,10.1992676],[-75.6280322,10.1993123],[-75.6282403,10.1993338],[-75.6284693,10.1992808],[-75.6285438,10.1992507],[-75.6285954,10.1991675],[-75.6286236,10.1989427],[-75.6286055,10.1984578],[-75.6287856,10.1980585],[-75.6290398,10.1977077],[-75.6293746,10.1975399],[-75.6298823,10.1975552],[-75.6299285,10.1974028],[-75.6298878,10.1972673],[-75.6297595,10.1969824],[-75.6297642,10.1967514],[-75.6298507,10.1965365],[-75.6298643,10.1963095],[-75.629966,10.1960954],[-75.6302993,10.1958506],[-75.6306723,10.1957268],[-75.6308266,10.195655],[-75.6309924,10.1954964],[-75.6311071,10.1953361],[-75.6311863,10.1952255],[-75.6313196,10.1948179],[-75.6314244,10.194667],[-75.6314934,10.1946026],[-75.6315572,10.1945287],[-75.6316322,10.1944897],[-75.631597,10.194324],[-75.6315616,10.1941552],[-75.631498,10.1939588],[-75.6314415,10.1937184],[-75.6314283,10.1936624],[-75.631275,10.1936285],[-75.6311185,10.193727],[-75.6309714,10.1936654],[-75.6307743,10.1935207],[-75.6306554,10.1932158],[-75.6307339,10.1931136],[-75.6306929,10.1929786],[-75.6304457,10.1928557],[-75.630282,10.1926162],[-75.6301006,10.1925944],[-75.6301625,10.1924725],[-75.6303484,10.1923331],[-75.6303112,10.1921964],[-75.6301923,10.1918145],[-75.6302895,10.1916874],[-75.6302924,10.1915773],[-75.6303988,10.1915711],[-75.6304395,10.1914941],[-75.6304708,10.1913925],[-75.6305897,10.1912909],[-75.6307055,10.1913494],[-75.6307866,10.1912408],[-75.6309308,10.1910814],[-75.6310388,10.1909735],[-75.6311091,10.1906965],[-75.631106,10.1904439],[-75.6311529,10.1901944],[-75.6312687,10.1902961],[-75.6312656,10.1904162],[-75.6313157,10.1905117],[-75.6312374,10.1908289],[-75.6311999,10.1910476],[-75.6313501,10.191374],[-75.6316536,10.1915681],[-75.6313626,10.1917744],[-75.6313839,10.1921327],[-75.6312069,10.1926031],[-75.6313972,10.1925029],[-75.631703,10.1919602],[-75.6318634,10.1916941],[-75.6319933,10.1915724],[-75.6320981,10.1915709],[-75.6322764,10.1914539],[-75.63258,10.1911351],[-75.6327333,10.1909287],[-75.6327737,10.1907527],[-75.6331573,10.1903913],[-75.633592,10.1901359],[-75.6341196,10.1899401],[-75.6348894,10.1897184],[-75.6354026,10.1897368],[-75.6358031,10.1899124],[-75.6360847,10.1898816],[-75.6364415,10.1897184],[-75.6369171,10.1896537],[-75.6377526,10.1893457],[-75.6378966,10.1891547],[-75.6381407,10.1890223],[-75.6385005,10.1889391],[-75.6388196,10.188943],[-75.639311,10.1885172],[-75.6396948,10.1881038],[-75.6402796,10.1874047],[-75.640619,10.1870512],[-75.6407499,10.1865709],[-75.640788,10.1863921],[-75.6408694,10.1861949],[-75.6413106,10.1858962],[-75.6421993,10.1854619],[-75.6429972,10.1849876],[-75.6433602,10.184618],[-75.6434698,10.1844271],[-75.6436811,10.1842483],[-75.6438328,10.1839743],[-75.6438766,10.1837926],[-75.6438703,10.1836571],[-75.6439892,10.1836263],[-75.6441117,10.1836896],[-75.6443491,10.1835185],[-75.6445775,10.1832782],[-75.6446401,10.1830688],[-75.6448247,10.182884],[-75.644831,10.1827731],[-75.6449779,10.1827482],[-75.6449718,10.1826715],[-75.6449217,10.1826191],[-75.6449092,10.1824744],[-75.6450281,10.1825514],[-75.6451126,10.1826684],[-75.6452221,10.1826746],[-75.6454068,10.1825698],[-75.6455507,10.1824497],[-75.6455319,10.1823635],[-75.6456775,10.1823407],[-75.6458157,10.1821836],[-75.6459957,10.1819676],[-75.6461826,10.1816123],[-75.6465268,10.1812807],[-75.6468545,10.1813351],[-75.6471529,10.1805063],[-75.6469683,10.1798533],[-75.6467863,10.1795096],[-75.6467273,10.1794437],[-75.6463581,10.1796069],[-75.646283,10.1794652],[-75.6463049,10.1792835],[-75.6464676,10.1792681],[-75.6464113,10.1791388],[-75.6465114,10.1790679],[-75.6466084,10.1788831],[-75.6465396,10.1785012],[-75.6473688,10.1781224],[-75.6477255,10.1778144],[-75.647882,10.177571],[-75.6481605,10.1775649],[-75.648583,10.1773678],[-75.6489272,10.1774047],[-75.6490619,10.1774092],[-75.6493665,10.1774193],[-75.6503594,10.1772459],[-75.6504198,10.1772353],[-75.6516081,10.1771195],[-75.6516408,10.1771163],[-75.6521888,10.1772666],[-75.6523851,10.1776026],[-75.6529711,10.1775868],[-75.6533738,10.1776727],[-75.6537351,10.1777841],[-75.6540632,10.178061],[-75.6544699,10.1779574],[-75.6547898,10.1777265],[-75.6549655,10.1771959],[-75.6547077,10.1768729],[-75.6548249,10.1764807],[-75.6552116,10.1761347],[-75.6548366,10.1757195],[-75.6552937,10.1752004],[-75.6554343,10.1748659],[-75.6552116,10.1745545],[-75.6552351,10.1740815],[-75.6552013,10.1738688],[-75.6551074,10.1737426],[-75.6552326,10.1734947],[-75.6552201,10.1733452],[-75.6551296,10.173228],[-75.6550668,10.1732867],[-75.6550542,10.1734407],[-75.6548915,10.1735391],[-75.6544499,10.1734957],[-75.6538933,10.1731439],[-75.6535827,10.173115],[-75.6530669,10.1726752],[-75.6523068,10.1724058],[-75.6519093,10.172489],[-75.6515119,10.1724674],[-75.6510362,10.1725668],[-75.650473,10.1724489],[-75.6501743,10.1722382],[-75.6498213,10.1716717],[-75.649672,10.1708626],[-75.6496751,10.1706964],[-75.6498159,10.1705331],[-75.6499098,10.170336],[-75.6498566,10.170222],[-75.6497657,10.1701622],[-75.6498628,10.1698863],[-75.6498347,10.1695444],[-75.649971,10.1692801],[-75.6506573,10.168227],[-75.6509268,10.1680075],[-75.65103,10.1677549],[-75.6512428,10.1677395],[-75.6515036,10.1675477],[-75.6517623,10.1673422],[-75.6518499,10.1672036],[-75.6519844,10.167182],[-75.6524965,10.1668107],[-75.6526745,10.1662576],[-75.653039,10.165454],[-75.6535053,10.1647949],[-75.6540194,10.164141],[-75.6541784,10.1637826],[-75.6543345,10.1637169],[-75.6546274,10.1637252],[-75.6550494,10.1634813],[-75.6553953,10.1631778],[-75.6556923,10.1630302],[-75.655906,10.1626591],[-75.6563858,10.1624503],[-75.65804,10.1616619],[-75.6598687,10.1608783],[-75.6628793,10.1599572],[-75.6657133,10.1592639],[-75.6703957,10.1589993],[-75.6713299,10.1590301],[-75.6720423,10.1587014],[-75.6725692,10.1585576],[-75.6731969,10.1585601],[-75.6737103,10.1585743],[-75.6740895,10.1588928],[-75.6746349,10.1590606],[-75.6750104,10.1590745],[-75.6751064,10.159234],[-75.6753577,10.1592624],[-75.6751642,10.1594302],[-75.6752075,10.1594671],[-75.6753866,10.1593022],[-75.6754415,10.1593278],[-75.6753491,10.1596861],[-75.6754444,10.1598965],[-75.6756755,10.1597401],[-75.6756697,10.1595752],[-75.6758257,10.1594387],[-75.6758633,10.1592169],[-75.6759817,10.1593989],[-75.6761464,10.1594586],[-75.6763509,10.1590293],[-75.6766831,10.158771],[-75.6770621,10.1585515],[-75.6775792,10.1583184],[-75.6779085,10.1580596],[-75.677931,10.1580165],[-75.6779445,10.1579898],[-75.6779825,10.1579146],[-75.6780154,10.157852],[-75.6789163,10.1573646],[-75.6796643,10.1574792],[-75.6801473,10.1576359],[-75.680364,10.1581364],[-75.68052,10.1581677],[-75.6805113,10.158361],[-75.6807366,10.1584805],[-75.6812509,10.1586482],[-75.6813346,10.1588928],[-75.6815022,10.1591003],[-75.6817131,10.1589155],[-75.6818748,10.1584805],[-75.6819066,10.1579942],[-75.6821695,10.1577639],[-75.6824468,10.1573402],[-75.6825855,10.1572947],[-75.6827964,10.1570132],[-75.6829812,10.1567772],[-75.683065,10.1566435],[-75.6830563,10.1564473],[-75.683065,10.1562739],[-75.6829264,10.1561943],[-75.6830332,10.156126],[-75.6832355,10.1561346],[-75.6833597,10.1560919],[-75.683481,10.1559924],[-75.6835503,10.1558616],[-75.6836977,10.1558445],[-75.6838565,10.1557564],[-75.6840732,10.155745],[-75.684391,10.1556568],[-75.6845065,10.1554805],[-75.6848272,10.1553668],[-75.6849861,10.1553355],[-75.6849889,10.1554578],[-75.6851796,10.1555687],[-75.6854367,10.155563],[-75.68561,10.1554777],[-75.6858498,10.1554464],[-75.6859567,10.1554038],[-75.6860462,10.1553213],[-75.6861473,10.1551535],[-75.6862334,10.1550174],[-75.6861919,10.1549943],[-75.6861458,10.1549311],[-75.6861607,10.1548364],[-75.6861411,10.1547733],[-75.6862724,10.154767],[-75.6862882,10.1547194],[-75.6862976,10.1545479],[-75.6861438,10.1541598],[-75.6860626,10.1540802],[-75.6859857,10.153989],[-75.6859355,10.1539843],[-75.6857653,10.1538986],[-75.6857516,10.1538171],[-75.6857492,10.1537389],[-75.6857787,10.1535792],[-75.6858243,10.1534881],[-75.6858567,10.1534213],[-75.6859356,10.1534168],[-75.6860107,10.1533019],[-75.6860724,10.15329],[-75.6864882,10.1527223],[-75.6869735,10.1520996],[-75.6872422,10.1519745],[-75.6873384,10.152028],[-75.6874559,10.1520204],[-75.6877649,10.1520439],[-75.68804,10.1518968],[-75.6881645,10.1518181],[-75.6881922,10.1517496],[-75.6882168,10.1516122],[-75.688392,10.1513395],[-75.6883471,10.1510701],[-75.6885044,10.1510299],[-75.6884527,10.1508396],[-75.6882674,10.1507042],[-75.688182,10.1506762],[-75.6880586,10.1507053],[-75.6879661,10.1506894],[-75.6879754,10.1503607],[-75.6880412,10.1503449],[-75.6880774,10.1503607],[-75.6881328,10.1503291],[-75.6881967,10.1501284],[-75.6882084,10.1499991],[-75.6882732,10.1499145],[-75.6883603,10.1499871],[-75.6883751,10.1499687],[-75.6883456,10.1498644],[-75.6884301,10.1498076],[-75.6885374,10.14983],[-75.6886286,10.1497637],[-75.6887788,10.1497442],[-75.6889487,10.1496763],[-75.6890376,10.1497469],[-75.6890967,10.1498603],[-75.6892359,10.150001],[-75.6893528,10.1499409],[-75.6894533,10.1499357],[-75.6893809,10.1500043],[-75.68933,10.1500281],[-75.6893705,10.150105],[-75.689355,10.1504887],[-75.6892644,10.1505734],[-75.689348,10.1506358],[-75.6894991,10.1507162],[-75.68952,10.1507237],[-75.6895471,10.1506584],[-75.689582,10.1505957],[-75.6896147,10.1506005],[-75.6895863,10.1506877],[-75.6896139,10.1506956],[-75.6896224,10.1507263],[-75.6896137,10.1507883],[-75.6896279,10.1508309],[-75.6897136,10.1508652],[-75.6897341,10.150874],[-75.6897779,10.1508855],[-75.6897831,10.1509125],[-75.6898111,10.1509145],[-75.6898195,10.1508851],[-75.689842,10.1508929],[-75.6898765,10.1508607],[-75.6899403,10.1508707],[-75.6899651,10.1507888],[-75.6899627,10.1507277],[-75.6899498,10.1506693],[-75.6899644,10.1506561],[-75.6899689,10.1506244],[-75.6899639,10.1506211],[-75.6899249,10.1505738],[-75.6899215,10.1505541],[-75.6898857,10.1505181],[-75.6898664,10.1504833],[-75.6898604,10.150463],[-75.6898513,10.1504542],[-75.6898139,10.1504558],[-75.6898052,10.1504256],[-75.6897768,10.1504063],[-75.6898176,10.1504152],[-75.6898563,10.1504099],[-75.6898624,10.1503898],[-75.6897999,10.1503584],[-75.6897802,10.1503243],[-75.68973,10.1502786],[-75.6896596,10.1502131],[-75.689657,10.1500682],[-75.68976,10.1499008],[-75.6898221,10.1498333],[-75.6898892,10.1498215],[-75.6899534,10.1498529],[-75.6899742,10.1498155],[-75.6899858,10.1497593],[-75.6900401,10.149742],[-75.6903232,10.1495146],[-75.6904808,10.1490748],[-75.6905138,10.148889],[-75.6912361,10.1485021],[-75.6913671,10.1482558],[-75.6915043,10.1478183],[-75.6912025,10.1474347],[-75.6912354,10.1472295],[-75.6911311,10.1470458],[-75.6911421,10.1466515],[-75.69119,10.1457188],[-75.6909156,10.1438714],[-75.6910583,10.1435797],[-75.6909608,10.1431792],[-75.6909461,10.1431574],[-75.6909413,10.1431376],[-75.6908722,10.1429898],[-75.6908488,10.1429396],[-75.6907931,10.1428895],[-75.6907998,10.142873],[-75.6908233,10.1428611],[-75.6908313,10.1428175],[-75.6908474,10.14283],[-75.6908695,10.1428531],[-75.6909185,10.142902],[-75.6909729,10.1429244],[-75.6910311,10.1428961],[-75.6910566,10.1428149],[-75.6910238,10.1427132],[-75.6909857,10.1426044],[-75.6910629,10.1426018],[-75.6911317,10.1426479],[-75.6912338,10.1426703],[-75.6918355,10.1424624],[-75.6927759,10.142159],[-75.69361,10.1422022],[-75.6940207,10.1425811],[-75.694288,10.1427198],[-75.6943584,10.1427931],[-75.6944154,10.1427944],[-75.6944578,10.1428],[-75.694691,10.1428342],[-75.6956539,10.1425878],[-75.6956404,10.1428667],[-75.6949874,10.1432988],[-75.694642,10.143873],[-75.6948041,10.1440621],[-75.6951662,10.1442371],[-75.6957829,10.1442371],[-75.6973743,10.1438669],[-75.6973964,10.1441145],[-75.6967763,10.1442765],[-75.6965074,10.1445034],[-75.696469,10.1447573],[-75.6962166,10.1454055],[-75.6960464,10.1456756],[-75.6958343,10.1457899],[-75.6953624,10.1458152],[-75.694488,10.1452866],[-75.6934902,10.1451762],[-75.6932723,10.1454284],[-75.6937999,10.1464899],[-75.6944321,10.1473527],[-75.6943157,10.1480708],[-75.6940291,10.1487004],[-75.6939224,10.148784],[-75.6938599,10.1489377],[-75.6939093,10.1491484],[-75.6939199,10.1492778],[-75.6938578,10.1496674],[-75.6939199,10.1499118],[-75.6942303,10.1497667],[-75.6944476,10.1494993],[-75.6946229,10.1490042],[-75.6945407,10.1486285],[-75.6950382,10.1480294],[-75.6961598,10.1477003],[-75.6964964,10.1477271],[-75.6966128,10.1473604],[-75.6964276,10.1473043],[-75.6972095,10.1467856],[-75.6973028,10.1466208],[-75.6972036,10.1464941],[-75.6972197,10.1462565],[-75.6975168,10.1460877],[-75.6978473,10.146003],[-75.6980968,10.1460373],[-75.6983115,10.1460997],[-75.698711,10.1460479],[-75.6990919,10.1458763],[-75.6997215,10.1457745],[-75.7004182,10.1450142],[-75.700783,10.1446723],[-75.701011,10.144506],[-75.7012671,10.144349],[-75.7014468,10.1442604],[-75.7016534,10.1442235],[-75.7021227,10.144172],[-75.703167,10.1440953],[-75.7031945,10.1436847],[-75.7034601,10.1426253],[-75.7038826,10.1421752],[-75.7044668,10.1416457],[-75.7045558,10.1414271],[-75.7042924,10.1413083],[-75.7043324,10.1409193],[-75.7041004,10.140995],[-75.7034543,10.1390395],[-75.7025983,10.1366195],[-75.7015124,10.1352813],[-75.7011975,10.1354257],[-75.7000725,10.1345451],[-75.6991287,10.1339347],[-75.6987644,10.1332668],[-75.6984537,10.1332541],[-75.6981675,10.1330463],[-75.6975403,10.1332847],[-75.6966294,10.1327043],[-75.6952404,10.1318433],[-75.6942581,10.1313882],[-75.6930759,10.1312878],[-75.691855,10.1305966],[-75.6912139,10.1307652],[-75.690602,10.1305968],[-75.6875445,10.1311311],[-75.6862248,10.1310926],[-75.6858489,10.131385],[-75.6848227,10.1316119],[-75.6835496,10.1335458],[-75.683138,10.1345127],[-75.682704,10.1355172],[-75.6822991,10.1363005],[-75.6821942,10.1372515],[-75.6820235,10.1373339],[-75.6821119,10.1377323],[-75.6822545,10.1382724],[-75.6824795,10.1383427],[-75.6825654,10.1383422],[-75.6825762,10.1382603],[-75.6824796,10.1381508],[-75.6825141,10.1380956],[-75.6825963,10.1381574],[-75.6826593,10.1381204],[-75.682721,10.138159],[-75.6828524,10.1381626],[-75.682945,10.1380755],[-75.6830173,10.1379861],[-75.6831401,10.1379692],[-75.6832051,10.1379752],[-75.6832648,10.1380148],[-75.6833352,10.1379699],[-75.6834431,10.1379999],[-75.6834988,10.1380313],[-75.6835538,10.1379943],[-75.683535,10.1379567],[-75.6835719,10.1379587],[-75.683578,10.1379349],[-75.6835444,10.1378847],[-75.6836209,10.1378689],[-75.6836893,10.1378181],[-75.6837421,10.1377213],[-75.6837329,10.1376702],[-75.6837307,10.1376104],[-75.6837724,10.1375692],[-75.6838184,10.1375907],[-75.6837744,10.1377131],[-75.6838153,10.1378372],[-75.6839008,10.1380186],[-75.6839816,10.1381072],[-75.6840925,10.1381501],[-75.6842029,10.1381772],[-75.6843508,10.1382292],[-75.6845771,10.1382432],[-75.6848611,10.138159],[-75.685333,10.1378079],[-75.685591,10.1379591],[-75.6859123,10.1379941],[-75.6863208,10.138186],[-75.686661,10.1380348],[-75.6868257,10.138159],[-75.6866226,10.1385047],[-75.6866257,10.1388489],[-75.6862549,10.1388234],[-75.6859459,10.1390178],[-75.6859765,10.1393285],[-75.686244,10.1394879],[-75.6862285,10.1395924],[-75.6863286,10.1396769],[-75.6863366,10.1397429],[-75.6862454,10.1397455],[-75.6862535,10.1397864],[-75.686063,10.139896],[-75.6860107,10.139834],[-75.6859142,10.1398617],[-75.6858945,10.1398039],[-75.6855521,10.1398854],[-75.6855682,10.1399317],[-75.6854984,10.1399515],[-75.6855172,10.1400043],[-75.6854411,10.1400243],[-75.6854273,10.1399713],[-75.6852999,10.1399911],[-75.685257,10.1399964],[-75.685219,10.1400028],[-75.6852,10.1400043],[-75.6851866,10.1400194],[-75.6851866,10.1400465],[-75.6852014,10.1400736],[-75.6852134,10.1400993],[-75.6852074,10.1401257],[-75.6851906,10.1401455],[-75.685147,10.1401614],[-75.6851269,10.1401567],[-75.6851095,10.1401422],[-75.6850847,10.1401409],[-75.6850592,10.1401409],[-75.6850364,10.1401396],[-75.6850243,10.1401303],[-75.685019,10.1401046],[-75.685017,10.140069],[-75.6850109,10.1400406],[-75.6850089,10.1400247],[-75.6849989,10.1400188],[-75.6849841,10.1400241],[-75.6849794,10.1400445],[-75.6849774,10.1400822],[-75.6849821,10.1401191],[-75.6849821,10.1401303],[-75.6849707,10.1401455],[-75.6849499,10.1401528],[-75.6849271,10.1401653],[-75.6849157,10.140166],[-75.6849083,10.1401356],[-75.6849063,10.1401046],[-75.684903,10.1400716],[-75.6848889,10.1400604],[-75.6848587,10.1400637],[-75.6848433,10.1400762],[-75.684846,10.1401138],[-75.6848601,10.1401567],[-75.6848688,10.1401871],[-75.6848661,10.140201],[-75.684846,10.1402115],[-75.6847937,10.1402393],[-75.6847407,10.1402518],[-75.6845824,10.1403158],[-75.6844278,10.1403839],[-75.6843798,10.1403825],[-75.684369,10.1402194],[-75.6843452,10.1402205],[-75.6843555,10.1403659],[-75.6842868,10.1403738],[-75.6842865,10.1403658],[-75.6842263,10.1403662],[-75.6842255,10.1401885],[-75.6841766,10.140192],[-75.6841778,10.1404014],[-75.6840259,10.140436],[-75.6838596,10.1404558],[-75.6836987,10.1404571],[-75.6836852,10.1404795],[-75.6833413,10.1404853],[-75.6832869,10.1406675],[-75.6830281,10.1410709],[-75.682951,10.1411276],[-75.6828826,10.1412794],[-75.6827545,10.1412993],[-75.6827573,10.141238],[-75.682496,10.14125],[-75.682474,10.1413353],[-75.6823999,10.141325],[-75.6824179,10.1412465],[-75.6822905,10.1412611],[-75.6822369,10.1412214],[-75.6822315,10.1411449],[-75.6822784,10.1411422],[-75.6823227,10.1411568],[-75.6823683,10.141129],[-75.6823844,10.1410696],[-75.6823522,10.1410538],[-75.6822932,10.1410274],[-75.6822886,10.1408864],[-75.6823938,10.140898],[-75.6825053,10.1408456],[-75.6826387,10.1407249],[-75.6826277,10.1404116],[-75.6824535,10.1402422],[-75.6822869,10.1402098],[-75.6821211,10.1402382],[-75.6817801,10.1400815],[-75.6811296,10.1401955],[-75.6806467,10.140579],[-75.680526,10.1414487],[-75.6807115,10.1419856],[-75.6805754,10.1420321],[-75.6806302,10.1422644],[-75.6805424,10.1424804],[-75.6802845,10.1425669],[-75.6801216,10.1426724],[-75.6799992,10.1428964],[-75.679851,10.1427937],[-75.679598,10.1429114],[-75.6793833,10.1428802],[-75.6791596,10.1430152],[-75.6790608,10.1431827],[-75.6791651,10.1433285],[-75.6789346,10.1432745],[-75.6790114,10.1430692],[-75.6787041,10.1425399],[-75.6784687,10.1420982],[-75.6785992,10.141863],[-75.6786498,10.1416788],[-75.6786443,10.1414],[-75.6784078,10.1409463],[-75.6780731,10.1405628],[-75.6784901,10.1403521],[-75.6788633,10.1402549],[-75.6792693,10.1405034],[-75.6798071,10.1406222],[-75.6805754,10.1400604],[-75.6809156,10.1396823],[-75.6821009,10.1397795],[-75.6827704,10.1392826],[-75.682636,10.138623],[-75.6821448,10.1383427],[-75.6817159,10.1379517],[-75.6808497,10.1388396],[-75.679851,10.1392934],[-75.6785383,10.1395231],[-75.6780688,10.1396362],[-75.6772522,10.1396154],[-75.6770509,10.1394958],[-75.6754358,10.1391379],[-75.6750187,10.1390162],[-75.6745396,10.1389327],[-75.6742199,10.1384868],[-75.6739236,10.1383023],[-75.6725027,10.1376947],[-75.6718933,10.137876],[-75.6702599,10.137519],[-75.6692981,10.1378551],[-75.6688591,10.1380286],[-75.6684893,10.1383743],[-75.6682039,10.1387864],[-75.6679889,10.1392037],[-75.6677625,10.1393868],[-75.6678562,10.1395237],[-75.6678334,10.1396003],[-75.6677972,10.1397363],[-75.6677154,10.1398392],[-75.6675732,10.1399251],[-75.6675163,10.1399903],[-75.6675719,10.1400967],[-75.6675196,10.1402049],[-75.6675115,10.1403409],[-75.6674163,10.1404558],[-75.6673452,10.1405125],[-75.667301,10.1405693],[-75.6672259,10.1406234],[-75.6670459,10.1406989],[-75.6670475,10.1407475],[-75.6670877,10.1407683],[-75.6670968,10.1408409],[-75.6670794,10.1408637],[-75.6670566,10.1409148],[-75.6670123,10.1409518],[-75.6669027,10.1410092],[-75.6668319,10.1410452],[-75.6668386,10.1411115],[-75.6668125,10.141129],[-75.6668014,10.1411733],[-75.6668202,10.1412109],[-75.6667734,10.1412813],[-75.666728,10.1413205],[-75.6666529,10.1413716],[-75.6665817,10.1413919],[-75.666555,10.1414037],[-75.6658764,10.1420437],[-75.6655408,10.1424712],[-75.6654375,10.1425605],[-75.6654216,10.1425735],[-75.6654063,10.1425859],[-75.6648346,10.1430775],[-75.6648602,10.1431739],[-75.6648046,10.1432678],[-75.6645007,10.1435251],[-75.6641022,10.1437261],[-75.6639884,10.1439053],[-75.663853,10.144007],[-75.6637135,10.1441495],[-75.6635371,10.14426],[-75.6634225,10.1446274],[-75.6632388,10.1448769],[-75.6630163,10.1449723],[-75.66251,10.1455593],[-75.6624006,10.1458287],[-75.6620814,10.1459066],[-75.6620188,10.1460519],[-75.6616375,10.1464976],[-75.6611694,10.1471489],[-75.6608986,10.1472927],[-75.6609361,10.1473535],[-75.660924,10.1474419],[-75.6608865,10.1475264],[-75.6608288,10.1475779],[-75.6607014,10.1476545],[-75.6604721,10.1476637],[-75.6602763,10.1477244],[-75.6601204,10.1478668],[-75.6601006,10.1480677],[-75.6599799,10.1483132],[-75.6598765,10.1483621],[-75.6597788,10.1484335],[-75.6586705,10.1495283],[-75.6576086,10.1502131],[-75.6564792,10.1511904],[-75.6555714,10.1519671],[-75.6549073,10.1529666],[-75.6543855,10.1532662],[-75.6543899,10.1537982],[-75.6539724,10.1545717],[-75.6533056,10.1549998],[-75.6531028,10.1554705],[-75.652418,10.1559469],[-75.6518978,10.1569741],[-75.650781,10.159521],[-75.6503913,10.1600988],[-75.6501243,10.1615909],[-75.649646,10.1631745],[-75.6490361,10.1645608],[-75.6482988,10.1653954],[-75.6472544,10.1671121],[-75.6465666,10.1677182],[-75.6460691,10.1682304],[-75.645397,10.1688469],[-75.6450083,10.1694066],[-75.6445953,10.1699051],[-75.6441406,10.1703759],[-75.6432392,10.1713023],[-75.6424365,10.1720941],[-75.6423514,10.1725708],[-75.6417019,10.1729592],[-75.6413548,10.1736764],[-75.6409247,10.1738712],[-75.6403711,10.1740382],[-75.6402079,10.1743594],[-75.6395339,10.1747905],[-75.6395793,10.1751806],[-75.639352,10.1754705],[-75.6391643,10.1754983],[-75.6390923,10.1758903],[-75.6392461,10.1761134],[-75.6396356,10.176306],[-75.6397538,10.1766562],[-75.639587,10.176898],[-75.6395179,10.1771325],[-75.6396596,10.1773056],[-75.6398945,10.1772082],[-75.6400696,10.1769963],[-75.6401783,10.177449],[-75.6402915,10.1779872],[-75.640782,10.1786074],[-75.6406468,10.1793654],[-75.6410636,10.1797856],[-75.64121,10.1805375],[-75.6412627,10.1809305],[-75.6413625,10.1813075],[-75.6413203,10.1818121],[-75.6407592,10.182287],[-75.6404864,10.1827235],[-75.6401984,10.1830511],[-75.6399211,10.1834651],[-75.6395838,10.1835665],[-75.639195,10.183707],[-75.6390695,10.1839535],[-75.6387184,10.1841231],[-75.6387442,10.184367],[-75.6383187,10.1848267],[-75.6382492,10.1853097],[-75.6382803,10.185954],[-75.6381266,10.1862112],[-75.6380651,10.1867635],[-75.6379533,10.1868135],[-75.6378037,10.1874065],[-75.6376116,10.1879739],[-75.6372551,10.1883575],[-75.6371657,10.1885943],[-75.6369687,10.1886967],[-75.637107,10.1879099],[-75.6373837,10.1869415],[-75.6369687,10.1856402],[-75.6368962,10.1850567],[-75.6368296,10.1846851],[-75.6366969,10.1844333],[-75.6367233,10.1842191],[-75.6366228,10.1841347],[-75.6364355,10.1841836],[-75.6362049,10.1840475],[-75.6362092,10.1839089],[-75.6361016,10.1839121],[-75.6360122,10.1839611],[-75.6358772,10.1839002],[-75.6357004,10.1831436],[-75.6354747,10.1830186],[-75.6350624,10.1829015],[-75.6349394,10.1829923],[-75.6350596,10.1832228],[-75.6351312,10.1832255],[-75.6352688,10.183373],[-75.6353087,10.1834622],[-75.6353233,10.1835718],[-75.6353024,10.1836664],[-75.6352961,10.1837956],[-75.6353786,10.18384],[-75.6353748,10.1839642],[-75.6352503,10.1839124],[-75.6351511,10.1838206],[-75.6350057,10.1838053],[-75.6348767,10.1838172],[-75.6347462,10.1837383],[-75.6348137,10.1835095],[-75.6346978,10.1833285],[-75.6347456,10.1831901],[-75.6347427,10.1828668],[-75.6347063,10.1827697],[-75.6347719,10.1826912],[-75.6347664,10.1826027],[-75.6346831,10.1823503],[-75.6347329,10.1822294],[-75.634765,10.1821842],[-75.6349854,10.1821307],[-75.6351785,10.1820842],[-75.6352372,10.1819999],[-75.6353162,10.1819356],[-75.6354131,10.1819206],[-75.6355399,10.1817452],[-75.6356414,10.1814499],[-75.6355979,10.1811075],[-75.6357063,10.1808325],[-75.6355795,10.1802968],[-75.6356467,10.1802123],[-75.6357545,10.1802127],[-75.6358914,10.180091],[-75.6362682,10.1800625],[-75.6364265,10.1799887],[-75.6365083,10.1798969],[-75.63659,10.17986],[-75.6368357,10.1795426],[-75.637359,10.1793849],[-75.6376851,10.1790853],[-75.6378916,10.1785075],[-75.6381241,10.1780904],[-75.6382721,10.1775553],[-75.6383922,10.1773805],[-75.638326,10.1771286],[-75.6381456,10.1771591],[-75.6378699,10.1772985],[-75.6376724,10.1774888],[-75.6376242,10.1776515],[-75.6376641,10.1779758],[-75.6375289,10.1782301],[-75.637522,10.1784754],[-75.6374075,10.1786404],[-75.6372474,10.1787454],[-75.6371151,10.1789015],[-75.6369676,10.1789676],[-75.636693,10.1790843],[-75.6364784,10.1793956],[-75.6363745,10.1794983],[-75.6362502,10.1795561],[-75.636077,10.1796952],[-75.6359219,10.1798521],[-75.6358748,10.1799355],[-75.6357719,10.179984],[-75.635636,10.1800614],[-75.6354996,10.180205],[-75.6354088,10.1802787],[-75.6354023,10.1807223],[-75.6351414,10.1810326],[-75.6351215,10.181279],[-75.6350797,10.1814046],[-75.6349635,10.181478],[-75.6347585,10.1815562],[-75.6345636,10.1815051],[-75.6343475,10.1815377],[-75.6341559,10.1817429],[-75.6341082,10.1819647],[-75.6339689,10.1820695],[-75.6336675,10.1822019],[-75.6332965,10.182322],[-75.6332532,10.1824123],[-75.6326739,10.182798],[-75.6325143,10.1828049],[-75.6324714,10.1829121],[-75.6323042,10.1829968],[-75.6319594,10.1831185],[-75.631784,10.183276],[-75.6315112,10.1833226],[-75.6312998,10.1836089],[-75.6310692,10.1838824],[-75.6309616,10.1842293],[-75.6308386,10.1842758],[-75.6308232,10.1844978],[-75.6307425,10.1846012],[-75.6307118,10.1849215],[-75.6307592,10.1851112],[-75.6301045,10.1857284],[-75.6295895,10.1860235],[-75.6293128,10.1860462],[-75.6290006,10.1862914],[-75.6289746,10.1866665],[-75.6285288,10.187408],[-75.6281982,10.1878543],[-75.6276905,10.1881176],[-75.6275295,10.1885655],[-75.6269607,10.1889135],[-75.6264841,10.1889967],[-75.6261855,10.1893032],[-75.6257509,10.1893698],[-75.6254516,10.1897784],[-75.6251749,10.1901016],[-75.6249686,10.1902756],[-75.6246255,10.1906745],[-75.6243104,10.190917],[-75.6241656,10.1911615],[-75.6240133,10.1913443],[-75.6238596,10.1916697],[-75.6236275,10.1923884],[-75.6232442,10.1938234],[-75.622783,10.1946139],[-75.6223128,10.1953024],[-75.6221412,10.1956239],[-75.6219106,10.1959114],[-75.6216915,10.1961459],[-75.6210193,10.1968728],[-75.6206045,10.1969995],[-75.6203278,10.1973062],[-75.6193084,10.1974271],[-75.6191701,10.1976446],[-75.61879,10.197594],[-75.6185359,10.1976183],[-75.6184504,10.1976686],[-75.6183195,10.197739],[-75.6181091,10.1977606],[-75.617831,10.1976985],[-75.6174687,10.1977192],[-75.6171668,10.1977296],[-75.6169218,10.1976509],[-75.6167191,10.1977351],[-75.6165357,10.1978046],[-75.6162533,10.1980019],[-75.6160141,10.1980311],[-75.6157406,10.1980324],[-75.6152836,10.1979342],[-75.6149297,10.1980026],[-75.6145465,10.1981985],[-75.6142121,10.1983969],[-75.614011,10.1986151],[-75.6138885,10.1989083],[-75.6136062,10.1989645],[-75.6134892,10.1989021],[-75.6133209,10.1989032],[-75.6130819,10.1989447],[-75.612861,10.1989147],[-75.6126222,10.1988318],[-75.6124118,10.1987272],[-75.6122027,10.1986755],[-75.612087,10.1986455],[-75.6119032,10.1986144],[-75.6115666,10.1985858],[-75.6113099,10.19858],[-75.6103405,10.1984803],[-75.6099026,10.1986108],[-75.6085868,10.1985123],[-75.6079249,10.1987661],[-75.6073673,10.1986211],[-75.6065994,10.1987454],[-75.6057923,10.1987138],[-75.6051527,10.1989837],[-75.6038022,10.1993943],[-75.6031173,10.1998946],[-75.6024196,10.2003865],[-75.6014552,10.2013648],[-75.6009921,10.2024267],[-75.6005696,10.2028473],[-75.6000525,10.2032136],[-75.5996065,10.2035233],[-75.5992715,10.203908],[-75.5988732,10.2042423],[-75.5984107,10.204525],[-75.5977322,10.2049128],[-75.5971052,10.2054041],[-75.596311,10.2059307],[-75.595813,10.2067845],[-75.5951222,10.2075044],[-75.5946278,10.2079911],[-75.5944898,10.2083021],[-75.5943063,10.2087577],[-75.5935968,10.2092334],[-75.5928798,10.2094301],[-75.5920678,10.2098438],[-75.5917418,10.2099253],[-75.5915004,10.2099385],[-75.5914114,10.2099179],[-75.591436,10.2097722],[-75.5914924,10.2097775],[-75.5915158,10.2096347],[-75.5913931,10.2096323],[-75.5913583,10.2097224],[-75.5914038,10.209759],[-75.5912789,10.21025],[-75.5913285,10.2103675],[-75.5912728,10.2104967],[-75.5912682,10.21086],[-75.5909138,10.2110171],[-75.5909827,10.2111555],[-75.5906668,10.2113595],[-75.5906915,10.2114945],[-75.5905456,10.2115731],[-75.5899885,10.2117596],[-75.5895404,10.2118561],[-75.5891364,10.212298],[-75.5888645,10.2129829],[-75.5886223,10.2133436],[-75.588282,10.2136016],[-75.5879916,10.2137148],[-75.5877051,10.2138532],[-75.5874905,10.2140914],[-75.5872972,10.2147144],[-75.5870952,10.2150347],[-75.5871069,10.2151678],[-75.5870855,10.2152945],[-75.5870328,10.215366],[-75.5867532,10.2158396],[-75.5867153,10.2158832],[-75.5866295,10.21587],[-75.5866,10.2158172],[-75.5865437,10.215804],[-75.5865195,10.2158541],[-75.5865946,10.215899],[-75.5866161,10.2158779],[-75.5867422,10.2159756],[-75.5866688,10.2161226],[-75.5865355,10.2162524],[-75.5864555,10.2164109],[-75.5861137,10.216656],[-75.5856822,10.217039],[-75.5856559,10.2172616],[-75.5854988,10.2174535],[-75.5854203,10.2176895],[-75.5852511,10.2178638],[-75.5846574,10.21849],[-75.5835968,10.2189949],[-75.5828666,10.2195659],[-75.582216,10.2196234],[-75.5821368,10.2194045],[-75.5820805,10.2194309],[-75.5821154,10.2194652],[-75.58222,10.2197081],[-75.5816191,10.2198321],[-75.5815843,10.2198268],[-75.5814931,10.2195998],[-75.5815333,10.2195787],[-75.5815114,10.219536],[-75.5814448,10.2195919],[-75.5814743,10.2196183],[-75.5815494,10.2198216],[-75.5815854,10.2199877],[-75.5812571,10.2202906],[-75.5806259,10.2203734],[-75.580185,10.2204414],[-75.580249,10.2206912],[-75.579918,10.2212816],[-75.5795528,10.2216054],[-75.5792372,10.2221541],[-75.5786662,10.2225362],[-75.5783325,10.2230652],[-75.5774525,10.2234521],[-75.5765336,10.2237795],[-75.5761904,10.223913],[-75.5758121,10.2238918],[-75.575408,10.2238313],[-75.5751766,10.2241315],[-75.5748505,10.2242764],[-75.5743695,10.2243677],[-75.5740929,10.2244673],[-75.5738025,10.2247092],[-75.573366,10.2248923],[-75.5729647,10.2249965],[-75.5720061,10.2252681],[-75.5719176,10.2252882],[-75.5719149,10.2253621],[-75.5715711,10.2254362],[-75.5715019,10.2255707],[-75.5713221,10.2257106],[-75.5711907,10.2257898],[-75.5709808,10.2258629],[-75.5707642,10.226088],[-75.5705163,10.2261399],[-75.5701607,10.2261514],[-75.5701098,10.2262913],[-75.5695219,10.2263688],[-75.569281,10.2263546],[-75.5692703,10.2264602],[-75.5689278,10.2265955],[-75.568159,10.2265634],[-75.5683102,10.2269568],[-75.5681813,10.2271412],[-75.5680111,10.2272737],[-75.567434,10.2274651],[-75.5668986,10.2275792],[-75.56647,10.2275556],[-75.5660138,10.2274237],[-75.5651871,10.2273037],[-75.5651557,10.2273735],[-75.5652248,10.2275168],[-75.5644063,10.2277692],[-75.5641902,10.2278249],[-75.5639952,10.2277678],[-75.5623423,10.2279206],[-75.5611037,10.2277641],[-75.5606003,10.2278399],[-75.559513,10.227727],[-75.5587442,10.2280802],[-75.5575583,10.2285274],[-75.5575453,10.2288627],[-75.5570325,10.2293477],[-75.5568704,10.2294984],[-75.5568025,10.2297762],[-75.5565458,10.2298531],[-75.5562934,10.2302189],[-75.5561777,10.2307676],[-75.5561426,10.230957],[-75.5560252,10.2310674],[-75.5558228,10.2312087],[-75.5556575,10.231288],[-75.5554397,10.2313511],[-75.5553626,10.2314815],[-75.5551679,10.2315873],[-75.5550323,10.231676],[-75.5549688,10.2317673],[-75.5548387,10.2318955],[-75.5547494,10.2319115],[-75.5543786,10.2322039],[-75.5540043,10.23243],[-75.5534615,10.2328849],[-75.5529412,10.2335043],[-75.552949,10.2336279],[-75.552839,10.2337481],[-75.5528974,10.234095],[-75.5528739,10.23421],[-75.5528632,10.2343578],[-75.5527291,10.2345056],[-75.5526593,10.2347115],[-75.5525374,10.2348763],[-75.5522892,10.234986],[-75.5521202,10.2349306],[-75.5520293,10.23488],[-75.5512244,10.2358115],[-75.5507117,10.2367176],[-75.5499921,10.2379538],[-75.5485037,10.2402232],[-75.5476481,10.2412737],[-75.5457054,10.2426546],[-75.544431,10.243543],[-75.5432783,10.2440726],[-75.5420962,10.2443462],[-75.5409409,10.2442215],[-75.540004,10.2440207],[-75.5387355,10.2431375],[-75.5373812,10.2425786],[-75.5359614,10.2418263],[-75.5346508,10.240988],[-75.5335805,10.2403646],[-75.5328379,10.2400852],[-75.532816,10.2406871],[-75.5330563,10.2413104],[-75.5327505,10.2418478],[-75.5323136,10.24116],[-75.5324447,10.2407516],[-75.5317675,10.2401282],[-75.5316583,10.2394404],[-75.5305225,10.2390104],[-75.529343,10.238559],[-75.5284911,10.2379357],[-75.5268529,10.2380432],[-75.5259136,10.2375058],[-75.5249088,10.2371189],[-75.524472,10.2368394],[-75.5254767,10.2364955],[-75.5243627,10.2362591],[-75.5237511,10.2365815],[-75.5225498,10.2368179],[-75.5227027,10.2354637],[-75.5241443,10.2348618],[-75.5252583,10.2341955],[-75.5272023,10.2334861],[-75.5277484,10.2336581],[-75.528644,10.2348404],[-75.5291027,10.2348618],[-75.529474,10.234088],[-75.5301512,10.2340235],[-75.5308283,10.2337011],[-75.5314181,10.2329272],[-75.5321826,10.2323469],[-75.5336679,10.2323469],[-75.5342795,10.231917],[-75.5351314,10.2318095],[-75.5350658,10.2325403],[-75.535743,10.2329702],[-75.5365075,10.2323254],[-75.5374249,10.2322824],[-75.5377307,10.231874],[-75.5370317,10.2307777],[-75.5368351,10.2304552],[-75.5380802,10.2301973],[-75.539085,10.2297674],[-75.5401334,10.2302188],[-75.5412911,10.2302618],[-75.5419027,10.2297889],[-75.5423824,10.2292812],[-75.5421983,10.2283035],[-75.5426722,10.228051],[-75.5434036,10.2287227],[-75.5452269,10.2280517],[-75.5460611,10.2289127],[-75.5473478,10.2291732],[-75.5477122,10.2281399],[-75.5469323,10.2271694],[-75.5465624,10.2267727],[-75.5457608,10.2251481],[-75.5449745,10.2248335],[-75.5445098,10.2244608],[-75.5441623,10.2235818],[-75.5444164,10.2225806],[-75.545557,10.2213579],[-75.5459633,10.2193541],[-75.5462461,10.2179061],[-75.5471708,10.2177399],[-75.5479929,10.2182943],[-75.5483802,10.2166519],[-75.5498312,10.2161997],[-75.549694,10.2156856],[-75.5501621,10.215225],[-75.5508665,10.2147207],[-75.5498987,10.2137343],[-75.549004,10.2132759],[-75.5486129,10.2137652],[-75.5484159,10.2140104],[-75.5481397,10.2140826],[-75.5478351,10.2135715],[-75.5475739,10.2131878],[-75.5472726,10.2133484],[-75.5473659,10.2135833],[-75.5455775,10.2168335],[-75.5445455,10.2170606],[-75.5441505,10.2169007],[-75.5436299,10.21636],[-75.5429585,10.2159969],[-75.5424565,10.2162245],[-75.5422013,10.2183272],[-75.5426821,10.2192147],[-75.5430254,10.2208896],[-75.5421628,10.2215988],[-75.5422005,10.2232799],[-75.5415799,10.2240381],[-75.5407643,10.2235263],[-75.5403473,10.2246707],[-75.540809,10.2260814],[-75.5397572,10.2265903],[-75.5386438,10.2267105],[-75.5377482,10.227079],[-75.5368802,10.2271997],[-75.5357448,10.2273426],[-75.5350298,10.2275953],[-75.5338377,10.227578],[-75.5330581,10.2275144],[-75.5315765,10.2273226],[-75.5303889,10.227223],[-75.5295031,10.2268031],[-75.5288465,10.2255332],[-75.5285113,10.223902],[-75.5280718,10.2232909],[-75.5277793,10.2222812],[-75.5273476,10.2213711],[-75.5279721,10.2205267],[-75.5275003,10.2201185],[-75.5264356,10.2208616],[-75.5257846,10.222559],[-75.5242313,10.221034],[-75.5245069,10.2191697],[-75.5246505,10.2170176],[-75.5247189,10.2151256],[-75.5249495,10.2131202],[-75.5247805,10.2105497],[-75.5250749,10.2090721],[-75.5252805,10.2073652],[-75.525128,10.2055643],[-75.5246956,10.2040983],[-75.5244468,10.2024116],[-75.5239611,10.2007482],[-75.5231184,10.1977857],[-75.522914,10.1966068],[-75.5222898,10.1949076],[-75.5217711,10.1929529],[-75.5214112,10.1907992],[-75.5213103,10.1887672],[-75.5216299,10.185511],[-75.5214826,10.1846649],[-75.5220064,10.18366],[-75.5222508,10.1832146],[-75.5225312,10.1828976],[-75.5224527,10.1828481],[-75.5222951,10.1827448],[-75.5223166,10.1825462],[-75.5224308,10.1824288],[-75.5223469,10.1823747],[-75.5221652,10.1823459],[-75.5221822,10.1822611],[-75.5224017,10.1822643],[-75.5225183,10.1820041],[-75.5228661,10.1812218],[-75.523055,10.1807565],[-75.523396,10.1801208],[-75.5236287,10.1789545],[-75.5235837,10.1777747],[-75.5227906,10.177003],[-75.522922,10.1766729],[-75.5229505,10.1763436],[-75.5234582,10.1750757],[-75.5236215,10.1746787],[-75.5236528,10.1744235],[-75.523395,10.1742535],[-75.5230868,10.1743667],[-75.5228416,10.1746093],[-75.5223949,10.174774],[-75.5218203,10.1746441],[-75.5216056,10.1742592],[-75.5212931,10.1739724],[-75.5208984,10.1735843],[-75.5210878,10.1732369],[-75.5214644,10.1730594],[-75.5220255,10.1734891],[-75.5223129,10.1738323],[-75.5226464,10.1741146],[-75.5230284,10.1741161],[-75.5234176,10.1738909],[-75.5236707,10.1737521],[-75.5240268,10.1738891],[-75.5242102,10.1743378],[-75.5248936,10.1745552],[-75.5252673,10.1742815],[-75.5258021,10.1742258],[-75.5264089,10.1739292],[-75.5276358,10.173754],[-75.5289435,10.1739349],[-75.5295029,10.1741206],[-75.5301774,10.1747312],[-75.5325292,10.1756163],[-75.5343772,10.175292],[-75.533562,10.1733471],[-75.5342087,10.172367],[-75.535234,10.1722987],[-75.5347389,10.1740488],[-75.5358525,10.1749928],[-75.5374509,10.1751084],[-75.5389792,10.1762477],[-75.5405,10.1779599],[-75.5402401,10.1779599],[-75.5402401,10.17821],[-75.5397248,10.17821],[-75.53972,10.17821],[-75.53972,10.17847],[-75.53972,10.17925],[-75.5392,10.17925],[-75.5392,10.17899],[-75.53894,10.17899],[-75.53894,10.18002],[-75.5386801,10.18002],[-75.53816,10.1810501],[-75.5369222,10.1806185],[-75.5361507,10.1804179],[-75.5351173,10.1813633],[-75.5351173,10.1821976],[-75.5357952,10.1827719],[-75.5365732,10.1825118],[-75.5369244,10.1837673],[-75.5374166,10.1844908],[-75.5371399,10.1851799],[-75.5371399,10.18544],[-75.53609,10.1859501],[-75.53609,10.18621],[-75.53583,10.18621],[-75.53583,10.18647],[-75.5357801,10.1872899],[-75.53739,10.1871],[-75.5382201,10.1875299],[-75.53817,10.18724],[-75.53843,10.18724],[-75.53895,10.18724],[-75.53895,10.1869799],[-75.53895,10.1867201],[-75.53999,10.1869799],[-75.53999,10.18646],[-75.5402499,10.1861999],[-75.5402499,10.18569],[-75.5407801,10.1859501],[-75.5407801,10.18569],[-75.5407801,10.1851701],[-75.5407801,10.1843999],[-75.5410299,10.1843999],[-75.5410299,10.18414],[-75.5410299,10.1836199],[-75.54129,10.1836199],[-75.54129,10.18337],[-75.54129,10.18311],[-75.54155,10.18311],[-75.5418099,10.18233],[-75.54207,10.18233],[-75.54207,10.1820799],[-75.5423301,10.1820799],[-75.5425899,10.1820799],[-75.5425899,10.1818201],[-75.54285,10.1818201],[-75.5431101,10.1818201],[-75.54342,10.1818499],[-75.5433699,10.18156],[-75.54363,10.18156],[-75.5438901,10.18156],[-75.5439299,10.181],[-75.54363,10.1810401],[-75.5431101,10.18001],[-75.5431101,10.17976],[-75.54284,10.17976],[-75.54284,10.1795001],[-75.54284,10.17925],[-75.54284,10.17898],[-75.54388,10.1787201],[-75.54388,10.17898],[-75.54388,10.17925],[-75.54441,10.1797499],[-75.54441,10.18001],[-75.5449299,10.18001],[-75.5449299,10.1802701],[-75.5455,10.18031],[-75.5454501,10.18001],[-75.5462301,10.1805199],[-75.5466224,10.1805199],[-75.5472195,10.18057],[-75.5472699,10.1794901],[-75.5472699,10.17923],[-75.5472699,10.17898],[-75.5464899,10.1787201],[-75.5464899,10.17846],[-75.54753,10.1789699],[-75.5477901,10.1789699],[-75.5477901,10.17923],[-75.5485701,10.17923],[-75.5492894,10.178343],[-75.5541276,10.1782495],[-75.5511138,10.1770011],[-75.5490796,10.1775843],[-75.5486317,10.17726],[-75.5484231,10.177109],[-75.5481677,10.1767552],[-75.5508837,10.1758428],[-75.5506031,10.1748099],[-75.5475917,10.1745935],[-75.5474042,10.1759825],[-75.5465086,10.1759072],[-75.5455115,10.1758306],[-75.544578,10.1751496],[-75.5450448,10.1744167],[-75.5434644,10.1735757],[-75.5424507,10.1731128],[-75.5420945,10.1720964],[-75.5418326,10.1706279],[-75.541713,10.1692438],[-75.5421192,10.1689773],[-75.5430824,10.1687746],[-75.5430855,10.1672602],[-75.5435909,10.1670069],[-75.5443256,10.164659],[-75.5445542,10.1636755],[-75.5445484,10.1625686],[-75.5447965,10.1614438],[-75.5445838,10.161315],[-75.5444099,10.1612882],[-75.5444891,10.1607122],[-75.5441148,10.1609268],[-75.544017,10.1602548],[-75.5444633,10.1595317],[-75.5437831,10.1596744],[-75.5430738,10.1603616],[-75.5420438,10.1611046],[-75.5417089,10.1621836],[-75.5412729,10.162356],[-75.5410167,10.1626171],[-75.541394,10.1641369],[-75.5413255,10.1649161],[-75.5395731,10.1665119],[-75.5385641,10.1669493],[-75.5375034,10.1670357],[-75.5366838,10.1672961],[-75.5349727,10.164992],[-75.5348555,10.1641771],[-75.5351399,10.1638595],[-75.5346312,10.1630433],[-75.5340448,10.1629412],[-75.533289,10.1638888],[-75.5327146,10.1638672],[-75.5316535,10.1636665],[-75.5321278,10.1629179],[-75.5331087,10.161875],[-75.5332167,10.1616591],[-75.5338524,10.1603888],[-75.5341967,10.1600773],[-75.5345678,10.1600964],[-75.5347073,10.1602337],[-75.5349326,10.159843],[-75.5354262,10.1595578],[-75.5364132,10.1587341],[-75.5367458,10.1581322],[-75.5373315,10.1579013],[-75.5380225,10.1578259],[-75.5382586,10.1582589],[-75.5384946,10.1581005],[-75.5383659,10.1575513],[-75.5390585,10.1573901],[-75.5401942,10.1570916],[-75.5404365,10.156791],[-75.540812,10.1565269],[-75.5413699,10.156453],[-75.5416167,10.1561679],[-75.542186,10.1560031],[-75.5429256,10.1553864],[-75.5435434,10.1545723],[-75.543977,10.1539712],[-75.5442356,10.1533526],[-75.5450094,10.1523005],[-75.5455741,10.1515526],[-75.5463704,10.1506287],[-75.5468156,10.1495084],[-75.5473683,10.1484984],[-75.5476447,10.1474185],[-75.5477831,10.1464545],[-75.5479302,10.1461134],[-75.5480409,10.1458567],[-75.5483238,10.1452005],[-75.5496143,10.1440882],[-75.5508255,10.1432142],[-75.5518632,10.1425282],[-75.5534315,10.1417118],[-75.5552293,10.1411968],[-75.5565267,10.140488],[-75.5571094,10.1389379],[-75.5567136,10.136685],[-75.5567505,10.1345933],[-75.5576057,10.132135],[-75.5580056,10.1304659],[-75.559369,10.1286854],[-75.5611791,10.1269435],[-75.5619395,10.1258507],[-75.5626066,10.1248918],[-75.5635324,10.1234657],[-75.5652094,10.1226622],[-75.4986866,10.1484907],[-75.499682,10.1507027],[-75.5014816,10.1570704],[-75.5021737,10.1602543],[-75.5027275,10.1627461],[-75.5033326,10.1647128],[-75.5038349,10.1663452],[-75.5052192,10.1693907],[-75.5074341,10.1771427],[-75.5090952,10.1832336],[-75.5097874,10.1860022],[-75.5110332,10.1896014],[-75.5121407,10.1932006],[-75.5129713,10.1959692],[-75.5143738,10.1999469],[-75.5139811,10.2004687],[-75.5135296,10.2022923],[-75.513075,10.203448],[-75.5129313,10.2055739],[-75.512633,10.2073969],[-75.5124906,10.2098264],[-75.5123476,10.2121041],[-75.5108254,10.2143878],[-75.5096062,10.2159112],[-75.508842,10.21637],[-75.5070091,10.2177443],[-75.5060944,10.2188109],[-75.5048738,10.2200307],[-75.5030615,10.2217394],[-75.5026072,10.2221042],[-75.5025805,10.2225795],[-75.502382,10.224345],[-75.5023592,10.2257438],[-75.5023514,10.226172],[-75.5023366,10.2269448],[-75.5023211,10.2275662],[-75.5023137,10.2279594],[-75.5022983,10.2285989],[-75.5022754,10.2294633],[-75.5022599,10.2302034],[-75.5023594,10.2318185],[-75.502527,10.234092],[-75.5025955,10.236167],[-75.5027027,10.2379459],[-75.5027406,10.2399229],[-75.5027407,10.2404504],[-75.5028703,10.2411085],[-75.5032446,10.2423101],[-75.5033054,10.2425245],[-75.503435,10.2431746],[-75.5034657,10.2441789],[-75.5034733,10.2444771],[-75.5034993,10.2462683],[-75.5032206,10.2462667],[-75.5026014,10.2462731],[-75.5020992,10.2462753],[-75.5015328,10.2459669],[-75.5008409,10.2456591],[-75.500464,10.2455985],[-75.4998365,10.2456634],[-75.4995248,10.2461622],[-75.4995273,10.2467218],[-75.4992787,10.2472825],[-75.4987776,10.2475334],[-75.4986546,10.2480936],[-75.4986576,10.2487776],[-75.4980312,10.2490912],[-75.4974046,10.2493427],[-75.4968396,10.2493451],[-75.4962765,10.2497828],[-75.4958384,10.2500956],[-75.4948349,10.2502865],[-75.493893,10.2502285],[-75.4932016,10.2500449],[-75.4928238,10.2497979],[-75.4923191,10.2492404],[-75.4918147,10.2487452],[-75.4908728,10.2486871],[-75.4902452,10.248752],[-75.4898691,10.248878],[-75.4892433,10.249316],[-75.4888052,10.2496288],[-75.4883675,10.2500038],[-75.4880552,10.2503782],[-75.4880574,10.2508757],[-75.4877455,10.2513123],[-75.4874971,10.2519351],[-75.4870591,10.2522479],[-75.4866826,10.2523118],[-75.4855532,10.252441],[-75.4850526,10.2528163],[-75.4846132,10.2528182],[-75.4842376,10.2530685],[-75.4834859,10.2534448],[-75.483172,10.2534462],[-75.4824823,10.2536357],[-75.4818575,10.2543224],[-75.4809789,10.2543884],[-75.4806022,10.25439],[-75.4799111,10.2542686],[-75.4790866,10.2542722],[-75.4789286,10.2543732],[-75.4787105,10.25452],[-75.4784966,10.2546727],[-75.4782933,10.2548264],[-75.4782871,10.2548312],[-75.4780819,10.2549955],[-75.4778813,10.2551654],[-75.4776856,10.2553407],[-75.4774947,10.2555213],[-75.4773088,10.2557072],[-75.4771282,10.255898],[-75.4769529,10.2560938],[-75.476783,10.2562944],[-75.4766737,10.2564296],[-75.4759665,10.2566484],[-75.4752773,10.2569623],[-75.4747758,10.257151],[-75.4744,10.2573392],[-75.473963,10.2579006],[-75.4738383,10.2580877],[-75.4735255,10.2583378],[-75.473151,10.2588368],[-75.4724626,10.2593373],[-75.4722753,10.2595868],[-75.4714597,10.2597146],[-75.4710216,10.2600274],[-75.4707089,10.2602775],[-75.4704591,10.2605895],[-75.4701457,10.2607151],[-75.4692679,10.2609676],[-75.4689556,10.261342],[-75.4686423,10.2614677],[-75.4677713,10.2614564],[-75.4671919,10.2612297],[-75.4668428,10.2607728],[-75.4664957,10.2607743],[-75.4656854,10.2606632],[-75.465359,10.2605033],[-75.4652717,10.2605221],[-75.465116,10.2605614],[-75.4649622,10.2606075],[-75.4648107,10.2606606],[-75.4646616,10.2607204],[-75.4645154,10.2607868],[-75.4643723,10.2608597],[-75.4642327,10.2609389],[-75.4640967,10.2610243],[-75.4639647,10.2611158],[-75.463837,10.2612131],[-75.4637137,10.261316],[-75.4635952,10.2614243],[-75.4634816,10.2615379],[-75.4633733,10.2616564],[-75.4632704,10.2617797],[-75.4631731,10.2619074],[-75.4630817,10.2620394],[-75.4629962,10.2621754],[-75.462917,10.262315],[-75.4628441,10.2624581],[-75.4627777,10.2626043],[-75.4627179,10.2627533],[-75.4626648,10.2629049],[-75.4626187,10.2630587],[-75.4625794,10.2632144],[-75.4625472,10.2633717],[-75.4625221,10.2635303],[-75.4625041,10.2636899],[-75.4624933,10.2638501],[-75.4624897,10.2640107],[-75.4624933,10.2641712],[-75.4625041,10.2643314],[-75.4625221,10.264491],[-75.4625472,10.2646496],[-75.4625794,10.2648069],[-75.4626187,10.2649626],[-75.4626648,10.2651164],[-75.4627179,10.265268],[-75.4627777,10.265417],[-75.4628441,10.2655632],[-75.462917,10.2657063],[-75.4629962,10.2658459],[-75.4630817,10.2659819],[-75.4631731,10.2661139],[-75.4632704,10.2662417],[-75.4633733,10.2663649],[-75.4634816,10.2664835],[-75.4635952,10.266597],[-75.4637137,10.2667053],[-75.463837,10.2668082],[-75.4639647,10.2669055],[-75.4640967,10.266997],[-75.4642327,10.2670824],[-75.4643723,10.2671617],[-75.4645154,10.2672346],[-75.4646616,10.267301],[-75.4648107,10.2673607],[-75.4649622,10.2674138],[-75.465116,10.26746],[-75.4652717,10.2674992],[-75.465567,10.2677519],[-75.4659569,10.2678261],[-75.4673924,10.2678423],[-75.4688645,10.2682326],[-75.4699863,10.2687316],[-75.4706041,10.2694283],[-75.470871,10.2704519],[-75.4707417,10.2715415],[-75.4706957,10.2722422],[-75.4705507,10.2746707],[-75.4706807,10.2760959],[-75.4711461,10.2772711],[-75.4713975,10.2776327],[-75.4717793,10.278075],[-75.4727941,10.2784898],[-75.4735489,10.2789181],[-75.4741367,10.27925],[-75.4749073,10.279902],[-75.4754109,10.2806861],[-75.4760742,10.2818401],[-75.4765629,10.2824707],[-75.4768908,10.283233],[-75.477097,10.2839405],[-75.4771655,10.2841978],[-75.4774249,10.2850835],[-75.4775163,10.2856356],[-75.4775852,10.2860013],[-75.4777641,10.2869931],[-75.4778676,10.2875671],[-75.4782029,10.2906635],[-75.4784241,10.292687],[-75.4785006,10.2933567],[-75.4785616,10.2938614],[-75.4786682,10.2947557],[-75.4787755,10.2951495],[-75.4788896,10.2955614],[-75.4790194,10.2958727],[-75.4791947,10.2963024],[-75.4799274,10.2974131],[-75.4806063,10.2984789],[-75.4815522,10.3000678],[-75.4820408,10.301157],[-75.482193,10.30205],[-75.4822008,10.3022511],[-75.4822237,10.3048607],[-75.4822315,10.3055838],[-75.4822389,10.3063576],[-75.4822464,10.3068852],[-75.4822697,10.3091921],[-75.4822775,10.309652],[-75.4822389,10.3109897],[-75.4821941,10.3135066],[-75.4821478,10.3146211],[-75.4822623,10.3162565],[-75.4826384,10.3200113],[-75.4826017,10.3200128],[-75.4823832,10.320014],[-75.4788157,10.3200295],[-75.4781657,10.3197112],[-75.4775174,10.3197943],[-75.4768698,10.3200379],[-75.4766284,10.3204404],[-75.4760622,10.320764],[-75.4751711,10.3209285],[-75.4749282,10.3210098],[-75.4736274,10.3202126],[-75.4725727,10.3200565],[-75.4718429,10.3200597],[-75.4708704,10.3201442],[-75.4697363,10.3203899],[-75.4687641,10.3205547],[-75.4681965,10.3205571],[-75.4673043,10.3204807],[-75.4665732,10.3201627],[-75.4659217,10.3195232],[-75.4655149,10.3192038],[-75.465027,10.3188847],[-75.4638091,10.3184885],[-75.4634023,10.3181691],[-75.4622669,10.3180937],[-75.4618604,10.3178545],[-75.4609678,10.3176978],[-75.4595084,10.317704],[-75.4587784,10.3176269],[-75.4581294,10.3175494],[-75.457075,10.3174736],[-75.4562632,10.3172362],[-75.4556939,10.3168372],[-75.4552043,10.3161166],[-75.4543124,10.3161204],[-75.4537452,10.3162031],[-75.4527733,10.3164481],[-75.4516372,10.3162121],[-75.4512293,10.3156518],[-75.4509837,10.3150908],[-75.4505769,10.3147714],[-75.4497626,10.313972],[-75.4484643,10.3137366],[-75.44749,10.3134196],[-75.4462707,10.3127021],[-75.4457021,10.3124637],[-75.4453771,10.3123045],[-75.4447289,10.3123875],[-75.4441617,10.3124702],[-75.4438384,10.3127124],[-75.4431087,10.3127155],[-75.4424393,10.3129422],[-75.4422814,10.3135792],[-75.4422842,10.3142155],[-75.4638945,10.3275981],[-75.4629379,10.3344555],[-75.4628875,10.3346326],[-75.4624338,10.3485854],[-75.4623752,10.3534214],[-75.4731265,10.3650964],[-75.4736078,10.3655031],[-75.4728583,10.365766],[-75.4713327,10.3668032],[-75.4703987,10.3675733],[-75.4701199,10.3677733],[-75.4700062,10.3678257],[-75.4696959,10.3680608],[-75.4694354,10.3682563],[-75.4692804,10.3683889],[-75.4691147,10.3685394],[-75.4690296,10.3686304],[-75.4689491,10.3687242],[-75.468861,10.368822],[-75.4687771,10.3688835],[-75.468619,10.3689928],[-75.4666238,10.370767],[-75.4663203,10.3710338],[-75.466223,10.3711167],[-75.465751,10.3715191],[-75.4656103,10.3716477],[-75.4652528,10.3720217],[-75.4648555,10.3725002],[-75.4646614,10.372734],[-75.464603,10.3728083],[-75.4641268,10.3734144],[-75.4636341,10.3740413],[-75.4632743,10.3743539],[-75.4617973,10.375439],[-75.4616194,10.3755697],[-75.4615085,10.3756512],[-75.4614454,10.3757102],[-75.4609492,10.3760782],[-75.4604197,10.3764585],[-75.4607363,10.3768076],[-75.4606372,10.3768949],[-75.4595427,10.3779371],[-75.4596662,10.3780758],[-75.4585152,10.3792232],[-75.4583649,10.3792953],[-75.4572551,10.3805253],[-75.457189,10.3804854],[-75.4570611,10.3803981],[-75.4567911,10.3802137],[-75.4565237,10.3800312],[-75.4562482,10.3798536],[-75.4559469,10.3796672],[-75.4556636,10.379492],[-75.4554065,10.3793329],[-75.455376,10.3792969],[-75.4552247,10.3791185],[-75.4551865,10.3790733],[-75.4548892,10.3789202],[-75.4545629,10.3787521],[-75.4542395,10.3785987],[-75.4540645,10.3785156],[-75.4539242,10.3784466],[-75.4536092,10.3782918],[-75.4532829,10.3781314],[-75.4531281,10.3780553],[-75.4516289,10.3773251],[-75.4514972,10.3772746],[-75.4513851,10.3772383],[-75.45137,10.3773212],[-75.4513485,10.3774269],[-75.4512122,10.3780957],[-75.4511759,10.3782736],[-75.451141,10.3784598],[-75.4507113,10.380751],[-75.4506477,10.3810694],[-75.4506283,10.381173],[-75.4506119,10.38126],[-75.4505961,10.3813443],[-75.4505077,10.3818146],[-75.4504587,10.3820757],[-75.4504213,10.3822681],[-75.4503757,10.3825025],[-75.4502878,10.382942],[-75.4501116,10.3838612],[-75.4500897,10.3839735],[-75.450001,10.3844455],[-75.4498492,10.3852527],[-75.4497014,10.3860384],[-75.4495589,10.3867626],[-75.4494189,10.3874935],[-75.4493436,10.3878864],[-75.4493051,10.3880872],[-75.449232,10.3884689],[-75.4490819,10.3892163],[-75.449026,10.3895047],[-75.4486891,10.3907867],[-75.4486388,10.390978],[-75.4482236,10.392488],[-75.4480625,10.3931057],[-75.4479591,10.3935022],[-75.4478723,10.3938352],[-75.4476342,10.3947106],[-75.4474995,10.3952059],[-75.447175,10.3950718],[-75.4468291,10.3949245],[-75.4461442,10.394637],[-75.4444478,10.393925],[-75.4436243,10.3935793],[-75.4423626,10.3929969],[-75.4422519,10.3929508],[-75.4396144,10.391912],[-75.4394621,10.3918274],[-75.4387743,10.3912025],[-75.4382904,10.3907339],[-75.438141,10.3906547],[-75.4380523,10.3906184],[-75.4379596,10.390585],[-75.4378117,10.3905684],[-75.4376606,10.3905589],[-75.4370213,10.3906771],[-75.43646,10.3908498],[-75.4363185,10.3908934],[-75.4353783,10.3912057],[-75.4344624,10.3913367],[-75.4343095,10.3913762],[-75.4342237,10.3914132],[-75.4341486,10.3914659],[-75.4330596,10.3927112],[-75.4324212,10.3933702],[-75.4323569,10.3934116],[-75.4323327,10.3934202],[-75.4322939,10.393434],[-75.4322269,10.3934301],[-75.4321393,10.393409],[-75.4314219,10.3930374],[-75.4312595,10.3930103],[-75.4311591,10.3930114],[-75.4310784,10.3930265],[-75.4309966,10.3930487],[-75.4308843,10.3931027],[-75.4307653,10.3931763],[-75.4306656,10.3932715],[-75.4306239,10.3933202],[-75.4296444,10.3944633],[-75.4294676,10.3945908],[-75.4293005,10.3946503],[-75.4291469,10.3946744],[-75.4289485,10.394655],[-75.4287716,10.3945827],[-75.4286541,10.3944898],[-75.4284546,10.3942737],[-75.4283039,10.3941043],[-75.4282641,10.3940589],[-75.4282197,10.3940232],[-75.4281679,10.3939923],[-75.4281135,10.393966],[-75.4280392,10.3939398],[-75.4279777,10.3939313],[-75.4279129,10.3939307],[-75.4278381,10.3939399],[-75.4275811,10.3940383],[-75.427304,10.3941989],[-75.4272213,10.3942622],[-75.4271646,10.3943167],[-75.4270833,10.3944137],[-75.4266383,10.3950161],[-75.4265109,10.3951259],[-75.4263217,10.3952347],[-75.4248806,10.3956973],[-75.4246997,10.3958816],[-75.4245798,10.3960814],[-75.4243932,10.3967762],[-75.4235789,10.400652],[-75.4233651,10.4016843],[-75.4233288,10.401802],[-75.423284,10.4018986],[-75.4232411,10.4019687],[-75.4231908,10.4020389],[-75.4231236,10.4021249],[-75.423245,10.4022408],[-75.4248398,10.4039426],[-75.4387986,10.4157421],[-75.4363772,10.4175479],[-75.4360718,10.4177751],[-75.434813,10.4185657],[-75.4344237,10.4188068],[-75.4326237,10.4199375],[-75.4318683,10.4203689],[-75.4313344,10.4206762],[-75.4292362,10.4218815],[-75.4289922,10.4220486],[-75.4283282,10.4225089],[-75.4272068,10.4232774],[-75.4264746,10.423781],[-75.4261997,10.4239573],[-75.4253301,10.4244953],[-75.4247962,10.4248275],[-75.4243153,10.4252633],[-75.4234149,10.4260715],[-75.4224004,10.4274236],[-75.4218817,10.4283556],[-75.4212866,10.4294303],[-75.4201421,10.4316212],[-75.4199208,10.4320458],[-75.41854,10.4344886],[-75.4175333,10.4359491],[-75.4174188,10.4361179],[-75.4170677,10.4366255],[-75.4160376,10.4382172],[-75.4157559,10.4389313],[-75.4155573,10.4394518],[-75.4154579,10.439703],[-75.4153134,10.4400708],[-75.41452,10.444843],[-75.4144663,10.4454973],[-75.4144109,10.4467681],[-75.4144055,10.4468917],[-75.4141001,10.4486137],[-75.4136503,10.4508593],[-75.41349,10.4516655],[-75.4131772,10.4526001],[-75.4131091,10.4529231],[-75.4130094,10.4531159],[-75.4129327,10.4533456],[-75.4126354,10.4541107],[-75.4117962,10.4558291],[-75.4112087,10.4570935],[-75.4108122,10.4582046],[-75.4107972,10.4584216],[-75.4107666,10.4588804],[-75.4111019,10.4601433],[-75.4114533,10.4631945],[-75.4115139,10.4636077],[-75.4116059,10.4647168],[-75.4118267,10.4663021],[-75.4122238,10.4678663],[-75.4124983,10.4688074],[-75.4126355,10.4692587],[-75.4127578,10.4696842],[-75.412872,10.4709005],[-75.4128948,10.4711591],[-75.412956,10.4718638],[-75.4129256,10.472091],[-75.412806,10.4730119],[-75.4123917,10.4741517],[-75.4121473,10.4757209],[-75.4116898,10.4776604],[-75.4111631,10.4802182],[-75.4110719,10.4806321],[-75.4106218,10.4828257],[-75.4100875,10.4849294],[-75.4096603,10.4866055],[-75.4093937,10.4876652],[-75.4084553,10.4915228],[-75.4079286,10.4938106],[-75.4073796,10.4954455],[-75.4067998,10.4969335],[-75.406624,10.4976133],[-75.4062503,10.4995197],[-75.4061819,10.4999447],[-75.4060825,10.5009857],[-75.4058306,10.5020069],[-75.4057392,10.5023892],[-75.4051213,10.505136],[-75.4049,10.5059651],[-75.4045876,10.5071312],[-75.4044808,10.5075124],[-75.4042897,10.5082148],[-75.4042364,10.5084206],[-75.4038628,10.5096909],[-75.4035729,10.5106389],[-75.4034813,10.5108641],[-75.4026724,10.5129678],[-75.4019784,10.5140722],[-75.4015662,10.5147337],[-75.4011393,10.5154111],[-75.4004905,10.5167989],[-75.4002463,10.5184348],[-75.400201,10.5187784],[-75.4001319,10.5203886],[-75.3999641,10.5217372],[-75.3999033,10.5222097],[-75.3996821,10.5240149],[-75.3996287,10.5244715],[-75.3992853,10.5257225],[-75.3991546,10.5262095],[-75.3984678,10.5272095],[-75.3974116,10.5285393],[-75.3966861,10.5292489],[-75.3947046,10.5311512],[-75.3934143,10.5318221],[-75.3924425,10.5332252],[-75.3910709,10.5342515],[-75.3902021,10.5348231],[-75.3891318,10.5351455],[-75.3879749,10.5354246],[-75.387607,10.5353046],[-75.3872561,10.5352825],[-75.3870186,10.5353329],[-75.3865608,10.5355895],[-75.3863342,10.5355541],[-75.386068,10.5353923],[-75.3855435,10.5348517],[-75.3850718,10.5345073],[-75.3847433,10.5343289],[-75.384384,10.5342127],[-75.383985,10.5341371],[-75.383709,10.5341491],[-75.3830036,10.5342516],[-75.3826632,10.5342196],[-75.3824751,10.5341151],[-75.3821302,10.5337556],[-75.381315,10.5333716],[-75.3807438,10.5328765],[-75.3805241,10.5327347],[-75.3800597,10.5326007],[-75.3789974,10.5324839],[-75.3782579,10.5324609],[-75.3776103,10.5325116],[-75.3771553,10.5326276],[-75.3758792,10.5330768],[-75.3755059,10.5331405],[-75.3749218,10.5331727],[-75.3745861,10.5331396],[-75.3741956,10.5330591],[-75.3733013,10.5326664],[-75.3729438,10.5325706],[-75.3726985,10.5325802],[-75.3721322,10.5327927],[-75.3719239,10.5328124],[-75.3718151,10.5327367],[-75.3717052,10.5324389],[-75.371624,10.5323448],[-75.3713968,10.5322654],[-75.3711032,10.5322629],[-75.3709185,10.5323289],[-75.3707061,10.5324731],[-75.3703519,10.5327836],[-75.3701181,10.5330503],[-75.3699888,10.5332585],[-75.3698932,10.5334948],[-75.3698336,10.5337501],[-75.3698107,10.534023],[-75.370057,10.5343361],[-75.3703461,10.5345631],[-75.3705487,10.5347619],[-75.3709435,10.5350453],[-75.3713473,10.53537],[-75.3718821,10.5355786],[-75.3720664,10.5357016],[-75.3722089,10.5358722],[-75.3723051,10.5360463],[-75.3723594,10.5362408],[-75.3723846,10.5364861],[-75.3723304,10.5369095],[-75.3721574,10.5373357],[-75.3720153,10.5375131],[-75.3715056,10.5379642],[-75.3713286,10.538267],[-75.3712372,10.5385278],[-75.3712128,10.538766],[-75.3712333,10.5389962],[-75.3714779,10.5395155],[-75.3715518,10.5397962],[-75.3715716,10.5400011],[-75.3715364,10.5402361],[-75.3714442,10.5404902],[-75.3710705,10.5409773],[-75.3709343,10.5412634],[-75.3708634,10.5415134],[-75.3708443,10.5418006],[-75.3708817,10.5420588],[-75.3709832,10.5423043],[-75.3711177,10.5424928],[-75.3714052,10.5425657],[-75.3718314,10.5426886],[-75.3726863,10.5429672],[-75.3735406,10.543286],[-75.3743884,10.5436368],[-75.3756399,10.5442066],[-75.3764664,10.5446189],[-75.3772749,10.5450647],[-75.3776672,10.5453029],[-75.3780433,10.5455491],[-75.3784092,10.5458085],[-75.3787553,10.5460756],[-75.3790896,10.5463561],[-75.3794146,10.5466522],[-75.3797282,10.5469589],[-75.3806857,10.5479643],[-75.3810083,10.5482888],[-75.3813203,10.5485769],[-75.3816452,10.5488427],[-75.3819578,10.5490618],[-75.3822845,10.5492534],[-75.3826466,10.5494232],[-75.3830223,10.5495579],[-75.3836642,10.5501185],[-75.3839267,10.5506107],[-75.3839267,10.5510865],[-75.3838775,10.5514474],[-75.3838611,10.551874],[-75.3836806,10.5521037],[-75.3834017,10.5523662],[-75.3830735,10.5525467],[-75.3827454,10.5525795],[-75.3824008,10.5525795],[-75.3821727,10.5524669],[-75.382066,10.5524684],[-75.381646,10.5523767],[-75.3814903,10.5523838],[-75.3813549,10.552443],[-75.3809296,10.5527279],[-75.3807799,10.5527517],[-75.3803102,10.552746],[-75.3799093,10.5529241],[-75.3797721,10.5529573],[-75.3795162,10.5529347],[-75.3789927,10.552782],[-75.3782111,10.5524746],[-75.3778879,10.5523868],[-75.3771223,10.5523186],[-75.3767929,10.5523403],[-75.3765007,10.5523991],[-75.3762141,10.5525192],[-75.37576,10.5528752],[-75.3755594,10.5529886],[-75.3753563,10.5530347],[-75.3747511,10.5530677],[-75.3743926,10.5531863],[-75.3741511,10.5533238],[-75.3739331,10.5535495],[-75.3738173,10.553773],[-75.3738142,10.5539146],[-75.3739022,10.554337],[-75.3738631,10.5545751],[-75.3737929,10.5547445],[-75.3736537,10.5549059],[-75.3734733,10.5550262],[-75.3732747,10.5550872],[-75.3730349,10.555139],[-75.372726,10.555206],[-75.3722941,10.5552763],[-75.3720814,10.5553669],[-75.37191,10.5554794],[-75.3717936,10.5556327],[-75.3716346,10.5560626],[-75.3715335,10.5562248],[-75.3713796,10.5563485],[-75.3708834,10.5566355],[-75.3704577,10.5570916],[-75.3702923,10.5572279],[-75.3700008,10.5573562],[-75.3693513,10.5574999],[-75.3690904,10.5575886],[-75.3689284,10.5576597],[-75.3685013,10.557891],[-75.3679902,10.5582426],[-75.367591,10.5586161],[-75.3670756,10.5592107],[-75.3664801,10.5600946],[-75.3662633,10.5603717],[-75.3661797,10.560448],[-75.3655117,10.5609962],[-75.365392,10.5611907],[-75.3652944,10.5614318],[-75.3652331,10.5616857],[-75.3652144,10.5619238],[-75.3654278,10.5627006],[-75.3654181,10.5628677],[-75.3653313,10.5632442],[-75.3653329,10.5634052],[-75.3653939,10.56354],[-75.3656146,10.563839],[-75.3656534,10.5639792],[-75.3656119,10.5640967],[-75.3655072,10.564245],[-75.3653973,10.5643316],[-75.3661989,10.5653568],[-75.3664769,10.566396],[-75.3664932,10.5675691],[-75.3659789,10.5684887],[-75.365997,10.5697921],[-75.3667832,10.57012],[-75.3661596,10.570666],[-75.3653992,10.5711219],[-75.3650842,10.5713906],[-75.3649301,10.5716007],[-75.3648787,10.5717702],[-75.3648018,10.5722787],[-75.3645056,10.5729867],[-75.3644412,10.5737423],[-75.3642957,10.5742297],[-75.3641565,10.5745284],[-75.3640104,10.5747577],[-75.3635489,10.5751333],[-75.363423,10.5752813],[-75.363369,10.5754523],[-75.3633655,10.5758584],[-75.3633336,10.5760227],[-75.3632487,10.5761678],[-75.3629925,10.576466],[-75.3629203,10.5766092],[-75.3628952,10.576761],[-75.3629073,10.5769394],[-75.3630962,10.5777281],[-75.3630746,10.5780977],[-75.3630011,10.5784478],[-75.3628891,10.5787558],[-75.3627249,10.5790638],[-75.3625147,10.5793544],[-75.3620784,10.5795345],[-75.3618778,10.5796004],[-75.361705,10.5796009],[-75.3612895,10.5795387],[-75.3611107,10.5795603],[-75.360989,10.5796316],[-75.3608772,10.5797543],[-75.3605351,10.5803828],[-75.3603444,10.580617],[-75.3598595,10.5810417],[-75.3592292,10.5814615],[-75.3590009,10.5815787],[-75.3588102,10.5816192],[-75.35866,10.5815962],[-75.3582099,10.5814487],[-75.3579512,10.5814451],[-75.3577219,10.5814778],[-75.3574988,10.5815847],[-75.3571079,10.5819471],[-75.3569258,10.582065],[-75.3566951,10.5821291],[-75.3561454,10.582191],[-75.3559239,10.5822637],[-75.3555534,10.582496],[-75.3550559,10.5829342],[-75.3546884,10.5833135],[-75.3543563,10.5837306],[-75.3532094,10.5843913],[-75.351028,10.5841604],[-75.3496338,10.5838665],[-75.3484255,10.5845904],[-75.3472782,10.585434],[-75.3466323,10.5862502],[-75.3466406,10.5863208],[-75.3467096,10.5865162],[-75.3478526,10.5894144],[-75.3484096,10.5908981],[-75.3487463,10.5918937],[-75.3488911,10.5923808],[-75.3490173,10.5928653],[-75.3491189,10.5933333],[-75.3491976,10.5937984],[-75.3492503,10.5942515],[-75.349278,10.5947006],[-75.3492794,10.5951672],[-75.3492525,10.5956272],[-75.3491947,10.5960936],[-75.3491063,10.5965498],[-75.3489873,10.5969924],[-75.3488371,10.5974213],[-75.3486625,10.5978188],[-75.3484582,10.5981998],[-75.3482386,10.5985412],[-75.3479929,10.5988648],[-75.347721,10.5991705],[-75.347426,10.5994577],[-75.3470853,10.5997481],[-75.3467254,10.6000211],[-75.3463353,10.6002903],[-75.3455312,10.6007952],[-75.3443248,10.6015114],[-75.3435182,10.6020075],[-75.3431316,10.6022638],[-75.3427576,10.6025317],[-75.342414,10.6028023],[-75.3420886,10.6030881],[-75.3417966,10.603378],[-75.3415261,10.6036833],[-75.3412647,10.6040236],[-75.341031,10.6043795],[-75.340816,10.6047702],[-75.3406349,10.6051741],[-75.3404901,10.6055885],[-75.3403829,10.6060117],[-75.3403181,10.6064199],[-75.3402909,10.6068316],[-75.3403002,10.6072074],[-75.3403422,10.6075822],[-75.3404164,10.6079558],[-75.340519,10.608326],[-75.340663,10.6087405],[-75.3408277,10.6091525],[-75.3413607,10.6104204],[-75.3415133,10.6108362],[-75.3416414,10.6112366],[-75.3417529,10.6116433],[-75.3418513,10.6120698],[-75.3419354,10.612501],[-75.3421555,10.6139207],[-75.3422833,10.6147447],[-75.3424491,10.6156278],[-75.3426518,10.616508],[-75.3428943,10.6173828],[-75.3431755,10.6182456],[-75.343492,10.6190918],[-75.3438427,10.619932],[-75.344398,10.621206],[-75.3445669,10.6216249],[-75.3447203,10.6220464],[-75.3448473,10.622451],[-75.344952,10.622859],[-75.3450302,10.6232639],[-75.3450826,10.623671],[-75.3451092,10.6241032],[-75.3451062,10.624535],[-75.345072,10.6249783],[-75.3450066,10.6254179],[-75.3449105,10.6258503],[-75.3447839,10.6262755],[-75.3446323,10.6266786],[-75.3444528,10.6270718],[-75.3442572,10.6274341],[-75.3440382,10.6277856],[-75.3437914,10.6281331],[-75.3435246,10.6284696],[-75.3432273,10.6288112],[-75.3429156,10.6291446],[-75.3412563,10.6307929],[-75.3406181,10.6314622],[-75.3403074,10.6318071],[-75.3400276,10.6321424],[-75.33998,10.6320529],[-75.3398529,10.6320096],[-75.3396651,10.6320272],[-75.3390562,10.6321999],[-75.3387574,10.6323318],[-75.3386046,10.6324566],[-75.338321,10.6328037],[-75.3381781,10.632908],[-75.3379927,10.6329586],[-75.3373851,10.6330128],[-75.3371429,10.6331502],[-75.3370612,10.6332747],[-75.336785,10.633532],[-75.336486,10.6337185],[-75.336166,10.6338338],[-75.335816,10.633881],[-75.3356744,10.6338659],[-75.335537,10.6338009],[-75.3350907,10.6333996],[-75.3349066,10.6332908],[-75.3347482,10.633275],[-75.3343984,10.6333659],[-75.3341499,10.6333111],[-75.3340761,10.6331786],[-75.3340541,10.6327576],[-75.334244,10.6319887],[-75.3342698,10.6317284],[-75.3341951,10.6313952],[-75.334067,10.6311448],[-75.3338664,10.6309533],[-75.3333363,10.6306063],[-75.3331321,10.6304345],[-75.3330029,10.6302544],[-75.3328928,10.6299107],[-75.3328051,10.6298198],[-75.3326078,10.6297706],[-75.3322029,10.6299396],[-75.3320349,10.6299466],[-75.331716,10.6297443],[-75.3313144,10.6296824],[-75.3309612,10.6297507],[-75.3304995,10.6299699],[-75.330132,10.6302306],[-75.3298102,10.6305531],[-75.3295464,10.630935],[-75.3293381,10.6313979],[-75.3292925,10.6316112],[-75.3292534,10.6321093],[-75.3292051,10.6322895],[-75.3291018,10.632426],[-75.328932,10.632519],[-75.3285389,10.6325813],[-75.3272517,10.632586],[-75.3257286,10.6324331],[-75.3251232,10.6324372],[-75.3247216,10.6325164],[-75.3240715,10.6328172],[-75.3239074,10.6328235],[-75.3235543,10.632737],[-75.3233136,10.6327482],[-75.3230468,10.6328213],[-75.3222463,10.6331315],[-75.3212963,10.6332213],[-75.3208096,10.6333721],[-75.32042,10.6335647],[-75.3200803,10.6337934],[-75.3198213,10.6340308],[-75.3195566,10.6343583],[-75.319485,10.634531],[-75.3194715,10.6346335],[-75.3179763,10.6341926],[-75.3165557,10.6334215],[-75.3144405,10.6334036],[-75.3127515,10.6336124],[-75.3105101,10.6346655],[-75.3086878,10.635434],[-75.3072851,10.6359644],[-75.3064946,10.6365795],[-75.305973,10.6370108],[-75.3060144,10.6375241],[-75.306,10.6379895],[-75.3059307,10.6384147],[-75.3057419,10.6390132],[-75.3055377,10.6395237],[-75.3052636,10.6400862],[-75.3049154,10.6407025],[-75.3044145,10.6415008],[-75.303689,10.6425156],[-75.3030442,10.6437271],[-75.3028322,10.643993],[-75.3022451,10.6446209],[-75.3020207,10.6449559],[-75.3019557,10.6451429],[-75.3019423,10.6453242],[-75.3020241,10.6457076],[-75.3020994,10.645807],[-75.3021015,10.6461423],[-75.30201,10.6465859],[-75.3018088,10.6470615],[-75.3015498,10.6474447],[-75.3011314,10.6479297],[-75.300418,10.648502],[-75.3002093,10.6487031],[-75.2999794,10.6490268],[-75.299821,10.6493353],[-75.2996854,10.6498176],[-75.2996593,10.6503027],[-75.2997068,10.6505816],[-75.2999246,10.6510997],[-75.2999696,10.6515288],[-75.299915,10.6516853],[-75.2996155,10.6518827],[-75.2995688,10.6519886],[-75.2996144,10.652116],[-75.2997141,10.6522685],[-75.300096,10.6525089],[-75.3001565,10.6526246],[-75.3001082,10.6527716],[-75.2999673,10.6529883],[-75.2996144,10.6532464],[-75.2995249,10.6533601],[-75.2995167,10.6535094],[-75.2996153,10.6538864],[-75.2995956,10.654027],[-75.2993399,10.6543059],[-75.2992507,10.6546086],[-75.2991657,10.6547316],[-75.2983543,10.6553005],[-75.2976092,10.6557132],[-75.2958421,10.6565664],[-75.2954695,10.6567023],[-75.2947993,10.656827],[-75.294503,10.6569402],[-75.2940266,10.6572751],[-75.2934822,10.6578316],[-75.2932029,10.6583099],[-75.2929351,10.6586304],[-75.2923975,10.6596105],[-75.2922257,10.6598227],[-75.2916534,10.6604112],[-75.2915241,10.6606164],[-75.2914503,10.6608337],[-75.2913994,10.6612527],[-75.2914019,10.6618775],[-75.2914941,10.6623395],[-75.29181,10.6633215],[-75.2919132,10.6637522],[-75.2919441,10.664041],[-75.2919396,10.664418],[-75.2918796,10.6647027],[-75.2916882,10.6649225],[-75.2909815,10.6654483],[-75.2905851,10.6656706],[-75.2895244,10.6661825],[-75.2890075,10.6665316],[-75.2887722,10.6667728],[-75.288443,10.667228],[-75.2883247,10.6675021],[-75.2882591,10.667829],[-75.288205,10.6681897],[-75.2881059,10.6684133],[-75.2879371,10.6685991],[-75.2874675,10.6689912],[-75.2873043,10.6692044],[-75.287215,10.6695384],[-75.2872048,10.6699017],[-75.2872931,10.6702348],[-75.2874952,10.670607],[-75.2876956,10.6708717],[-75.28816,10.6712886],[-75.2883481,10.6716357],[-75.2888359,10.6729696],[-75.2889451,10.6733528],[-75.2889954,10.6738971],[-75.2889476,10.6743669],[-75.2889465,10.6744872],[-75.2889521,10.6747373],[-75.2889159,10.6750137],[-75.2889168,10.6752348],[-75.2889551,10.675511],[-75.2892359,10.6758599],[-75.2894045,10.6761172],[-75.2894427,10.6763381],[-75.289444,10.6766697],[-75.2894632,10.6768354],[-75.2896131,10.6770375],[-75.2898558,10.6772023],[-75.2900426,10.6773306],[-75.2902108,10.6774773],[-75.2903603,10.6775872],[-75.2904541,10.6777711],[-75.2905479,10.6779365],[-75.2905863,10.6782127],[-75.2906062,10.6785442],[-75.2906076,10.6789127],[-75.2905346,10.6792814],[-75.2903687,10.6797058],[-75.2902023,10.680038],[-75.2900544,10.6802965],[-75.2898323,10.6806474],[-75.2897213,10.6808505],[-75.2895737,10.6812011],[-75.2895374,10.6814407],[-75.2895573,10.6816725],[-75.2896798,10.6818275],[-75.2897279,10.6819941],[-75.2897148,10.6824208],[-75.2896717,10.6826621],[-75.289298,10.6836419],[-75.2887509,10.6847284],[-75.2886571,10.6850077],[-75.2886118,10.6852681],[-75.2885979,10.6855207],[-75.2886085,10.6857183],[-75.2886754,10.6863258],[-75.2889152,10.6873177],[-75.2890101,10.6873794],[-75.2890471,10.6877743],[-75.2890011,10.6882014],[-75.2887797,10.6890383],[-75.2887169,10.6893877],[-75.2886455,10.6904242],[-75.2886853,10.6912033],[-75.2887641,10.6916112],[-75.2889121,10.6920834],[-75.2890402,10.6923641],[-75.2892266,10.692644],[-75.2895668,10.6930091],[-75.2902858,10.6935113],[-75.2907168,10.6939134],[-75.2908219,10.6939556],[-75.2909781,10.6941386],[-75.2910588,10.6942179],[-75.2911287,10.6944056],[-75.2911332,10.69453],[-75.2910842,10.6946616],[-75.2907589,10.6948552],[-75.2906316,10.695013],[-75.2905434,10.6951875],[-75.2905227,10.6958024],[-75.2902546,10.6963446],[-75.29018,10.6966339],[-75.2901516,10.6970032],[-75.2901818,10.6973948],[-75.2903046,10.6979036],[-75.2905726,10.6982623],[-75.2909712,10.6986178],[-75.2919044,10.6992289],[-75.2922603,10.6995095],[-75.2925454,10.6998472],[-75.2927445,10.7002819],[-75.2928227,10.7005657],[-75.2928277,10.7007919],[-75.2925835,10.7016385],[-75.2924945,10.7024547],[-75.2924907,10.7031706],[-75.2923006,10.7037837],[-75.2932314,10.7032904],[-75.2934538,10.7031839],[-75.2936508,10.7030896],[-75.293886,10.7029861],[-75.2940954,10.7029592],[-75.294272,10.7029365],[-75.2943962,10.7029029],[-75.2945767,10.7027366],[-75.2956117,10.7024635],[-75.2958417,10.7021622],[-75.2969281,10.7018419],[-75.2971547,10.7015407],[-75.2976339,10.7014277],[-75.2977584,10.7010133],[-75.2982637,10.7003917],[-75.2991193,10.6998268],[-75.3003153,10.6994339],[-75.3015152,10.6991206],[-75.3034354,10.6985188],[-75.3124116,10.6957964],[-75.3198234,10.6939979],[-75.326576,10.6926417],[-75.3316555,10.6918156],[-75.3374437,10.6912573],[-75.3414298,10.690991],[-75.3549719,10.690617],[-75.3571377,10.6907488],[-75.3584323,10.6903245],[-75.3647087,10.687321],[-75.3674017,10.6864357],[-75.3696634,10.6862568],[-75.3723388,10.6857125],[-75.3749343,10.6853245],[-75.3768701,10.685042],[-75.3792181,10.6841473],[-75.3831857,10.6838648],[-75.3848628,10.6835164],[-75.3863099,10.6829796],[-75.3907971,10.6824693],[-75.3929859,10.6824074],[-75.3932847,10.6824501],[-75.3934146,10.6826183],[-75.3933965,10.6827498],[-75.3934981,10.6827864],[-75.3937149,10.6828684],[-75.3939047,10.6827398],[-75.394064,10.6826432],[-75.3943215,10.6826166],[-75.3943552,10.6825551],[-75.3943283,10.6824934],[-75.3944062,10.6822171],[-75.3943012,10.6819773],[-75.3943827,10.681917],[-75.3947416,10.681681],[-75.3950127,10.6816377],[-75.3954125,10.6814379],[-75.3955142,10.6813281],[-75.3955014,10.6812198],[-75.3953007,10.6809951],[-75.395273,10.6807826],[-75.3953719,10.6803758],[-75.3951855,10.6794169],[-75.3951657,10.6790263],[-75.3950872,10.678418],[-75.3951151,10.6772846],[-75.3954308,10.6750589],[-75.3955698,10.6747105],[-75.395657,10.6743384],[-75.396164,10.6726951],[-75.3964371,10.6716921],[-75.3964326,10.6712949],[-75.3962473,10.671527],[-75.3961198,10.6713098],[-75.3959335,10.6713528],[-75.3958691,10.6718559],[-75.3957251,10.6718722],[-75.3958216,10.6730146],[-75.3955438,10.6721355],[-75.3954015,10.6726417],[-75.3953405,10.6735806],[-75.3950898,10.6734674],[-75.3951311,10.6729344],[-75.3955027,10.6712636],[-75.3956848,10.6705149],[-75.3962854,10.669038],[-75.3970136,10.6678976],[-75.3975971,10.6671277],[-75.3989439,10.6651878],[-75.3992145,10.6642868],[-75.3999089,10.6630459],[-75.4014791,10.6613277],[-75.4047114,10.6593164],[-75.4095481,10.6556372],[-75.4109361,10.6549187],[-75.4116452,10.6540993],[-75.4135129,10.6532949],[-75.4148696,10.6529115],[-75.4154297,10.6526946],[-75.4157076,10.6527146],[-75.4160908,10.6525928],[-75.416575,10.6514625],[-75.4167105,10.6505102],[-75.4172721,10.6490206],[-75.41833,10.6473536],[-75.4199824,10.6453235],[-75.4205485,10.6441432],[-75.4212332,10.6434716],[-75.4223986,10.6427338],[-75.4270128,10.6406893],[-75.4285623,10.6396583],[-75.4301284,10.6384398],[-75.4314049,10.6377479],[-75.4334617,10.636935],[-75.4346788,10.6366148],[-75.4368735,10.6359084],[-75.440036,10.6348535],[-75.441761,10.6342224],[-75.4429262,10.6332689],[-75.4444453,10.6318308],[-75.446639,10.6305584],[-75.4480191,10.6300875],[-75.4486876,10.6298702],[-75.4493128,10.62956],[-75.4500568,10.6290218],[-75.4510762,10.6285899],[-75.4516277,10.6278487],[-75.4520441,10.6274219],[-75.452485,10.6269227],[-75.4526939,10.6263677],[-75.4526671,10.6255569],[-75.4525626,10.6246277],[-75.4524562,10.6238143],[-75.4523702,10.622702],[-75.4524787,10.621162],[-75.4527875,10.6189892],[-75.4533167,10.6178809],[-75.4539226,10.6168706],[-75.4544334,10.6162996],[-75.4547858,10.6160799],[-75.4551035,10.6159591],[-75.4549417,10.6159],[-75.4554635,10.6150408],[-75.4555716,10.6144312],[-75.4555109,10.6136687],[-75.455467,10.6131402],[-75.455294,10.6126896],[-75.4558554,10.6090885],[-75.4563477,10.6069989],[-75.4565946,10.6058632],[-75.4566415,10.605324],[-75.4570284,10.6037722],[-75.4574341,10.6021957],[-75.4576115,10.600881],[-75.4584895,10.5981761],[-75.4590243,10.5959869],[-75.4602993,10.5932893],[-75.4611871,10.5920245],[-75.4618976,10.59093],[-75.464473,10.5890662],[-75.4688772,10.5859415],[-75.4705219,10.5850731],[-75.4722454,10.5840243],[-75.4730073,10.5834967],[-75.4759027,10.5820437],[-75.4816405,10.5797429],[-75.4876858,10.5780563],[-75.4921235,10.5771007],[-75.4944759,10.5766907],[-75.4947537,10.5766774],[-75.4949232,10.5768706],[-75.4951536,10.5767906],[-75.4953704,10.5765908],[-75.4996735,10.5761911],[-75.5018081,10.5760978],[-75.5021808,10.5762644],[-75.5024519,10.5763177],[-75.502655,10.5761641],[-75.5029273,10.5758234],[-75.5034346,10.5755194],[-75.504804,10.5749882],[-75.5053646,10.574929],[-75.5056854,10.5749619],[-75.505816,10.5749244],[-75.5062127,10.5747308],[-75.5069002,10.5741505],[-75.5079594,10.5739387],[-75.5084898,10.5736997],[-75.5085905,10.5735192],[-75.5096303,10.5731792],[-75.5103466,10.5731002],[-75.5108887,10.5730602],[-75.51149,10.5727804],[-75.5116003,10.5726139],[-75.5122697,10.572152],[-75.5126354,10.5714378],[-75.5130034,10.5709412],[-75.5138456,10.5699082],[-75.513965,10.5692769],[-75.5138363,10.5681342],[-75.51382,10.5677201],[-75.51382,10.56721],[-75.5138501,10.5671625],[-75.5138025,10.5666301],[-75.513768,10.566307],[-75.513768,10.5660266],[-75.51381,10.56566],[-75.51381,10.56515],[-75.5138578,10.5650821],[-75.5140821,10.5645583],[-75.514581,10.5638016],[-75.5148135,10.5635844],[-75.515,10.5633718],[-75.5151079,10.5632564],[-75.5152253,10.5631052],[-75.5154357,10.5628543],[-75.5155323,10.5626235],[-75.5154564,10.562413],[-75.5154874,10.5620605],[-75.5155185,10.5616595],[-75.5155634,10.5613819],[-75.5157177,10.5610606],[-75.5158232,10.5609449],[-75.5158231,10.560818],[-75.515756,10.5606998],[-75.5155404,10.5605863],[-75.5152088,10.5604031],[-75.5147555,10.5600778],[-75.5142682,10.559784],[-75.51406,10.5596678],[-75.5134857,10.5591003],[-75.5132129,10.5587654],[-75.5128802,10.558253],[-75.5126643,10.557849],[-75.5124969,10.5575657],[-75.5123103,10.5572633],[-75.5121651,10.5570648],[-75.5120573,10.5569068],[-75.5118357,10.5567875],[-75.5117297,10.5567261],[-75.5115719,10.5567071],[-75.5114016,10.5567885],[-75.5109722,10.5566535],[-75.510663,10.556458],[-75.51041,10.5563901],[-75.5101407,10.5562861],[-75.5098763,10.5562115],[-75.5094623,10.5560689],[-75.5091032,10.5559583],[-75.5081018,10.5553708],[-75.5070528,10.5545037],[-75.5066447,10.5541646],[-75.5062399,10.553983],[-75.5055749,10.5536211],[-75.5052112,10.5534306],[-75.5046126,10.5533388],[-75.5042033,10.5532128],[-75.5038884,10.5529871],[-75.5033085,10.5528574],[-75.5029373,10.5529433],[-75.5025853,10.5525858],[-75.5023439,10.5526195],[-75.5018048,10.5511803],[-75.5014347,10.5494875],[-75.501234,10.5488557],[-75.5008601,10.5485535],[-75.5006838,10.5478062],[-75.5003549,10.5473036],[-75.4997422,10.5465356],[-75.4993202,10.5458137],[-75.4989028,10.5450792],[-75.4986143,10.5444565],[-75.4983893,10.5439451],[-75.4982419,10.5436277],[-75.4980997,10.5432218],[-75.4976638,10.5422116],[-75.49736,10.54146],[-75.4972869,10.541373],[-75.4971787,10.5411517],[-75.4971001,10.5409401],[-75.4969973,10.5406888],[-75.4968616,10.5403203],[-75.4966248,10.5399008],[-75.4964577,10.5396697],[-75.4963844,10.5394579],[-75.4963702,10.5392851],[-75.4962719,10.5390733],[-75.4961201,10.5386674],[-75.4960404,10.5385661],[-75.4959233,10.5384173],[-75.4957464,10.5378789],[-75.4956829,10.537444],[-75.4955755,10.537184],[-75.4954698,10.5369544],[-75.495428,10.5362436],[-75.4952878,10.5353381],[-75.4952474,10.535089],[-75.4952357,10.5347025],[-75.4951881,10.5340207],[-75.4952322,10.5335607],[-75.4953374,10.5330519],[-75.4953023,10.5324506],[-75.4953296,10.5315566],[-75.4954103,10.5308054],[-75.4954688,10.5304775],[-75.495522,10.5299563],[-75.4955493,10.5294239],[-75.4955638,10.5291671],[-75.4956067,10.5288648],[-75.4957231,10.5283175],[-75.4959925,10.5274471],[-75.4960649,10.5271624],[-75.4960902,10.5264854],[-75.4961659,10.526054],[-75.49633,10.5255581],[-75.4963735,10.5253395],[-75.496416,10.5251296],[-75.4965069,10.5249464],[-75.4965337,10.5247268],[-75.4965535,10.524668],[-75.4966009,10.5245276],[-75.4966088,10.5243063],[-75.4966792,10.5239721],[-75.4968373,10.5235324],[-75.496944,10.5231327],[-75.4970063,10.5228218],[-75.497117,10.5225232],[-75.4971991,10.5220801],[-75.4973295,10.5214145],[-75.4973809,10.5211913],[-75.4974315,10.5209543],[-75.497479,10.5207281],[-75.4975264,10.5205519],[-75.497561,10.5203964],[-75.4976084,10.5201987],[-75.4976787,10.52002],[-75.497734,10.5196087],[-75.4978645,10.5191919],[-75.4979544,10.5189277],[-75.4980177,10.5186565],[-75.4980888,10.5185013],[-75.4981394,10.5182837],[-75.4983073,10.5178885],[-75.4984073,10.5176398],[-75.4985475,10.5174049],[-75.4988044,10.5167837],[-75.4990566,10.5162941],[-75.4991694,10.5160457],[-75.499224,10.5159019],[-75.4992872,10.5158034],[-75.4993078,10.5157217],[-75.499344,10.515673],[-75.4994026,10.5155941],[-75.4994216,10.5154697],[-75.4995046,10.5153651],[-75.499653,10.5150114],[-75.4997478,10.5148174],[-75.4998585,10.5146703],[-75.5000807,10.5142917],[-75.5003648,10.5137417],[-75.5004314,10.5135468],[-75.5005281,10.5133534],[-75.5006248,10.513151],[-75.5007496,10.5129941],[-75.5008608,10.5128258],[-75.5009659,10.5126499],[-75.5010578,10.5124093],[-75.5011931,10.5121299],[-75.5013818,10.5118561],[-75.501487,10.5116008],[-75.5015873,10.5114012],[-75.5017411,10.511135],[-75.5018813,10.5108703],[-75.5022083,10.5107508],[-75.5023243,10.5106272],[-75.5022035,10.5102992],[-75.502123,10.5102456],[-75.5021461,10.5101648],[-75.5019182,10.5101043],[-75.50174,10.5100101],[-75.501595,10.5099496],[-75.5015213,10.5098831],[-75.5013956,10.5098559],[-75.5013387,10.5097513],[-75.5011948,10.5095945],[-75.500982,10.5094297],[-75.5009347,10.5093347],[-75.5008621,10.5092414],[-75.5007932,10.5089705],[-75.5007854,10.5088612],[-75.5007282,10.5087581],[-75.5006979,10.508606],[-75.5006496,10.5083794],[-75.5006364,10.5081369],[-75.5006267,10.5079957],[-75.5006325,10.5078581],[-75.5006218,10.5077421],[-75.5006325,10.5075733],[-75.500654,10.5073847],[-75.500662,10.5072726],[-75.5006808,10.507059],[-75.5006996,10.5068428],[-75.5007532,10.5064841],[-75.50078,10.5062969],[-75.5009061,10.5058353],[-75.5009839,10.5056165],[-75.5010644,10.5053712],[-75.5011207,10.5051259],[-75.5011896,10.5048392],[-75.5013862,10.5045459],[-75.5015398,10.5042892],[-75.5016897,10.5040766],[-75.5019846,10.5036932],[-75.5021625,10.5034413],[-75.5021361,10.5031925],[-75.5021554,10.5028213],[-75.5022222,10.5025313],[-75.5021745,10.5024321],[-75.5022373,10.5022467],[-75.5025074,10.5014255],[-75.5024736,10.501251],[-75.5023862,10.5012302],[-75.5019744,10.5011321],[-75.5017859,10.5010532],[-75.5015656,10.5008298],[-75.5012414,10.500481],[-75.5012001,10.50021],[-75.5011092,10.5000959],[-75.500941,10.4994252],[-75.500999,10.4991338],[-75.5009858,10.4988296],[-75.501032,10.4987707],[-75.5007709,10.4986703],[-75.5008062,10.4984462],[-75.5008522,10.4982187],[-75.5009471,10.4978776],[-75.5010326,10.4976959],[-75.5012605,10.4975587],[-75.5009574,10.4975152],[-75.5008805,10.4974827],[-75.500844,10.4974369],[-75.5008096,10.4973802],[-75.50078,10.4973512],[-75.5007532,10.4973169],[-75.5007049,10.4972668],[-75.5005279,10.4971033],[-75.5003965,10.4969793],[-75.5002436,10.4968475],[-75.5000532,10.4967314],[-75.4998386,10.4966048],[-75.4996428,10.4964572],[-75.4993705,10.4962857],[-75.4992619,10.4961842],[-75.4991774,10.496146],[-75.4990822,10.4961143],[-75.4989897,10.4960919],[-75.4989293,10.4960695],[-75.4988931,10.4960312],[-75.4988489,10.4959693],[-75.4987939,10.4959271],[-75.4987437,10.4959079],[-75.4986481,10.4958305],[-75.4985266,10.495719],[-75.4984393,10.4955908],[-75.4983637,10.4954927],[-75.4982576,10.4953728],[-75.4979758,10.4950673],[-75.4977344,10.4948365],[-75.4975162,10.4946354],[-75.4971536,10.494361],[-75.4967907,10.4940352],[-75.4964368,10.4937034],[-75.4960701,10.4933477],[-75.495708,10.4929759],[-75.4953942,10.492633],[-75.4949078,10.4921237],[-75.4946794,10.4918972],[-75.4944633,10.4917047],[-75.4943005,10.4915804],[-75.4941118,10.4914284],[-75.4939271,10.49131],[-75.4937554,10.4911455],[-75.4936476,10.4910419],[-75.4935798,10.4909576],[-75.4935345,10.4909227],[-75.4934793,10.4908736],[-75.4934103,10.4908044],[-75.4933872,10.4907757],[-75.4933363,10.4907031],[-75.4932667,10.4906468],[-75.493127,10.4905463],[-75.4929518,10.4904126],[-75.4927602,10.4902462],[-75.4926208,10.4900154],[-75.4924558,10.489691],[-75.4923472,10.4894233],[-75.4923043,10.4892677],[-75.4922828,10.4891253],[-75.4922788,10.4890297],[-75.4922788,10.4889446],[-75.4922774,10.4888985],[-75.4922761,10.4888365],[-75.4922774,10.4887877],[-75.4922721,10.488702],[-75.4922681,10.4886097],[-75.4922667,10.4885266],[-75.4922587,10.4884356],[-75.492252,10.4883262],[-75.4922117,10.4881191],[-75.4921728,10.4879794],[-75.4921299,10.4878554],[-75.4920656,10.4877433],[-75.4919864,10.4876536],[-75.4918731,10.4874881],[-75.4918865,10.4871855],[-75.4920508,10.4871196],[-75.492201,10.4870141],[-75.4922587,10.4869508],[-75.492323,10.4868413],[-75.4924102,10.4866673],[-75.4924531,10.4864945],[-75.4924904,10.4861381],[-75.4924962,10.485815],[-75.4925268,10.4855329],[-75.4925096,10.4852554],[-75.4926278,10.484909],[-75.4926787,10.4847055],[-75.4927682,10.4844688],[-75.4928301,10.4842265],[-75.4929061,10.4840514],[-75.4930888,10.4836331],[-75.493287,10.4830897],[-75.4933015,10.482868],[-75.4934169,10.4826415],[-75.4935309,10.4823932],[-75.4938676,10.4816525],[-75.4939547,10.4814161],[-75.494038,10.4812069],[-75.4941444,10.4809709],[-75.4941782,10.4808634],[-75.4942641,10.4806638],[-75.4943414,10.4804418],[-75.494501,10.480161],[-75.4945724,10.4799375],[-75.4946594,10.4796827],[-75.4947416,10.4794703],[-75.494818,10.4792802],[-75.4952883,10.4783056],[-75.4954652,10.4780489],[-75.4955329,10.4778506],[-75.4958952,10.4771173],[-75.4960647,10.4767484],[-75.4962326,10.4763594],[-75.4965022,10.4758365],[-75.4966182,10.4756575],[-75.4967525,10.4754721],[-75.4968347,10.4753322],[-75.4969305,10.4751896],[-75.497003,10.4750248],[-75.497084,10.4748489],[-75.4971855,10.4746892],[-75.4972484,10.4745575],[-75.4973247,10.4744007],[-75.497431,10.4742325],[-75.4976437,10.4740252],[-75.4978447,10.473749],[-75.4979559,10.4734896],[-75.4981047,10.4733375],[-75.498672,10.4724257],[-75.4988726,10.4721033],[-75.5000191,10.4703578],[-75.5011474,10.4686991],[-75.5015217,10.4681199],[-75.5031513,10.4660772],[-75.5048676,10.4642529],[-75.5063949,10.4621901],[-75.5082589,10.4600943],[-75.5088138,10.4596281],[-75.511203,10.4572553],[-75.5114155,10.457416],[-75.5116747,10.4574767],[-75.5119139,10.4574263],[-75.5126115,10.4569991],[-75.5131256,10.4564128],[-75.513112,10.4563374],[-75.5130232,10.4563272],[-75.5119507,10.4572876],[-75.5117354,10.4573592],[-75.5115186,10.4573356],[-75.5112384,10.4571614],[-75.5107134,10.4565908],[-75.5110799,10.456181],[-75.5110894,10.4561668],[-75.5111388,10.4561199],[-75.511379,10.4559129],[-75.5116852,10.4556902],[-75.5119784,10.4554488],[-75.5120611,10.4554329],[-75.5123926,10.4557388],[-75.5124425,10.4558695],[-75.5125507,10.4558579],[-75.5125902,10.4558282],[-75.5125744,10.4557427],[-75.5122895,10.455454],[-75.5122306,10.4553656],[-75.5124917,10.4550266],[-75.5126417,10.454807],[-75.5134093,10.4540149],[-75.5136476,10.4538172],[-75.513839,10.453635],[-75.5142038,10.4533525],[-75.5145112,10.45322],[-75.5148282,10.4533359],[-75.5146758,10.4534559],[-75.5147131,10.4535024],[-75.515136,10.4531292],[-75.515092,10.453107],[-75.5149971,10.4531964],[-75.514999,10.4529894],[-75.5150092,10.4529145],[-75.5150422,10.4528481],[-75.5151938,10.452697],[-75.5155191,10.4526408],[-75.5153844,10.4527917],[-75.5154269,10.4528509],[-75.515883,10.4523743],[-75.5158561,10.4523606],[-75.5158241,10.4523443],[-75.5156852,10.4524892],[-75.5156826,10.4522588],[-75.5157313,10.4521361],[-75.5158058,10.4520196],[-75.5163306,10.4518065],[-75.5165321,10.4517492],[-75.5167308,10.4516633],[-75.517058,10.4515373],[-75.5173929,10.4512837],[-75.5176758,10.4510695],[-75.5177937,10.4509764],[-75.5179935,10.450836],[-75.5181773,10.4506819],[-75.5187801,10.4513286],[-75.5188147,10.4512835],[-75.5188402,10.4512502],[-75.5185051,10.450827],[-75.5190612,10.4502221],[-75.5196545,10.4498171],[-75.5197839,10.449713],[-75.5198866,10.4495602],[-75.5199881,10.4495275],[-75.5201963,10.4497647],[-75.5202462,10.4498526],[-75.5203605,10.4499547],[-75.5203824,10.4499404],[-75.5204166,10.449918],[-75.5204124,10.4498567],[-75.5202877,10.4497259],[-75.5199922,10.4494091],[-75.5199752,10.4493438],[-75.5200071,10.4492837],[-75.5208123,10.4486052],[-75.5213356,10.4482178],[-75.5220494,10.4477734],[-75.5224734,10.4482528],[-75.5225129,10.4482213],[-75.5225661,10.448179],[-75.5221769,10.4476851],[-75.522541,10.4472767],[-75.5229821,10.4468874],[-75.5237565,10.4463215],[-75.524008,10.4461197],[-75.5241299,10.4460292],[-75.5242118,10.4461171],[-75.5244705,10.4464368],[-75.5246101,10.4465016],[-75.5246209,10.4463618],[-75.5243647,10.4461012],[-75.5241928,10.4458838],[-75.524193,10.4458282],[-75.5242199,10.4457808],[-75.5242839,10.4456974],[-75.5244106,10.4455],[-75.5245169,10.4453742],[-75.5249264,10.4450613],[-75.5251242,10.444941],[-75.5253993,10.4447044],[-75.5259907,10.4443394],[-75.5264314,10.4448897],[-75.5264847,10.4448422],[-75.5264884,10.4447511],[-75.5260625,10.4442368],[-75.5261313,10.444107],[-75.5266381,10.4435907],[-75.5269508,10.4434128],[-75.5272046,10.4432568],[-75.5273594,10.4429834],[-75.5276477,10.4427869],[-75.527916,10.4426471],[-75.5279816,10.4426082],[-75.5285261,10.4432314],[-75.5285738,10.4432241],[-75.5286133,10.4431964],[-75.5286187,10.4431384],[-75.5280957,10.4425474],[-75.5280749,10.4425159],[-75.5280849,10.4424743],[-75.52827,10.4422672],[-75.5285946,10.4419705],[-75.528793,10.4418227],[-75.5293536,10.441501],[-75.5297601,10.4412657],[-75.5297856,10.4412616],[-75.5298094,10.4412634],[-75.5302911,10.441832],[-75.5303474,10.4418267],[-75.5303903,10.4417859],[-75.5303863,10.4417173],[-75.5299283,10.4411752],[-75.5299076,10.4411445],[-75.529699,10.4408448],[-75.5296969,10.4408145],[-75.5297077,10.4407808],[-75.530735,10.4397442],[-75.5307864,10.4397137],[-75.5308195,10.4397044],[-75.5311635,10.440048],[-75.5311775,10.4400487],[-75.5311863,10.4400427],[-75.5311863,10.4400315],[-75.5308527,10.4396788],[-75.5308704,10.4396478],[-75.5323121,10.4387583],[-75.5323532,10.4387503],[-75.5328311,10.4392206],[-75.5328442,10.4392189],[-75.5328546,10.4392077],[-75.5328539,10.4391936],[-75.5323878,10.4387156],[-75.5324206,10.4386719],[-75.5339054,10.4378872],[-75.5339482,10.437872],[-75.5340052,10.4378865],[-75.5343647,10.4382578],[-75.5343872,10.4382605],[-75.5343979,10.4382479],[-75.5343942,10.4382262],[-75.5340783,10.4378265],[-75.534077,10.4378014],[-75.5340817,10.4377803],[-75.5355737,10.4370446],[-75.5356816,10.4370568],[-75.5359687,10.4374063],[-75.5359887,10.4374084],[-75.5359988,10.4373979],[-75.5359934,10.4373708],[-75.5357657,10.4370808],[-75.5358328,10.4370232],[-75.5377229,10.4359643],[-75.5382719,10.4356708],[-75.5386212,10.4356616],[-75.5388578,10.4357325],[-75.5391278,10.4358522],[-75.5392131,10.4360126],[-75.5390338,10.4360903],[-75.5390277,10.4361478],[-75.5390967,10.4361267],[-75.5392082,10.4360868],[-75.539575,10.4358546],[-75.539537,10.4358091],[-75.5393019,10.4359656],[-75.5392692,10.4358526],[-75.539248,10.4357185],[-75.539251,10.4355692],[-75.5392873,10.4354409],[-75.5393819,10.4353009],[-75.5394979,10.4352085],[-75.5396024,10.4351423],[-75.5397185,10.4350895],[-75.5398423,10.4350631],[-75.5399825,10.4350555],[-75.5400879,10.4350661],[-75.5402596,10.4351072],[-75.5403975,10.4351827],[-75.5405335,10.4352732],[-75.5401684,10.4354772],[-75.5401815,10.435497],[-75.5401998,10.4355081],[-75.5402255,10.4355056],[-75.5407304,10.4352235],[-75.5412679,10.4359944],[-75.5413183,10.4360131],[-75.5413656,10.4359982],[-75.5413919,10.4359786],[-75.5414045,10.4359484],[-75.5413991,10.4359237],[-75.5413808,10.4359005],[-75.5408641,10.4351141],[-75.5410984,10.4349782],[-75.5410924,10.4349047],[-75.5408313,10.4350735],[-75.5408714,10.434583],[-75.540899,10.434512],[-75.540964,10.4344543],[-75.5411539,10.434397],[-75.5412629,10.4343852],[-75.5414691,10.4344015],[-75.54169,10.4344349],[-75.5417788,10.4344779],[-75.5413972,10.4347116],[-75.5414169,10.43475],[-75.5414541,10.4347535],[-75.5422895,10.4342985],[-75.5422495,10.434242],[-75.5419582,10.4343865],[-75.5420123,10.4341997],[-75.5420174,10.4339577],[-75.5420814,10.4337824],[-75.5421442,10.433647],[-75.5422213,10.433544],[-75.5423136,10.4334525],[-75.5425107,10.4333882],[-75.5427289,10.4333943],[-75.5428957,10.4334195],[-75.5430456,10.4334677],[-75.5432255,10.4335338],[-75.543358,10.4336226],[-75.5429343,10.4338771],[-75.5429399,10.4339215],[-75.5434302,10.4336781],[-75.5438393,10.4333927],[-75.5438256,10.4333576],[-75.5435071,10.4335458],[-75.5434664,10.4333585],[-75.5434829,10.4332056],[-75.5435584,10.4329146],[-75.5436854,10.4327433],[-75.5438438,10.4326472],[-75.5439712,10.4326231],[-75.5441444,10.4326318],[-75.5443455,10.4326727],[-75.5445053,10.4327607],[-75.5445967,10.4328323],[-75.5446473,10.4329407],[-75.54435,10.4330737],[-75.5443785,10.4331349],[-75.5449583,10.432845],[-75.5455459,10.4337364],[-75.545596,10.4337638],[-75.5456354,10.4337414],[-75.5456662,10.4336998],[-75.5456655,10.4336565],[-75.5451982,10.4329596],[-75.544948,10.432571],[-75.5448895,10.4324802],[-75.5449209,10.4322423],[-75.5449662,10.4321146],[-75.5450318,10.4320393],[-75.5451443,10.4319732],[-75.5452747,10.4319308],[-75.5453843,10.4319082],[-75.545492,10.4318926],[-75.5456306,10.4318946],[-75.5457659,10.4319216],[-75.5459155,10.4319691],[-75.5460003,10.4320317],[-75.5460596,10.4320869],[-75.546126,10.4321822],[-75.5458066,10.4323781],[-75.5458457,10.4324239],[-75.5461603,10.4322671],[-75.5464202,10.4321211],[-75.5467137,10.4319274],[-75.5466736,10.4318839],[-75.5463234,10.4320764],[-75.5461822,10.4319019],[-75.5461655,10.4318311],[-75.5461591,10.4317602],[-75.5461658,10.4317084],[-75.5461854,10.4316566],[-75.5463215,10.4315679],[-75.5466035,10.4313087],[-75.5467581,10.4311233],[-75.5468605,10.4310198],[-75.5469142,10.4309911],[-75.5469853,10.4309829],[-75.5470807,10.430979],[-75.5474591,10.4314104],[-75.5472228,10.4315841],[-75.5472646,10.4316348],[-75.5477363,10.4312659],[-75.5476815,10.4312187],[-75.5475239,10.4313513],[-75.5471425,10.430912],[-75.5471746,10.4307674],[-75.5472698,10.4306073],[-75.5474004,10.4304287],[-75.5474286,10.4303813],[-75.5475578,10.4302424],[-75.5477093,10.4300984],[-75.5480927,10.4298258],[-75.5483767,10.4296906],[-75.5485112,10.4296347],[-75.5486069,10.4295858],[-75.5487132,10.4295413],[-75.5488976,10.4294851],[-75.5490309,10.4294217],[-75.5491114,10.4293547],[-75.5491732,10.4292995],[-75.5492418,10.429233],[-75.5493094,10.4291528],[-75.5493947,10.4290183],[-75.5494627,10.4288957],[-75.5495272,10.4287808],[-75.5496623,10.4286694],[-75.5498632,10.4285322],[-75.5499852,10.4283915],[-75.550139,10.4282955],[-75.5505332,10.42808],[-75.5509659,10.4278459],[-75.5511211,10.4277574],[-75.5513503,10.4275685],[-75.5516561,10.4272904],[-75.5519035,10.4270638],[-75.5520842,10.4269214],[-75.5523091,10.4267342],[-75.5526413,10.4264576],[-75.5531471,10.4261051],[-75.5537948,10.4256769],[-75.553905,10.4255661],[-75.5540015,10.4254752],[-75.5541655,10.4252282],[-75.5544228,10.4248514],[-75.5545665,10.4246413],[-75.5546841,10.4243696],[-75.5547223,10.424278],[-75.5547399,10.4241524],[-75.5547384,10.4240085],[-75.554605,10.4236158],[-75.5541315,10.4223712],[-75.5540838,10.4221967],[-75.55406,10.4220197],[-75.5540728,10.4218454],[-75.5543609,10.4218864],[-75.5543668,10.4218434],[-75.5543193,10.4218174],[-75.5540659,10.421783],[-75.5539835,10.4217599],[-75.5539231,10.4217074],[-75.5538505,10.4215667],[-75.5537579,10.4213591],[-75.5535179,10.420708],[-75.5534867,10.4205748],[-75.5534798,10.4204775],[-75.553506,10.4204649],[-75.5535371,10.420462],[-75.5535912,10.4204648],[-75.5536433,10.4204806],[-75.553774,10.4205233],[-75.5538007,10.4204773],[-75.5534892,10.4203785],[-75.55316,10.4194366],[-75.5530554,10.419096],[-75.5530628,10.4190624],[-75.5532458,10.4190627],[-75.5532977,10.4191026],[-75.5533246,10.4191033],[-75.5533433,10.4190792],[-75.5533389,10.4190276],[-75.5530046,10.4189896],[-75.5526573,10.4181447],[-75.5529009,10.418126],[-75.5529248,10.4181194],[-75.5529434,10.4181057],[-75.552939,10.4180853],[-75.552903,10.4180593],[-75.5526328,10.4180845],[-75.5521925,10.4170134],[-75.5523785,10.4170316],[-75.5523966,10.4170094],[-75.5523755,10.4169721],[-75.5521608,10.4169446],[-75.5516035,10.4155283],[-75.5514694,10.415169],[-75.5514309,10.4148966],[-75.5514079,10.4146371],[-75.5514466,10.4141695],[-75.5515435,10.4132789],[-75.5516289,10.412754],[-75.5518059,10.4116955],[-75.5531757,10.4118788],[-75.5532839,10.4119046],[-75.5533348,10.4118608],[-75.5533403,10.4117853],[-75.5533244,10.411752],[-75.5533022,10.4117346],[-75.5532748,10.4117254],[-75.5532263,10.4117281],[-75.5522404,10.4116165],[-75.5521407,10.4113481],[-75.552099,10.4110162],[-75.5521023,10.4107542],[-75.5521286,10.4104891],[-75.552228,10.410045],[-75.5523498,10.4097593],[-75.5524597,10.4095617],[-75.552561,10.4094102],[-75.5527488,10.4092498],[-75.5529778,10.4090446],[-75.5531919,10.4088277],[-75.5537345,10.4081754],[-75.5545656,10.4087372],[-75.5545968,10.4087302],[-75.5546246,10.4087091],[-75.5546325,10.4086781],[-75.5546245,10.4086488],[-75.5536723,10.407993],[-75.5541697,10.4070911],[-75.5541698,10.4069483],[-75.5546416,10.4063134],[-75.5553594,10.4054552],[-75.5557467,10.4050257],[-75.556094,10.4047133],[-75.5572335,10.4056578],[-75.5572908,10.4056725],[-75.5573298,10.4056435],[-75.557339,10.4056002],[-75.5573303,10.405556],[-75.5562462,10.4046844],[-75.5563848,10.404504],[-75.556503,10.4043585],[-75.5565043,10.4043426],[-75.5564976,10.4043256],[-75.5564818,10.4043192],[-75.5564662,10.4043316],[-75.5562813,10.404509],[-75.5561807,10.4044408],[-75.5561594,10.4041674],[-75.5562216,10.4039935],[-75.556375,10.4037011],[-75.5570905,10.4030951],[-75.5574674,10.4034521],[-75.5574985,10.403474],[-75.5575173,10.4034544],[-75.5575091,10.4034202],[-75.5571838,10.4030642],[-75.5586098,10.4019892],[-75.5588865,10.4023163],[-75.5589085,10.4023191],[-75.5589328,10.4023033],[-75.5589389,10.402278],[-75.5586003,10.4018526],[-75.5597279,10.400971],[-75.5610881,10.3999458],[-75.5612446,10.4001732],[-75.5612811,10.400182],[-75.5613176,10.4001714],[-75.5613366,10.4001522],[-75.5613506,10.4001214],[-75.5613321,10.4000963],[-75.5611836,10.3998796],[-75.561563,10.3996651],[-75.5624411,10.3992105],[-75.5626486,10.3996239],[-75.5626708,10.399643],[-75.5626963,10.3996422],[-75.5627018,10.3996188],[-75.5626959,10.3995971],[-75.5624543,10.3990892],[-75.5636726,10.3986048],[-75.5642318,10.3983346],[-75.5645653,10.3980582],[-75.5653107,10.3990174],[-75.5653485,10.3990465],[-75.5653741,10.399035],[-75.5653901,10.399013],[-75.5653975,10.3989723],[-75.564547,10.3978772],[-75.5644954,10.3978116],[-75.5644375,10.397735],[-75.5646345,10.3976515],[-75.5648803,10.3975367],[-75.565701,10.3970773],[-75.56637,10.3966323],[-75.5663336,10.39657],[-75.56581,10.3969182],[-75.5652654,10.3972367],[-75.5651327,10.3972517],[-75.5648036,10.3971116],[-75.5643984,10.3967145],[-75.5638444,10.395909],[-75.5636935,10.3958416],[-75.5635384,10.395737],[-75.5634896,10.3956873],[-75.5635332,10.395629],[-75.5633089,10.3952834],[-75.5631376,10.3950497],[-75.5629319,10.3948184],[-75.5627996,10.3944806],[-75.5626375,10.3942338],[-75.5624441,10.3942098],[-75.5621725,10.3939964],[-75.5620736,10.3939284],[-75.5618585,10.3938241],[-75.5616957,10.3937536],[-75.5615958,10.393688],[-75.5615241,10.393617],[-75.5615275,10.3933937],[-75.5615249,10.3933682],[-75.5615121,10.393361],[-75.5614908,10.3933749],[-75.5614836,10.3935622],[-75.5614683,10.3935314],[-75.5614202,10.3935634],[-75.5613485,10.3935353],[-75.561192,10.3934535],[-75.5611167,10.3933689],[-75.5610679,10.3933121],[-75.5610688,10.3932804],[-75.5610431,10.3932536],[-75.5610268,10.3932111],[-75.5610131,10.3931784],[-75.5609639,10.3931232],[-75.5609577,10.3930479],[-75.5609591,10.3929941],[-75.5609612,10.3929186],[-75.5609515,10.3928752],[-75.5609249,10.3928674],[-75.5608975,10.39289],[-75.560895,10.3929326],[-75.5608997,10.3930812],[-75.5608981,10.3931299],[-75.5607164,10.3931129],[-75.5605816,10.3930993],[-75.5604858,10.3930857],[-75.5604931,10.3930228],[-75.5605067,10.3928528],[-75.5604553,10.3928407],[-75.5604421,10.3929788],[-75.5604277,10.3930834],[-75.5604259,10.3931423],[-75.5603176,10.3931215],[-75.5602367,10.3931063],[-75.5601695,10.3931044],[-75.5601163,10.3930952],[-75.5600447,10.3930665],[-75.5600791,10.3927645],[-75.5600329,10.3927634],[-75.5599951,10.3930234],[-75.5598473,10.3930131],[-75.5597372,10.3929862],[-75.5595656,10.3929839],[-75.5595626,10.3929273],[-75.5595706,10.3928644],[-75.5595873,10.3926494],[-75.5595639,10.3926287],[-75.5595413,10.3926338],[-75.5595335,10.3927879],[-75.5595213,10.3928382],[-75.5594856,10.392841],[-75.5594306,10.3928032],[-75.559267,10.3927562],[-75.5591024,10.3926604],[-75.558958,10.3925775],[-75.5589102,10.3925321],[-75.5589486,10.3921651],[-75.5589156,10.3921642],[-75.5588818,10.3922003],[-75.5588558,10.3924637],[-75.5588372,10.3925542],[-75.5588279,10.3926243],[-75.5588128,10.3927379],[-75.558804,10.3928369],[-75.5587909,10.3928828],[-75.5587612,10.3929564],[-75.5587194,10.3930261],[-75.5586931,10.3930818],[-75.5586143,10.3931453],[-75.5585493,10.393269],[-75.5584461,10.3933504],[-75.5582953,10.3934376],[-75.5580579,10.3935823],[-75.557946,10.3937598],[-75.5578689,10.3938215],[-75.5577895,10.3938714],[-75.5577567,10.393857],[-75.5576291,10.3938075],[-75.5575571,10.3937775],[-75.5574877,10.3937733],[-75.5574291,10.3938027],[-75.5576566,10.3938846],[-75.5577218,10.3939081],[-75.5577086,10.3939609],[-75.5576783,10.3940204],[-75.5576275,10.3941254],[-75.5575973,10.3942242],[-75.5575135,10.3942952],[-75.5573689,10.3943607],[-75.5571967,10.3944239],[-75.5569851,10.3944541],[-75.5567133,10.3944951],[-75.5564634,10.394506],[-75.5557275,10.394475],[-75.5551835,10.3943735],[-75.5550038,10.3942687],[-75.5547746,10.394135],[-75.5546274,10.3940491],[-75.5544524,10.3939458],[-75.5542368,10.3938005],[-75.5539581,10.3937174],[-75.5536257,10.3936543],[-75.5533415,10.3935576],[-75.5531694,10.3934949],[-75.5530751,10.393487],[-75.5529924,10.3934399],[-75.5528839,10.3933969],[-75.5527367,10.3933703],[-75.5525712,10.3934893],[-75.5523528,10.393342],[-75.552162,10.3931651],[-75.5520679,10.3930345],[-75.5519227,10.3929601],[-75.5517526,10.3929502],[-75.5515977,10.3928767],[-75.5514553,10.3927513],[-75.5513128,10.392621],[-75.5511752,10.3924905],[-75.551038,10.3923636],[-75.5509975,10.3923109],[-75.5508472,10.3923471],[-75.5506923,10.3922942],[-75.5504109,10.39217],[-75.5502649,10.3920791],[-75.5501215,10.3920049],[-75.5501509,10.3919257],[-75.550103,10.3919056],[-75.5500764,10.3919738],[-75.5500533,10.3920172],[-75.5500222,10.3919863],[-75.5499603,10.3919577],[-75.5499047,10.3919148],[-75.5498196,10.3918476],[-75.5497236,10.3917751],[-75.5496308,10.3917173],[-75.5494745,10.3916409],[-75.5494999,10.391597],[-75.5495147,10.3915453],[-75.5495046,10.391507],[-75.5494616,10.3915341],[-75.5494395,10.391569],[-75.5494205,10.3916063],[-75.5493856,10.3916146],[-75.5492777,10.3915441],[-75.5491829,10.3914685],[-75.5490791,10.3913781],[-75.5489144,10.391264],[-75.5488308,10.3912386],[-75.5488642,10.3911843],[-75.5488695,10.3911495],[-75.5488279,10.391127],[-75.5487877,10.3911853],[-75.5487699,10.3912286],[-75.5487548,10.3911968],[-75.5486933,10.3911354],[-75.5486237,10.3910717],[-75.5485323,10.3909871],[-75.5484839,10.3909448],[-75.5484278,10.3909194],[-75.5484523,10.3908905],[-75.5484746,10.3908263],[-75.5484497,10.3907936],[-75.5484207,10.3908127],[-75.5483926,10.3908419],[-75.5483585,10.3908943],[-75.5483308,10.3909474],[-75.5481892,10.3908814],[-75.5481137,10.3908399],[-75.5480513,10.3908118],[-75.5480803,10.3907561],[-75.548092,10.3907175],[-75.5480669,10.3906965],[-75.548039,10.3907165],[-75.5479988,10.3907646],[-75.5478112,10.3906993],[-75.5475863,10.3906322],[-75.5473316,10.3906193],[-75.5472162,10.3905881],[-75.5470927,10.3905762],[-75.5468447,10.3905459],[-75.5466666,10.3905452],[-75.5466619,10.390452],[-75.5466249,10.3904667],[-75.5466127,10.3905452],[-75.5463516,10.3905445],[-75.546194,10.390565],[-75.546051,10.3905605],[-75.5459867,10.3906828],[-75.5459154,10.3906762],[-75.5458166,10.3906426],[-75.5457671,10.3905946],[-75.5457444,10.390554],[-75.5457835,10.390497],[-75.5458081,10.3904725],[-75.5458233,10.3904306],[-75.5458307,10.3903695],[-75.5458695,10.3902959],[-75.5458454,10.3902444],[-75.5457738,10.3901977],[-75.545733,10.3902153],[-75.5457308,10.3902853],[-75.5456841,10.390442],[-75.5456341,10.3904203],[-75.5455816,10.3904125],[-75.5455249,10.3904037],[-75.545473,10.390396],[-75.5454556,10.3903502],[-75.5454409,10.3902889],[-75.5454298,10.3902234],[-75.5453849,10.3902071],[-75.545349,10.3902316],[-75.5453193,10.3902893],[-75.5453004,10.3903281],[-75.5452685,10.3903347],[-75.5452424,10.3903347],[-75.5452177,10.3903271],[-75.5451707,10.3902658],[-75.5451016,10.390225],[-75.5450235,10.3902185],[-75.5448734,10.3902822],[-75.5447733,10.3904335],[-75.5447554,10.3905046],[-75.5447116,10.3906984],[-75.5447078,10.3908707],[-75.5447406,10.3910847],[-75.5447782,10.3913479],[-75.5448789,10.3915595],[-75.5450339,10.3917666],[-75.5451749,10.391954],[-75.5452222,10.3920167],[-75.5452896,10.3921634],[-75.5454003,10.3922573],[-75.545504,10.3922804],[-75.5455677,10.3923261],[-75.5456962,10.3923879],[-75.5457442,10.3924897],[-75.5459045,10.3925594],[-75.5459993,10.3926066],[-75.5460696,10.3924994],[-75.5462149,10.3925688],[-75.5463338,10.3926559],[-75.5464117,10.3927211],[-75.546558,10.3928181],[-75.5469702,10.393117],[-75.5473081,10.3933366],[-75.5476065,10.3934801],[-75.5481289,10.3937849],[-75.5483695,10.3939386],[-75.548718,10.3941481],[-75.5488359,10.3942137],[-75.5488622,10.3942249],[-75.5489838,10.3943045],[-75.5497788,10.3947919],[-75.5500413,10.3949475],[-75.5502245,10.395076],[-75.5506346,10.3953236],[-75.5506754,10.3953406],[-75.5506799,10.3953683],[-75.5507097,10.39535],[-75.5508192,10.3954239],[-75.5532518,10.3969946],[-75.5533296,10.397045],[-75.5534524,10.3971261],[-75.5536633,10.3972311],[-75.5538324,10.3973032],[-75.5539319,10.3973762],[-75.5540461,10.3974049],[-75.5543304,10.3976832],[-75.5545145,10.3978852],[-75.5545468,10.3980302],[-75.5544477,10.3980661],[-75.5544219,10.3981529],[-75.5544212,10.3982343],[-75.5544471,10.3983104],[-75.5544849,10.398381],[-75.5544485,10.3985254],[-75.5543206,10.3987813],[-75.5537145,10.3994328],[-75.5533388,10.3997991],[-75.5530883,10.4000804],[-75.5530012,10.4002267],[-75.5528398,10.4004909],[-75.5527971,10.4008941],[-75.5528078,10.4012123],[-75.5527907,10.4014832],[-75.5527663,10.4017508],[-75.5527019,10.4018756],[-75.552267,10.402991],[-75.5522036,10.4029648],[-75.55215,10.4030968],[-75.5522065,10.4031251],[-75.5519742,10.4037211],[-75.5519245,10.4037696],[-75.5517575,10.4041618],[-75.5516861,10.4043464],[-75.5516584,10.4043566],[-75.5516078,10.4044864],[-75.5515753,10.4044755],[-75.5515437,10.4045502],[-75.551577,10.4045622],[-75.5512497,10.4053241],[-75.5510419,10.4058478],[-75.5509914,10.4058696],[-75.5509349,10.4059157],[-75.5509243,10.4058884],[-75.5506559,10.4061706],[-75.5506925,10.4062033],[-75.550666,10.4062304],[-75.550627,10.4061947],[-75.5505444,10.4063018],[-75.5504923,10.4063669],[-75.550477,10.4063581],[-75.5504534,10.4063854],[-75.5502912,10.4065033],[-75.5502339,10.4065759],[-75.550196,10.4066276],[-75.5501872,10.4067244],[-75.5501296,10.4067712],[-75.5501083,10.4068533],[-75.5500971,10.4068874],[-75.5500847,10.4068753],[-75.549971,10.4070906],[-75.5499383,10.4072084],[-75.5498621,10.4073547],[-75.5497859,10.4074761],[-75.5497605,10.4075474],[-75.5496833,10.4076747],[-75.5496001,10.4076372],[-75.5491436,10.4087646],[-75.5485557,10.4100781],[-75.5483343,10.4106313],[-75.5481492,10.4105671],[-75.5480063,10.4108852],[-75.5477568,10.410795],[-75.5479166,10.410458],[-75.5478642,10.410433],[-75.5477026,10.4108023],[-75.547607,10.4107359],[-75.5476847,10.4105671],[-75.547647,10.4105367],[-75.5475505,10.4107419],[-75.5474797,10.4107221],[-75.5475695,10.4105026],[-75.5475034,10.4104669],[-75.5474061,10.410715],[-75.5473709,10.4107726],[-75.5471729,10.4111315],[-75.546948,10.4110989],[-75.5467734,10.411004],[-75.5470664,10.410246],[-75.5470331,10.4102221],[-75.5465706,10.4113309],[-75.5466212,10.4113557],[-75.5465597,10.4115914],[-75.5465089,10.4115843],[-75.5465053,10.41162],[-75.5465634,10.4116236],[-75.5465198,10.4117235],[-75.5464735,10.4117497],[-75.5463601,10.4120055],[-75.5463744,10.4122504],[-75.5460597,10.4119323],[-75.5461753,10.4114696],[-75.5460219,10.4114216],[-75.5459058,10.4119738],[-75.5462967,10.4123876],[-75.5463092,10.4125005],[-75.5466044,10.413071],[-75.5466577,10.412962],[-75.5467645,10.413047],[-75.5473274,10.4130263],[-75.5480268,10.4124673],[-75.5483597,10.4129406],[-75.5487751,10.4133393],[-75.548002,10.4139222],[-75.5476244,10.4134792],[-75.547576,10.4134455],[-75.547524,10.4134237],[-75.5474698,10.4134286],[-75.5473364,10.4135315],[-75.5473285,10.4135538],[-75.5472944,10.4135717],[-75.5471332,10.4137209],[-75.5470873,10.4137588],[-75.5471754,10.4139304],[-75.5472149,10.4140307],[-75.5472656,10.4141194],[-75.547316,10.4142071],[-75.5473535,10.4141859],[-75.547445,10.414284],[-75.5474659,10.4143143],[-75.5474647,10.4143601],[-75.5474591,10.4144394],[-75.5475034,10.4144953],[-75.547579,10.4145244],[-75.5476214,10.4146293],[-75.5476396,10.4146974],[-75.5477486,10.4148292],[-75.5479206,10.4150108],[-75.5480732,10.4150343],[-75.5480694,10.415075],[-75.548171,10.4151928],[-75.5482835,10.4152285],[-75.5485185,10.4153858],[-75.5487141,10.4156673],[-75.5486017,10.415735],[-75.5485557,10.4156496],[-75.5485293,10.415664],[-75.5486454,10.4158464],[-75.5486674,10.4158338],[-75.5486131,10.4157542],[-75.5487304,10.4156882],[-75.5487688,10.4157396],[-75.5488509,10.4157601],[-75.5490214,10.415967],[-75.5492924,10.4161922],[-75.5493956,10.4163175],[-75.5493948,10.4163563],[-75.5493645,10.4164094],[-75.5493904,10.4165098],[-75.5494591,10.4166153],[-75.5494928,10.4167072],[-75.5495101,10.4167811],[-75.5496021,10.4170015],[-75.5496668,10.4171749],[-75.5496843,10.4172451],[-75.5496968,10.4173142],[-75.5497348,10.4173605],[-75.5496465,10.4174224],[-75.5496628,10.4174445],[-75.5497693,10.4173707],[-75.5497931,10.4174176],[-75.5498284,10.4174429],[-75.5498702,10.4174216],[-75.5498969,10.4174512],[-75.5498697,10.4174795],[-75.5498967,10.4175197],[-75.5501379,10.4177198],[-75.5504188,10.4179498],[-75.5502445,10.4181749],[-75.5502258,10.4181598],[-75.5501835,10.4182199],[-75.5502473,10.4182698],[-75.5502946,10.4182153],[-75.5502637,10.4181912],[-75.5504369,10.4179634],[-75.5505058,10.4180161],[-75.5504425,10.4180899],[-75.5504542,10.4180993],[-75.5505176,10.4180256],[-75.5506232,10.4181098],[-75.5507367,10.4183073],[-75.5508193,10.4182744],[-75.550881,10.4183118],[-75.5511822,10.4185263],[-75.5512335,10.4185579],[-75.5512576,10.418595],[-75.5512464,10.4186179],[-75.5513106,10.4186922],[-75.551365,10.4187536],[-75.5513266,10.4188077],[-75.5512314,10.4187489],[-75.5512107,10.4187754],[-75.5513343,10.418852],[-75.5513832,10.418777],[-75.5514912,10.4188491],[-75.5516656,10.4189724],[-75.5516499,10.4189967],[-75.5515648,10.4191456],[-75.5515179,10.419121],[-75.5515048,10.4191468],[-75.5515472,10.4191753],[-75.551507,10.4192485],[-75.5514615,10.41922],[-75.5514469,10.4192472],[-75.5514906,10.4192792],[-75.5514495,10.4193456],[-75.5514054,10.4193253],[-75.5513881,10.4193513],[-75.5514328,10.4193752],[-75.551394,10.4194528],[-75.5513446,10.4194311],[-75.5513314,10.4194568],[-75.5513775,10.4194775],[-75.5513359,10.4195563],[-75.5512832,10.4195309],[-75.55127,10.4195558],[-75.5513171,10.4195812],[-75.5512719,10.4196525],[-75.5512287,10.4196309],[-75.5512133,10.4196556],[-75.5512566,10.4196804],[-75.5512259,10.4197298],[-75.5512142,10.419726],[-75.5512019,10.4197233],[-75.5511852,10.4197228],[-75.5511624,10.4197259],[-75.5511363,10.4197512],[-75.5510804,10.4197157],[-75.5507375,10.420231],[-75.5505779,10.4203914],[-75.5502096,10.4207667],[-75.5502027,10.4207762],[-75.549269,10.4220485],[-75.5491271,10.4222446],[-75.5490421,10.4223162],[-75.5486314,10.4219442],[-75.5485946,10.4219835],[-75.5485509,10.4219463],[-75.5497927,10.4207143],[-75.5494294,10.4203729],[-75.5493435,10.420458],[-75.5492194,10.4203446],[-75.5492356,10.4203294],[-75.5492833,10.4202779],[-75.5491543,10.4201554],[-75.5491777,10.420132],[-75.5489038,10.4198641],[-75.5488606,10.4199087],[-75.5487111,10.4197727],[-75.5486148,10.4197743],[-75.548515,10.4196709],[-75.5479739,10.4190814],[-75.5479912,10.4186544],[-75.5479394,10.4186022],[-75.5477943,10.4185279],[-75.5476409,10.4185352],[-75.5471955,10.4184167],[-75.5467504,10.418026],[-75.5463926,10.4178254],[-75.5461306,10.4176405],[-75.5458033,10.4174114],[-75.5457221,10.4173515],[-75.5456078,10.4173321],[-75.5455439,10.4173394],[-75.5454849,10.4173719],[-75.5452883,10.4171973],[-75.5445054,10.4169131],[-75.5441886,10.4167859],[-75.5441991,10.4166156],[-75.5441553,10.4164178],[-75.5441908,10.4162591],[-75.5442033,10.41604],[-75.5453119,10.4161414],[-75.5453045,10.4162412],[-75.5453287,10.4162424],[-75.5453521,10.4160018],[-75.5453252,10.4159991],[-75.5453126,10.4161145],[-75.5442044,10.4160088],[-75.5442029,10.4158385],[-75.5442997,10.4158686],[-75.5443302,10.4158113],[-75.5442446,10.4157737],[-75.5442581,10.4156983],[-75.5442033,10.4156426],[-75.5442626,10.4154457],[-75.5443315,10.4154778],[-75.5453977,10.4156385],[-75.5453854,10.4156859],[-75.5454189,10.4156913],[-75.5454416,10.4155511],[-75.5454125,10.4155473],[-75.545401,10.4156018],[-75.5443188,10.4154441],[-75.5438763,10.4151327],[-75.5437376,10.414903],[-75.5437381,10.4148538],[-75.5437939,10.4147304],[-75.5437049,10.4146554],[-75.5437623,10.4145548],[-75.5438069,10.4145509],[-75.5440542,10.4145944],[-75.54426,10.414734],[-75.5444509,10.4148217],[-75.5445881,10.4150344],[-75.5446035,10.4150582],[-75.5448256,10.4151093],[-75.544851,10.4149664],[-75.5455955,10.415061],[-75.5460192,10.4151188],[-75.5460069,10.4152232],[-75.5460394,10.4152282],[-75.5460597,10.4151068],[-75.5460918,10.4148414],[-75.5460567,10.4148374],[-75.5460274,10.4150808],[-75.5456153,10.4150188],[-75.544836,10.4149298],[-75.5446547,10.4148074],[-75.5446299,10.4148362],[-75.544244,10.4144452],[-75.5443989,10.414317],[-75.5444123,10.4143399],[-75.5445017,10.4142896],[-75.5445943,10.4142945],[-75.5446046,10.41404],[-75.5445343,10.41404],[-75.5436567,10.41358],[-75.5435783,10.4137213],[-75.5433177,10.4135551],[-75.5430611,10.4133916],[-75.5428918,10.4132314],[-75.5427456,10.4131214],[-75.5427607,10.4130883],[-75.5426873,10.4130318],[-75.542626,10.4129899],[-75.542614,10.4130009],[-75.5425625,10.4129736],[-75.5424739,10.4128893],[-75.5423245,10.412812],[-75.5421841,10.412707],[-75.5421933,10.4126833],[-75.5420929,10.412639],[-75.5419301,10.4125235],[-75.5418384,10.4124649],[-75.5417814,10.4123821],[-75.5417392,10.4123479],[-75.5417293,10.4123114],[-75.5416847,10.4123016],[-75.5416227,10.412248],[-75.5415821,10.4121803],[-75.5416058,10.4121507],[-75.5419227,10.4117872],[-75.5422366,10.4120325],[-75.5422032,10.4120746],[-75.5422225,10.4120884],[-75.5423101,10.411977],[-75.5422919,10.4119634],[-75.542259,10.4120029],[-75.5418596,10.4117091],[-75.5418265,10.4117552],[-75.5418541,10.4117736],[-75.5416097,10.4120672],[-75.54136,10.4118576],[-75.5419134,10.4111666],[-75.5422132,10.4114223],[-75.5421807,10.4114638],[-75.5422033,10.4114801],[-75.5422362,10.411439],[-75.5425174,10.4116723],[-75.5424862,10.4117157],[-75.5425109,10.4117354],[-75.5425952,10.4116137],[-75.5425689,10.4115972],[-75.5425376,10.4116457],[-75.5422546,10.4114134],[-75.5422854,10.4113703],[-75.5422668,10.4113567],[-75.5422369,10.411399],[-75.5419319,10.4111423],[-75.5422766,10.4107217],[-75.5428782,10.4112249],[-75.5428441,10.4112703],[-75.5428595,10.4112868],[-75.5429439,10.4111749],[-75.5429284,10.4111637],[-75.5428975,10.4111963],[-75.5419458,10.410396],[-75.5419831,10.4103594],[-75.5419665,10.4103459],[-75.5418675,10.4104521],[-75.5418865,10.410464],[-75.5419287,10.4104249],[-75.5422458,10.4107035],[-75.5419091,10.4111208],[-75.5415829,10.4108442],[-75.5416176,10.4107991],[-75.5415994,10.4107845],[-75.5414973,10.4108967],[-75.541515,10.4109141],[-75.5415556,10.4108745],[-75.5418865,10.4111435],[-75.5416088,10.4114883],[-75.5413005,10.4112338],[-75.5412782,10.4112582],[-75.5415455,10.4114752],[-75.5414407,10.4116067],[-75.541489,10.4116447],[-75.5413488,10.4118096],[-75.5410219,10.4115439],[-75.5410537,10.4114975],[-75.5410315,10.411485],[-75.5409795,10.4115522],[-75.5412786,10.4117929],[-75.5412094,10.4118964],[-75.5411702,10.4118762],[-75.5410867,10.4118537],[-75.5410756,10.4118889],[-75.5409048,10.4118412],[-75.5406819,10.4117522],[-75.5405792,10.4117186],[-75.5403542,10.4115893],[-75.5403656,10.4115321],[-75.5403393,10.4115179],[-75.5402318,10.4114682],[-75.5402113,10.4115065],[-75.5401834,10.4114925],[-75.5401181,10.411466],[-75.5400035,10.4114099],[-75.5400261,10.4113689],[-75.5400169,10.4113639],[-75.5399053,10.4113124],[-75.53989,10.4113409],[-75.5398133,10.4113141],[-75.5397335,10.4112607],[-75.5396118,10.4111705],[-75.5394975,10.4110508],[-75.5393765,10.4109312],[-75.5392301,10.4107691],[-75.5390944,10.4106206],[-75.5391905,10.4105363],[-75.539086,10.4104215],[-75.5390442,10.4104368],[-75.5390328,10.4104182],[-75.5389905,10.410355],[-75.5389683,10.4103095],[-75.5389461,10.410264],[-75.5388318,10.4099863],[-75.5387753,10.4098889],[-75.5386662,10.409661],[-75.5386398,10.4094035],[-75.5386093,10.4093343],[-75.538582,10.4093131],[-75.538576,10.4092964],[-75.5385546,10.4092748],[-75.5385309,10.4092841],[-75.5385227,10.4091615],[-75.5385406,10.4088301],[-75.5386659,10.4084405],[-75.5390527,10.4084561],[-75.5393554,10.4086312],[-75.5393477,10.4088122],[-75.5392159,10.409018],[-75.5392762,10.4090511],[-75.5397212,10.4083372],[-75.5396685,10.4083041],[-75.5395416,10.4085081],[-75.5393865,10.4085893],[-75.5390841,10.4084058],[-75.5390701,10.4084035],[-75.5386579,10.408394],[-75.5385409,10.4082669],[-75.5384027,10.4082627],[-75.5380094,10.4082778],[-75.5377637,10.4083315],[-75.5376348,10.4083596],[-75.5374247,10.4084248],[-75.5373422,10.4084504],[-75.5373392,10.4084252],[-75.5377007,10.4082949],[-75.537681,10.4082349],[-75.5392064,10.4076823],[-75.5392569,10.4078323],[-75.5392989,10.4078165],[-75.5391919,10.4075291],[-75.5391527,10.407541],[-75.539196,10.4076528],[-75.5376596,10.4081985],[-75.537627,10.4081317],[-75.5374137,10.4082157],[-75.5373378,10.4080373],[-75.5375949,10.4079462],[-75.5375416,10.4078098],[-75.5389843,10.407293],[-75.539028,10.4074004],[-75.5390548,10.4073914],[-75.5389532,10.4071053],[-75.5389232,10.4071188],[-75.5389777,10.4072631],[-75.5381004,10.4075671],[-75.537526,10.407778],[-75.5374893,10.4076519],[-75.5374508,10.4076593],[-75.5374448,10.4076389],[-75.5374808,10.4075501],[-75.53776,10.4074847],[-75.5377847,10.4074701],[-75.5378948,10.4074078],[-75.5379777,10.4073699],[-75.5380444,10.4073374],[-75.5381383,10.4072932],[-75.5382755,10.4072226],[-75.5383351,10.4071893],[-75.5384006,10.4071642],[-75.5384893,10.4071205],[-75.5386227,10.4070532],[-75.5387625,10.4069442],[-75.5387849,10.4068363],[-75.5388095,10.4066427],[-75.5388029,10.4063885],[-75.5395213,10.4064655],[-75.539568,10.4059235],[-75.5332398,10.4051912],[-75.534122,10.4037549],[-75.5338079,10.403574],[-75.5328482,10.4051456],[-75.5316223,10.405004],[-75.5325077,10.4035821],[-75.5321881,10.4033924],[-75.531215,10.4049557],[-75.5307379,10.4048996],[-75.5307307,10.4049917],[-75.529113,10.4048176],[-75.5289171,10.4047966],[-75.5288875,10.4047914],[-75.5287643,10.4047501],[-75.5287019,10.4047417],[-75.5286486,10.4047354],[-75.5285279,10.4047035],[-75.5284785,10.4046931],[-75.5284357,10.4047075],[-75.5283569,10.4047123],[-75.5282872,10.4047111],[-75.528256,10.4047046],[-75.5282275,10.4046892],[-75.5282163,10.4046554],[-75.5282006,10.4046376],[-75.5281755,10.4046339],[-75.5281558,10.4046467],[-75.5281386,10.4046389],[-75.5281114,10.4046174],[-75.5280687,10.4046243],[-75.5280363,10.4046263],[-75.5279959,10.4046217],[-75.5279436,10.4046098],[-75.5278905,10.4045903],[-75.5278536,10.4045982],[-75.5277814,10.4045891],[-75.5276871,10.4045844],[-75.5276139,10.4045852],[-75.5275301,10.4045673],[-75.5274726,10.4045662],[-75.5274288,10.4045995],[-75.5273888,10.4046345],[-75.5272549,10.4046279],[-75.5272905,10.4042731],[-75.5272556,10.4042713],[-75.5272101,10.4046269],[-75.5263064,10.4045721],[-75.5257967,10.4053179],[-75.5254453,10.405823],[-75.5253409,10.4060665],[-75.5250707,10.4059562],[-75.5250954,10.4058885],[-75.5251695,10.4056988],[-75.5251095,10.4056192],[-75.5249782,10.4055523],[-75.5248136,10.4054355],[-75.5247087,10.4053912],[-75.5245636,10.4053274],[-75.5244465,10.40516],[-75.5243668,10.4050609],[-75.5241993,10.4049619],[-75.5240087,10.404917],[-75.5239646,10.4048406],[-75.5239643,10.404799],[-75.5241281,10.4048046],[-75.5241283,10.4047926],[-75.5238836,10.4047796],[-75.5238607,10.4047326],[-75.5238878,10.4047339],[-75.523883,10.4047213],[-75.5239634,10.4047267],[-75.523968,10.404712],[-75.5243442,10.4047136],[-75.5243458,10.4047],[-75.5239667,10.4046983],[-75.5239769,10.404516],[-75.5243973,10.4045275],[-75.5243968,10.4045715],[-75.5244074,10.404571],[-75.5244087,10.4045259],[-75.5250633,10.4045511],[-75.5250637,10.4045936],[-75.5250726,10.4045929],[-75.5250714,10.4044879],[-75.5250629,10.4044882],[-75.5250615,10.4045325],[-75.5244122,10.4045056],[-75.524413,10.4044451],[-75.5243999,10.4044446],[-75.5243998,10.404505],[-75.5239807,10.4044951],[-75.5239809,10.404484],[-75.5239685,10.4044839],[-75.5239604,10.4043593],[-75.523961,10.4043315],[-75.5239441,10.4042532],[-75.5239397,10.4042256],[-75.5238981,10.4042259],[-75.5238796,10.4041951],[-75.5239364,10.4041944],[-75.5240121,10.4028041],[-75.5232771,10.4028048],[-75.5232722,10.4027737],[-75.523419,10.4027655],[-75.5236072,10.4027641],[-75.5237734,10.4027677],[-75.5236728,10.4022906],[-75.5237827,10.4022207],[-75.523916,10.4021938],[-75.523981,10.4021579],[-75.5239564,10.4020214],[-75.5239764,10.4019796],[-75.5240532,10.4019719],[-75.5241392,10.4019717],[-75.5242614,10.4019633],[-75.5244188,10.4019169],[-75.5245688,10.4018784],[-75.5248728,10.401884],[-75.5248989,10.4017365],[-75.5249985,10.40162],[-75.5249064,10.4014514],[-75.5247958,10.401232],[-75.5245277,10.4009433],[-75.5245731,10.4008457],[-75.5245595,10.4007234],[-75.5244264,10.4007588],[-75.5243153,10.4007493],[-75.5242187,10.400583],[-75.52401,10.4005187],[-75.5239479,10.4004389],[-75.5239047,10.4003835],[-75.5238129,10.4001887],[-75.523591,10.3997811],[-75.5232863,10.3997652],[-75.5229103,10.3998808],[-75.5229262,10.399845],[-75.5232229,10.3996954],[-75.5234739,10.3996954],[-75.5234859,10.3994266],[-75.5234884,10.3989794],[-75.5239257,10.3990461],[-75.5240096,10.3986218],[-75.5240637,10.3984094],[-75.5240062,10.3983094],[-75.5240942,10.3983006],[-75.5241554,10.3976514],[-75.5241673,10.3974896],[-75.5242518,10.3971142],[-75.524288,10.3968586],[-75.5242455,10.3968238],[-75.5241757,10.3968114],[-75.5239099,10.3967868],[-75.5240584,10.3966204],[-75.5241033,10.3966964],[-75.5241388,10.3967061],[-75.5241774,10.3966999],[-75.5242678,10.3966828],[-75.5243103,10.3967046],[-75.5243639,10.3967235],[-75.524396,10.3966988],[-75.524458,10.3966755],[-75.5244876,10.3966973],[-75.5245275,10.3966901],[-75.5245473,10.3966541],[-75.5246273,10.3966915],[-75.5246753,10.3966814],[-75.5246934,10.3967173],[-75.5247296,10.3967423],[-75.524813,10.396767],[-75.524938,10.3967576],[-75.5250138,10.3967335],[-75.5250787,10.3966937],[-75.5251711,10.3966566],[-75.5252911,10.3966668],[-75.525327,10.3966079],[-75.5253648,10.3965559],[-75.5255174,10.3965836],[-75.5254927,10.3966321],[-75.5254244,10.3966967],[-75.5253378,10.3967529],[-75.5252452,10.3967824],[-75.5251548,10.3968207],[-75.52509,10.3968857],[-75.5250506,10.3969489],[-75.5249909,10.3970494],[-75.524972,10.3971061],[-75.5249511,10.3971902],[-75.5249283,10.3972149],[-75.5248805,10.3972962],[-75.5248458,10.3974806],[-75.5249224,10.3975337],[-75.5250169,10.3976951],[-75.5250251,10.3978595],[-75.525054,10.397918],[-75.5250875,10.3979545],[-75.525158,10.3979853],[-75.5252535,10.3980487],[-75.5253246,10.3980736],[-75.5253738,10.3980531],[-75.5254349,10.3981082],[-75.5256115,10.3982129],[-75.5256968,10.3982365],[-75.5258009,10.3983166],[-75.5257653,10.3983443],[-75.5269193,10.4000391],[-75.5302713,10.3978052],[-75.5300738,10.3975141],[-75.529625,10.3977928],[-75.5268206,10.3959362],[-75.5268048,10.3959554],[-75.5266442,10.3961507],[-75.5263687,10.3965874],[-75.5263537,10.3966111],[-75.5263146,10.3965212],[-75.5263864,10.3964196],[-75.5263582,10.3963183],[-75.5262277,10.3962799],[-75.5261604,10.3962864],[-75.5261067,10.3963372],[-75.5260138,10.3963269],[-75.5259468,10.3962972],[-75.525907,10.39629],[-75.5258833,10.3963384],[-75.5256698,10.3963257],[-75.5255814,10.3963152],[-75.5254763,10.3963513],[-75.5254657,10.3963843],[-75.5253604,10.3963648],[-75.5251591,10.39621],[-75.5250901,10.3961487],[-75.5250017,10.39612],[-75.5248167,10.3959913],[-75.5247108,10.3959302],[-75.5246335,10.3958954],[-75.5245342,10.3959312],[-75.5244775,10.3959129],[-75.5245557,10.3958449],[-75.5246746,10.3958402],[-75.5247055,10.3958799],[-75.5247471,10.3959171],[-75.5248251,10.3959372],[-75.5249024,10.3959125],[-75.524995,10.3959164],[-75.525075,10.3959659],[-75.5251336,10.3959711],[-75.525223,10.3958638],[-75.5252496,10.3958003],[-75.5252655,10.395741],[-75.5256659,10.3958051],[-75.525813,10.3957158],[-75.5259935,10.3955391],[-75.5260481,10.3954092],[-75.5260058,10.3953702],[-75.5261858,10.3950181],[-75.5260823,10.3949492],[-75.5260151,10.3949116],[-75.5257851,10.3948132],[-75.5253295,10.3946372],[-75.5252213,10.3945764],[-75.5251777,10.3945001],[-75.525096,10.3944582],[-75.5249533,10.3942886],[-75.5247591,10.3940526],[-75.5246876,10.3938658],[-75.5246556,10.3936974],[-75.5246006,10.3934607],[-75.5245276,10.3933694],[-75.5244479,10.3933376],[-75.5243189,10.3933318],[-75.5243458,10.3931185],[-75.5242835,10.3930949],[-75.5242037,10.3930322],[-75.5242385,10.3929561],[-75.5242584,10.3927917],[-75.5244167,10.3927443],[-75.5244522,10.3926007],[-75.5245048,10.3924461],[-75.5246048,10.3923204],[-75.5246397,10.3922104],[-75.5246621,10.392173],[-75.5246617,10.3921193],[-75.5246599,10.3919115],[-75.5245461,10.3920542],[-75.5244638,10.3920097],[-75.5244966,10.3917404],[-75.5245072,10.3915282],[-75.5245434,10.3913311],[-75.5246125,10.39135],[-75.524662,10.3912465],[-75.5247217,10.3911686],[-75.5248032,10.3911241],[-75.524822,10.3911327],[-75.5250294,10.3909809],[-75.5251548,10.3908815],[-75.525246,10.3908599],[-75.5253816,10.3906916],[-75.525435,10.3903985],[-75.5255126,10.3900468],[-75.5255998,10.3896709],[-75.5256104,10.3896041],[-75.5255473,10.3895883],[-75.5255451,10.3894864],[-75.5256294,10.3894947],[-75.5256497,10.3893498],[-75.5256724,10.3893162],[-75.5257366,10.3888517],[-75.5257415,10.3888162],[-75.5257578,10.3886992],[-75.5257876,10.3883176],[-75.5256893,10.38831],[-75.5256936,10.3882669],[-75.5257873,10.3882743],[-75.5258386,10.3875438],[-75.525867,10.3875071],[-75.5258853,10.3874188],[-75.5259138,10.3872339],[-75.525952,10.387238],[-75.5259511,10.3871937],[-75.5259714,10.387054],[-75.525906,10.3867657],[-75.5259589,10.3865489],[-75.5259786,10.3863792],[-75.5258478,10.3863616],[-75.5258056,10.3863603],[-75.5257394,10.3863376],[-75.5256845,10.3863287],[-75.5255943,10.3863119],[-75.5255073,10.3863001],[-75.5254794,10.3863347],[-75.5254285,10.3863208],[-75.5253894,10.3863956],[-75.5252177,10.3863413],[-75.5251318,10.3863508],[-75.5250821,10.3864354],[-75.5249254,10.386406],[-75.5248521,10.3863517],[-75.524947,10.3860869],[-75.524703,10.3859971],[-75.5247025,10.3859645],[-75.5244754,10.3858694],[-75.5243696,10.3858884],[-75.5241525,10.3859177],[-75.5240823,10.3859043],[-75.5239462,10.3858527],[-75.5239482,10.3857228],[-75.5238558,10.3857329],[-75.5237699,10.3858007],[-75.5237231,10.3858292],[-75.5236881,10.3858987],[-75.5236712,10.3859237],[-75.5236421,10.3859228],[-75.5236222,10.385968],[-75.5236258,10.3860158],[-75.5236472,10.3861133],[-75.523647,10.3861377],[-75.5236022,10.3861727],[-75.5235723,10.3861256],[-75.5235527,10.3861084],[-75.5235383,10.3861293],[-75.5235266,10.3861314],[-75.5235218,10.3861278],[-75.5235163,10.3861207],[-75.5235045,10.3861184],[-75.5234911,10.3861274],[-75.5234883,10.3861382],[-75.5234826,10.3861437],[-75.523477,10.386149],[-75.5234457,10.3861794],[-75.5234457,10.386192],[-75.5234295,10.3862048],[-75.5234389,10.3862157],[-75.5234462,10.3862656],[-75.5233302,10.3862635],[-75.5231883,10.3862432],[-75.5231839,10.3861985],[-75.5230864,10.3862113],[-75.5230735,10.3861226],[-75.5229701,10.3861038],[-75.5228986,10.3861551],[-75.5228992,10.3861147],[-75.5224294,10.3860574],[-75.5224248,10.3861128],[-75.5225701,10.3861302],[-75.52256,10.3861969],[-75.5224613,10.3861873],[-75.5224245,10.386408],[-75.5223677,10.3863927],[-75.5223236,10.3863699],[-75.522333,10.3862738],[-75.5222832,10.3862566],[-75.5222873,10.3862249],[-75.5221642,10.386195],[-75.5221055,10.3861797],[-75.5221022,10.3862056],[-75.5220533,10.3862058],[-75.52199,10.3862239],[-75.521896,10.3862097],[-75.5218799,10.3863263],[-75.5218326,10.3863718],[-75.5217813,10.3863899],[-75.5217028,10.3863873],[-75.5215386,10.3863819],[-75.5214522,10.3864129],[-75.521333,10.3864248],[-75.5213188,10.3864353],[-75.5212012,10.3864388],[-75.5211863,10.3864251],[-75.5210907,10.386398],[-75.5210865,10.3862601],[-75.5209664,10.3862461],[-75.5208828,10.386305],[-75.5203789,10.3863668],[-75.5197465,10.3864469],[-75.5196227,10.3864577],[-75.5194405,10.3863562],[-75.5189794,10.3860614],[-75.5187185,10.3859324],[-75.51839,10.385796],[-75.5181439,10.3857353],[-75.5179193,10.3855361],[-75.5179249,10.3853515],[-75.5177416,10.3852713],[-75.5175322,10.3851804],[-75.5173492,10.3852759],[-75.517221,10.3863243],[-75.5170125,10.3864223],[-75.5168031,10.3864373],[-75.5166732,10.3864075],[-75.5166248,10.3863501],[-75.5169727,10.3849189],[-75.5169563,10.3848845],[-75.5169421,10.3848511],[-75.5168367,10.3848078],[-75.5165408,10.3847509],[-75.5162878,10.3847029],[-75.5160489,10.3846234],[-75.5159908,10.3845859],[-75.5159696,10.3845722],[-75.515915,10.3843838],[-75.5157843,10.3842774],[-75.5155766,10.3841125],[-75.5155161,10.3841141],[-75.5154958,10.3841575],[-75.5154452,10.3841293],[-75.5154011,10.3840761],[-75.515396,10.3840147],[-75.515324,10.3839459],[-75.5152897,10.3839145],[-75.5152198,10.3837953],[-75.5152433,10.3837276],[-75.5147759,10.3835613],[-75.5146793,10.3836606],[-75.5145901,10.383666],[-75.5143697,10.3835857],[-75.5141671,10.3835072],[-75.5139165,10.3833879],[-75.5137518,10.3833151],[-75.5136464,10.3832548],[-75.5134821,10.383175],[-75.5133371,10.3831541],[-75.5131888,10.3831498],[-75.5131,10.3831669],[-75.5129943,10.3831952],[-75.5126845,10.3832304],[-75.5125138,10.3833051],[-75.5119958,10.3835033],[-75.5102773,10.3842153],[-75.5099383,10.3843427],[-75.509629,10.384425],[-75.5095215,10.3844457],[-75.509379,10.3844956],[-75.509048,10.3845029],[-75.50854,10.3844495],[-75.5078584,10.3843488],[-75.5075101,10.3843153],[-75.5072018,10.3843258],[-75.5071123,10.3843311],[-75.5070351,10.3843735],[-75.5070116,10.3844131],[-75.5068543,10.3846783],[-75.5068149,10.3846532],[-75.5069416,10.3844061],[-75.5069202,10.3843704],[-75.5068692,10.3843827],[-75.5067829,10.3843874],[-75.5067084,10.3843768],[-75.5065397,10.3843588],[-75.5064848,10.3842845],[-75.5063987,10.3841678],[-75.5065106,10.3841708],[-75.5068872,10.384201],[-75.5073731,10.384187],[-75.5083007,10.3842302],[-75.5089578,10.3842609],[-75.5092261,10.384254],[-75.5094201,10.3842295],[-75.5097006,10.384165],[-75.5098299,10.384097],[-75.5099125,10.3840433],[-75.5101012,10.3839689],[-75.5108973,10.3837107],[-75.5109836,10.3836415],[-75.5111475,10.3835722],[-75.5116499,10.3833732],[-75.5120246,10.383217],[-75.5120915,10.3832605],[-75.5122371,10.3831624],[-75.5122686,10.3831125],[-75.5123728,10.3830486],[-75.5123967,10.3829972],[-75.5124173,10.3829219],[-75.5124358,10.3828606],[-75.5127545,10.3827326],[-75.5096886,10.3745377],[-75.5094389,10.374629],[-75.5093893,10.3745883],[-75.509311,10.374541],[-75.5093352,10.3744892],[-75.5093394,10.3744347],[-75.5092736,10.3743944],[-75.509268,10.3743647],[-75.5092613,10.3743188],[-75.5092243,10.37426],[-75.5091512,10.3742214],[-75.5091653,10.3742062],[-75.5091804,10.37419],[-75.5091514,10.3741028],[-75.5098618,10.3741372],[-75.5097678,10.3738823],[-75.5097854,10.3737749],[-75.5103739,10.3735693],[-75.5104176,10.3736947],[-75.5105033,10.3736705],[-75.5104028,10.3734091],[-75.5103207,10.3734408],[-75.5103546,10.3735304],[-75.5097299,10.3737338],[-75.5096397,10.3736379],[-75.5095249,10.373],[-75.509386,10.3723995],[-75.5094207,10.372284],[-75.5093365,10.3722478],[-75.5092816,10.3722241],[-75.5093251,10.3721343],[-75.5093034,10.3719162],[-75.5090429,10.3716677],[-75.5089399,10.3714616],[-75.5087565,10.3713148],[-75.5085524,10.3712429],[-75.5084017,10.371369],[-75.5083173,10.3712353],[-75.5082563,10.3710089],[-75.5082451,10.3708891],[-75.5083149,10.3706855],[-75.508153,10.3706208],[-75.5081954,10.370476],[-75.5084427,10.370559],[-75.508455,10.3705202],[-75.5085051,10.3703739],[-75.5085708,10.3703939],[-75.5086167,10.3702959],[-75.5083389,10.3701552],[-75.508356,10.370112],[-75.5084077,10.3701285],[-75.5085555,10.3698804],[-75.5088686,10.3700215],[-75.5090415,10.3693043],[-75.5088288,10.3692703],[-75.5087361,10.3690491],[-75.5087669,10.3689397],[-75.5087578,10.3688601],[-75.5086986,10.3687865],[-75.5087323,10.3686453],[-75.5088017,10.3686499],[-75.5087061,10.3685071],[-75.5086071,10.3683471],[-75.5086599,10.3682723],[-75.5087381,10.3681012],[-75.5087642,10.3679986],[-75.5087512,10.367913],[-75.5088555,10.367836],[-75.5089584,10.3676441],[-75.5090733,10.3676062],[-75.5090695,10.367402],[-75.5092904,10.3673721],[-75.5093077,10.3674126],[-75.5095077,10.3674554],[-75.5097338,10.3674468],[-75.5097599,10.3670491],[-75.5097121,10.3669635],[-75.5094903,10.3669807],[-75.5094947,10.3669251],[-75.5097065,10.3669146],[-75.5097208,10.3668866],[-75.5098077,10.3668951],[-75.5098077,10.3668523],[-75.5097294,10.3668438],[-75.5097121,10.3664503],[-75.5097034,10.3660953],[-75.5097364,10.3660911],[-75.5097468,10.3660269],[-75.5097562,10.3659542],[-75.509904,10.3659323],[-75.5099103,10.3655431],[-75.5097843,10.3655099],[-75.5097886,10.3654608],[-75.5099139,10.365465],[-75.5100208,10.3652613],[-75.5099381,10.3652228],[-75.509999,10.3650004],[-75.5100947,10.3649406],[-75.5102009,10.3648722],[-75.5103451,10.3647739],[-75.5104017,10.3647088],[-75.5104704,10.3646646],[-75.5104922,10.3646209],[-75.5105523,10.3645824],[-75.510574,10.3645491],[-75.510599,10.3644806],[-75.5106643,10.3644369],[-75.5107221,10.3643869],[-75.5108077,10.3643589],[-75.5108642,10.3642776],[-75.5110208,10.3643247],[-75.5110556,10.3641878],[-75.510986,10.3640937],[-75.5108903,10.3637002],[-75.5107722,10.3632752],[-75.5104816,10.3632854],[-75.5104729,10.3631613],[-75.5108077,10.3631613],[-75.5107816,10.3630587],[-75.5106729,10.3630501],[-75.5106512,10.3631143],[-75.5105469,10.36311],[-75.5105382,10.3630116],[-75.5107678,10.3629934],[-75.5107599,10.362956],[-75.5104816,10.3629689],[-75.5104642,10.3627967],[-75.5104599,10.3627508],[-75.5104379,10.3627154],[-75.5104555,10.3626524],[-75.5098857,10.3627105],[-75.5098555,10.362678],[-75.5101164,10.3626395],[-75.5101251,10.3625839],[-75.5101555,10.3625198],[-75.5102295,10.362477],[-75.5103338,10.3624727],[-75.5108164,10.36243],[-75.5107208,10.3621263],[-75.5107556,10.3620579],[-75.5106816,10.3618954],[-75.5105512,10.361921],[-75.5104338,10.361921],[-75.5103075,10.3618099],[-75.5102499,10.3617928],[-75.5102338,10.3617114],[-75.510189,10.3616626],[-75.5101404,10.361607],[-75.5101121,10.3615361],[-75.5101251,10.3614976],[-75.5101599,10.3614334],[-75.5100816,10.3613907],[-75.5099642,10.3613736],[-75.509923,10.3613129],[-75.509964,10.3612701],[-75.5100553,10.3612153],[-75.5101164,10.3611383],[-75.5100996,10.361027],[-75.5100816,10.360933],[-75.5100121,10.3607448],[-75.5099468,10.3605866],[-75.5098177,10.3603769],[-75.5097425,10.3603],[-75.5097468,10.3602145],[-75.5096873,10.3601468],[-75.5095773,10.360129],[-75.5094642,10.3601546],[-75.5093742,10.3601564],[-75.5092604,10.3602205],[-75.5091773,10.3606422],[-75.5086946,10.3605438],[-75.5087033,10.3601803],[-75.5088294,10.35962],[-75.5096338,10.3595259],[-75.5099595,10.3594503],[-75.5101047,10.3593562],[-75.5102077,10.3592778],[-75.5102816,10.3591538],[-75.5102903,10.3589913],[-75.5098944,10.3576095],[-75.5097691,10.3576565],[-75.5097512,10.3576012],[-75.5098816,10.3575756],[-75.509899,10.3574986],[-75.5100077,10.3574045],[-75.51043,10.3572407],[-75.5105983,10.357079],[-75.5106773,10.3571051],[-75.5107425,10.3570751],[-75.5107947,10.3570281],[-75.5107208,10.3568356],[-75.5106599,10.3567886],[-75.5106456,10.3567251],[-75.5107325,10.3566812],[-75.5107686,10.3566346],[-75.5108164,10.3566645],[-75.5108034,10.3567116],[-75.5109034,10.35681],[-75.5109208,10.3570367],[-75.5110556,10.3571179],[-75.5112382,10.357135],[-75.5113295,10.3571735],[-75.5114034,10.3571094],[-75.511499,10.3570195],[-75.5115686,10.3568314],[-75.5115509,10.3566342],[-75.511486,10.3561941],[-75.511477,10.3560321],[-75.5115425,10.3559845],[-75.5115895,10.355784],[-75.5115677,10.3556052],[-75.5115938,10.355483],[-75.5115974,10.3553975],[-75.511686,10.3553087],[-75.5117295,10.3551932],[-75.5117556,10.3551419],[-75.5117096,10.3548586],[-75.51164,10.35455],[-75.5115452,10.354493],[-75.5114496,10.3544222],[-75.5114503,10.354264],[-75.5114382,10.3541368],[-75.5114512,10.3540299],[-75.5114556,10.3539101],[-75.5113643,10.3538246],[-75.5113338,10.3536877],[-75.5112773,10.3535722],[-75.5112338,10.3534696],[-75.5110686,10.3533498],[-75.5110121,10.353384],[-75.5109556,10.3532985],[-75.5107947,10.3532386],[-75.5105729,10.3532386],[-75.5104295,10.3531402],[-75.5102783,10.3531236],[-75.5101104,10.353162],[-75.5099903,10.3532172],[-75.5098887,10.3532285],[-75.5098121,10.3532985],[-75.5097939,10.3533653],[-75.5097548,10.3534614],[-75.5096642,10.3537437],[-75.5096903,10.3538716],[-75.5097512,10.3540085],[-75.5097903,10.3541753],[-75.5099164,10.3544405],[-75.5099338,10.3545559],[-75.5100034,10.3546329],[-75.5099773,10.3547099],[-75.5100425,10.3548425],[-75.509986,10.3548382],[-75.5099381,10.3547356],[-75.5099773,10.3548853],[-75.5099512,10.3549409],[-75.5099208,10.3549794],[-75.5098599,10.3549281],[-75.5098947,10.3548639],[-75.5098468,10.3547784],[-75.5098425,10.3547228],[-75.509799,10.3546629],[-75.5097686,10.3545773],[-75.5097251,10.3544704],[-75.5097338,10.3542608],[-75.5096512,10.3542266],[-75.5096381,10.354124],[-75.5095947,10.3540128],[-75.5095642,10.3539443],[-75.5095816,10.3538075],[-75.5095773,10.3536877],[-75.509599,10.3536193],[-75.5096207,10.3535508],[-75.5096364,10.3534537],[-75.5096513,10.3533852],[-75.5096666,10.353297],[-75.5096729,10.3532044],[-75.5096947,10.3531659],[-75.5097034,10.3531146],[-75.5096425,10.3530504],[-75.5094947,10.3529093],[-75.509327,10.3527719],[-75.5092944,10.3526829],[-75.5091816,10.3525928],[-75.5091555,10.3525072],[-75.5092251,10.3524602],[-75.5092903,10.3523917],[-75.509386,10.3523404],[-75.5094207,10.3522891],[-75.5094903,10.3522292],[-75.5095251,10.3521265],[-75.5095251,10.3520239],[-75.5095381,10.3519384],[-75.5095121,10.3518229],[-75.509486,10.3517245],[-75.5094251,10.3516047],[-75.5093512,10.3515363],[-75.5092631,10.3515144],[-75.5091729,10.3514465],[-75.5090903,10.3513738],[-75.5090033,10.3513567],[-75.5088642,10.3514379],[-75.5087468,10.3512968],[-75.508699,10.3509204],[-75.508612,10.3508349],[-75.5086425,10.3506552],[-75.5086381,10.3505055],[-75.5085338,10.3502874],[-75.5083903,10.3502232],[-75.5084978,10.3502303],[-75.5085686,10.3502018],[-75.5085946,10.3501163],[-75.5086164,10.3500136],[-75.5085903,10.3498468],[-75.5083686,10.3495945],[-75.5083292,10.349469],[-75.5082033,10.3494362],[-75.5081512,10.3493507],[-75.5081249,10.3491267],[-75.5081251,10.3489957],[-75.5081118,10.3489095],[-75.5082213,10.3488624],[-75.508312,10.3488246],[-75.5084381,10.3487904],[-75.508499,10.3486663],[-75.5085338,10.3485808],[-75.5087816,10.3487348],[-75.5088773,10.3486364],[-75.5089729,10.3486065],[-75.5090033,10.3486749],[-75.5090642,10.3487006],[-75.5091512,10.348846],[-75.509286,10.3488759],[-75.5093903,10.3488716],[-75.5095848,10.3488648],[-75.5096813,10.348851],[-75.509799,10.3487861],[-75.5098642,10.3486706],[-75.5099358,10.3486073],[-75.5099599,10.3485252],[-75.5100295,10.3484739],[-75.5100903,10.3484311],[-75.5100642,10.348337],[-75.5100121,10.3482386],[-75.5100555,10.3480419],[-75.5101338,10.3480333],[-75.5101555,10.3479435],[-75.5100338,10.3477254],[-75.5099903,10.347597],[-75.5099729,10.3475029],[-75.5099034,10.3474217],[-75.5098251,10.3473404],[-75.5098121,10.3470966],[-75.5096642,10.3470025],[-75.5096034,10.3470196],[-75.5091574,10.3466886],[-75.5089686,10.3466347],[-75.5083317,10.3461454],[-75.5080839,10.3459555],[-75.5079356,10.3460262],[-75.5076777,10.3460274],[-75.5076772,10.3459289],[-75.5078083,10.3459272],[-75.5078693,10.3458981],[-75.5078818,10.3458462],[-75.5078299,10.3457062],[-75.5077756,10.3456045],[-75.507742,10.3455534],[-75.5076527,10.3454905],[-75.5075963,10.345486],[-75.5076043,10.3453579],[-75.5076391,10.3453067],[-75.5076598,10.3452489],[-75.5076799,10.3451758],[-75.5077017,10.3451917],[-75.5077392,10.3452079],[-75.5077617,10.3451777],[-75.5077996,10.3451173],[-75.507836,10.3450593],[-75.5078716,10.3450069],[-75.5078912,10.3449709],[-75.5079864,10.3448009],[-75.5079624,10.3447778],[-75.5078671,10.3447216],[-75.5067618,10.3441109],[-75.5043687,10.3428022],[-75.5042304,10.3427851],[-75.5041834,10.342815],[-75.504004,10.3426491],[-75.5041657,10.341766],[-75.5052579,10.3419467],[-75.5052796,10.341785],[-75.504183,10.341631],[-75.5042539,10.3412484],[-75.5042657,10.3411827],[-75.5043759,10.3412015],[-75.504584,10.3412266],[-75.5050178,10.3412737],[-75.5052483,10.3412717],[-75.5056207,10.3413523],[-75.5059989,10.3413993],[-75.5060653,10.3413806],[-75.506025,10.3412796],[-75.5059903,10.341224],[-75.5060468,10.341194],[-75.5060946,10.3412625],[-75.506125,10.3413523],[-75.5061859,10.3414164],[-75.5062816,10.3414336],[-75.5064131,10.341467],[-75.5065175,10.3414817],[-75.5066033,10.341472],[-75.5066207,10.341549],[-75.506712,10.3415704],[-75.5068748,10.3416534],[-75.5070473,10.3416379],[-75.5072824,10.3416739],[-75.5073974,10.3416397],[-75.5073999,10.3414736],[-75.508184,10.3416591],[-75.508184,10.3416863],[-75.5082077,10.341698],[-75.5082117,10.341663],[-75.5086741,10.3417641],[-75.5086504,10.3418069],[-75.5087611,10.3418341],[-75.508773,10.3417913],[-75.5091564,10.3418924],[-75.5091406,10.3419391],[-75.5092467,10.3419513],[-75.509267,10.3418535],[-75.509184,10.3418341],[-75.5091722,10.3418652],[-75.508769,10.3417602],[-75.5087927,10.3417252],[-75.5087374,10.3417136],[-75.5087176,10.3417485],[-75.5082552,10.3416436],[-75.5082828,10.3416008],[-75.5081603,10.3415852],[-75.5081445,10.3416125],[-75.5074522,10.3414377],[-75.5075176,10.3412781],[-75.507596,10.3412215],[-75.5076535,10.3411342],[-75.5076691,10.3410519],[-75.5076221,10.3410262],[-75.5076482,10.3409696],[-75.5077266,10.3409182],[-75.507805,10.3408823],[-75.5078573,10.3408514],[-75.5079304,10.3408206],[-75.5080245,10.3408514],[-75.5080713,10.3408447],[-75.5081188,10.3408383],[-75.508155,10.3408298],[-75.5081826,10.3408638],[-75.5082247,10.3408739],[-75.5086088,10.3409886],[-75.5087896,10.3409629],[-75.5089651,10.3409502],[-75.5090773,10.3408853],[-75.509141,10.3408335],[-75.509188,10.3407609],[-75.5091959,10.3406637],[-75.5092512,10.3405937],[-75.509267,10.3405043],[-75.5092749,10.3403915],[-75.5093224,10.3401815],[-75.5093582,10.3400747],[-75.5095523,10.3397191],[-75.5109458,10.3386444],[-75.5109431,10.3383994],[-75.5114007,10.3383972],[-75.5113817,10.3375218],[-75.5114647,10.3375101],[-75.5114963,10.3390111],[-75.5115358,10.3393105],[-75.5115558,10.3394066],[-75.5116783,10.3394048],[-75.51162,10.33755],[-75.5116386,10.3372983],[-75.5112463,10.3373166],[-75.5109395,10.3373318],[-75.5108221,10.3363658],[-75.5107097,10.3362892],[-75.5105927,10.3362703],[-75.5103303,10.3363475],[-75.5101524,10.3363436],[-75.5100259,10.3363553],[-75.5099441,10.3362529],[-75.5099469,10.3361608],[-75.5099943,10.3360831],[-75.5099864,10.3360286],[-75.5100655,10.3360286],[-75.5101089,10.336017],[-75.5101169,10.3359781],[-75.5101129,10.3358886],[-75.510022,10.3358925],[-75.5099627,10.3359236],[-75.5099092,10.3358433],[-75.5099067,10.335767],[-75.5099192,10.3356942],[-75.5099232,10.3356126],[-75.5098916,10.3355503],[-75.5098928,10.3354619],[-75.5099469,10.3353948],[-75.5098797,10.3353209],[-75.5097466,10.3351807],[-75.5097058,10.3350915],[-75.5096742,10.3350176],[-75.5096307,10.3348971],[-75.5096307,10.3348037],[-75.5096322,10.3347275],[-75.5095863,10.3346166],[-75.5096544,10.334411],[-75.5096824,10.3342765],[-75.5097414,10.3340494],[-75.5097051,10.3339534],[-75.5097334,10.3338627],[-75.5097374,10.3337694],[-75.5097927,10.3336139],[-75.5097994,10.333371],[-75.5096304,10.333203],[-75.5093555,10.3332208],[-75.5091916,10.3330406],[-75.5092789,10.3329698],[-75.5091929,10.3328537],[-75.5089983,10.3328969],[-75.5087814,10.3329121],[-75.508765,10.3327039],[-75.5085951,10.3327856],[-75.508516,10.3328828],[-75.5084251,10.3329411],[-75.5083184,10.3329645],[-75.5082117,10.3330228],[-75.5080733,10.3330772],[-75.5079508,10.3330811],[-75.5078401,10.3330072],[-75.5077848,10.3328128],[-75.5077967,10.3325795],[-75.5079152,10.3324901],[-75.5081722,10.3324356],[-75.508267,10.3323773],[-75.5083935,10.3323229],[-75.5084948,10.3323279],[-75.5085366,10.3322868],[-75.5086097,10.3322611],[-75.5086515,10.3321634],[-75.508777,10.3321994],[-75.5089024,10.3321583],[-75.5090278,10.3320812],[-75.5090957,10.3320297],[-75.5090748,10.3319372],[-75.5091846,10.3320246],[-75.5092629,10.3319938],[-75.5093152,10.3319218],[-75.5094563,10.3319424],[-75.5095869,10.3319064],[-75.5096758,10.3318293],[-75.5097124,10.3316802],[-75.5107017,10.3314623],[-75.5109408,10.3315008],[-75.5110843,10.3309789],[-75.5109147,10.3309361],[-75.5108973,10.3310687],[-75.5108495,10.3310901],[-75.5108321,10.3311286],[-75.5108539,10.3311671],[-75.5108104,10.3313853],[-75.5106886,10.3313853],[-75.509706,10.3316205],[-75.5099756,10.3314109],[-75.5099764,10.3313202],[-75.5098928,10.3313058],[-75.5097519,10.3312971],[-75.5096859,10.3312711],[-75.5095098,10.3312928],[-75.5092847,10.331245],[-75.5089024,10.3312586],[-75.5077647,10.3312274],[-75.5053691,10.3313311],[-75.5052967,10.3312905],[-75.5052878,10.3312352],[-75.5052824,10.3312018],[-75.5053385,10.3311404],[-75.5054535,10.3311609],[-75.5054587,10.3312226],[-75.5055109,10.3312278],[-75.5077593,10.3311496],[-75.5089779,10.3311774],[-75.5090566,10.3312244],[-75.5091851,10.3311854],[-75.5092835,10.3311561],[-75.5094164,10.3311917],[-75.5095377,10.3312009],[-75.5096118,10.3311693],[-75.5097542,10.3311866],[-75.5098639,10.3311712],[-75.5099893,10.331089],[-75.5099841,10.3309399],[-75.5100311,10.3307651],[-75.5099455,10.3305974],[-75.5099113,10.3304369],[-75.5099627,10.3303786],[-75.5099864,10.3303553],[-75.5099706,10.3302697],[-75.5098955,10.3302425],[-75.5099074,10.3301569],[-75.509939,10.3300636],[-75.5098916,10.329982],[-75.5098552,10.3298634],[-75.5098156,10.3297896],[-75.5098453,10.3297037],[-75.5097967,10.3296048],[-75.5098599,10.3294764],[-75.5098836,10.3293714],[-75.5098941,10.3292968],[-75.5099216,10.3292533],[-75.5099259,10.3291713],[-75.5100178,10.3291683],[-75.5100178,10.3291876],[-75.5100615,10.3291887],[-75.510063,10.3291104],[-75.5100242,10.3291062],[-75.5100227,10.3291335],[-75.5099991,10.3291422],[-75.5099203,10.3291489],[-75.5099172,10.329128],[-75.5099285,10.3290978],[-75.5100512,10.3290505],[-75.5100492,10.328956],[-75.5099294,10.3289191],[-75.5099186,10.3288882],[-75.5106638,10.3288708],[-75.5106618,10.3288969],[-75.5106304,10.3288979],[-75.5106265,10.32895],[-75.5106933,10.3289471],[-75.5106962,10.3288959],[-75.5106815,10.328895],[-75.5106785,10.3288728],[-75.510816,10.328866],[-75.510817,10.3289046],[-75.5109492,10.3289053],[-75.5109541,10.3288117],[-75.5098597,10.3288252],[-75.5097809,10.3287376],[-75.5097218,10.3286609],[-75.5096939,10.3285976],[-75.5097493,10.3285743],[-75.5097097,10.328201],[-75.5097111,10.328176],[-75.5097216,10.3279949],[-75.5097618,10.3279612],[-75.5098143,10.3279515],[-75.5098629,10.3279452],[-75.509906,10.3279248],[-75.5099147,10.3268127],[-75.5112606,10.3267996],[-75.5112567,10.3265904],[-75.5112661,10.3264072],[-75.5099192,10.3264083],[-75.5099189,10.3253403],[-75.5098945,10.3253424],[-75.5098929,10.3253146],[-75.5098031,10.3253151],[-75.509804,10.3253431],[-75.5097868,10.3253549],[-75.5097609,10.3253542],[-75.5097258,10.3253441],[-75.5096874,10.3253446],[-75.5096467,10.3252769],[-75.5096343,10.3252379],[-75.5096284,10.3252137],[-75.5096307,10.3251679],[-75.509686,10.3250084],[-75.5097295,10.3248957],[-75.5097316,10.3247648],[-75.5097295,10.324709],[-75.5097325,10.3245654],[-75.5097334,10.3244174],[-75.5097493,10.3243046],[-75.5097479,10.3241981],[-75.5097404,10.3240673],[-75.5097709,10.3239713],[-75.5097097,10.3239157],[-75.5096628,10.3238656],[-75.5095859,10.3237894],[-75.5094893,10.3237574],[-75.5094685,10.3233144],[-75.509496,10.3231292],[-75.5094864,10.3230337],[-75.5094983,10.322788],[-75.5109031,10.322715],[-75.5109015,10.3226881],[-75.5108958,10.3226184],[-75.5107991,10.3226251],[-75.5107996,10.3226704],[-75.5094726,10.322752],[-75.5094227,10.3226122],[-75.5092841,10.3224483],[-75.509208,10.3223514],[-75.5091242,10.3222771],[-75.5091223,10.322165],[-75.5089386,10.3220143],[-75.5088087,10.321867],[-75.5086596,10.3218896],[-75.5082156,10.321917],[-75.5067701,10.3219082],[-75.5067697,10.3218505],[-75.5067697,10.3217925],[-75.5082246,10.3217818],[-75.5086955,10.3217718],[-75.5088164,10.3217692],[-75.5088547,10.3215805],[-75.5088895,10.3214538],[-75.5089193,10.3213206],[-75.5099232,10.321322],[-75.5099212,10.3212679],[-75.5089153,10.3212675],[-75.5088532,10.3211706],[-75.5089367,10.3211449],[-75.5090071,10.3211331],[-75.5090773,10.3210576],[-75.5090772,10.3210032],[-75.5090435,10.3209481],[-75.5090188,10.3208997],[-75.5089475,10.320879],[-75.5088481,10.3208359],[-75.5088718,10.320797],[-75.5088797,10.3207387],[-75.5087641,10.3207066],[-75.5086601,10.3206871],[-75.5086484,10.3207032],[-75.5085947,10.3207078],[-75.5085351,10.3206779],[-75.5084985,10.320648],[-75.5084568,10.320625],[-75.5084241,10.3204549],[-75.5083912,10.3203442],[-75.508389,10.3202756],[-75.5084241,10.320179],[-75.5084556,10.3201468],[-75.5084708,10.320125],[-75.5084825,10.320102],[-75.5084615,10.3200422],[-75.5084988,10.3199411],[-75.5085358,10.3198793],[-75.5088307,10.3198652],[-75.5088914,10.3198456],[-75.5089136,10.3198054],[-75.5091946,10.3198181],[-75.5091998,10.3199026],[-75.5093066,10.3198948],[-75.5093025,10.3196887],[-75.5091643,10.319681],[-75.5091989,10.3197551],[-75.5089011,10.3197499],[-75.508834,10.3195742],[-75.5088059,10.3195168],[-75.5087744,10.3193506],[-75.5087891,10.3192998],[-75.5089488,10.3189677],[-75.5090392,10.3188889],[-75.5094466,10.3188629],[-75.5095691,10.3188567],[-75.5095639,10.3187345],[-75.5096033,10.3187346],[-75.5096014,10.3186884],[-75.5097314,10.3186938],[-75.5097288,10.3186588],[-75.5096033,10.3186601],[-75.5095979,10.318621],[-75.5095799,10.3186228],[-75.5095781,10.3185855],[-75.5095132,10.3185767],[-75.5094125,10.3185271],[-75.5093588,10.3184674],[-75.50935,10.3183277],[-75.5094212,10.3180788],[-75.5094449,10.3178649],[-75.5094054,10.3177716],[-75.5119417,10.3173086],[-75.5120534,10.3176087],[-75.5119515,10.3178988],[-75.5120296,10.3179247],[-75.5121586,10.3175758],[-75.5118007,10.3168111],[-75.5117414,10.3168422],[-75.5118286,10.3170958],[-75.5117745,10.3171538],[-75.5117952,10.3172182],[-75.5106426,10.3174216],[-75.5095373,10.3176037],[-75.5095691,10.3174659],[-75.5095907,10.3172885],[-75.5096123,10.3171466],[-75.5097216,10.3168189],[-75.5093026,10.316745],[-75.5092591,10.3169511],[-75.5092516,10.3170279],[-75.5092158,10.3171027],[-75.5091524,10.3171494],[-75.5089785,10.3172039],[-75.5088006,10.3172272],[-75.5086228,10.3171805],[-75.5085042,10.3170561],[-75.5085358,10.3169783],[-75.5086813,10.3170162],[-75.5087038,10.3169247],[-75.5081418,10.3168135],[-75.5081121,10.316908],[-75.5082286,10.3169345],[-75.5080812,10.3171183],[-75.5076899,10.3170989],[-75.5075081,10.3169666],[-75.5074725,10.3168383],[-75.5073698,10.3167644],[-75.507097,10.3168033],[-75.5070852,10.3166983],[-75.507014,10.3166322],[-75.5069192,10.3165894],[-75.5068164,10.3165194],[-75.5066721,10.3163563],[-75.5066324,10.3161515],[-75.5065659,10.3159355],[-75.5064566,10.3157335],[-75.5063945,10.3155969],[-75.5064604,10.3154844],[-75.5063979,10.3153772],[-75.5064148,10.3152505],[-75.5062542,10.3151038],[-75.5062467,10.3149124],[-75.5061133,10.3147573],[-75.5061085,10.3147008],[-75.5060559,10.3146632],[-75.506047,10.3143458],[-75.5060129,10.3142488],[-75.5060594,10.3141917],[-75.5061229,10.3141597],[-75.5061803,10.3140844],[-75.5061851,10.3139668],[-75.5061611,10.3138397],[-75.5062377,10.3136468],[-75.5061994,10.3135775],[-75.5061851,10.3134492],[-75.5061851,10.3132798],[-75.5061373,10.3131912],[-75.5060655,10.3131574],[-75.5061038,10.3130586],[-75.5060129,10.3129457],[-75.5059938,10.312781],[-75.5059214,10.3126098],[-75.505812,10.3125222],[-75.5056924,10.312494],[-75.5056705,10.3124228],[-75.5057355,10.3123246],[-75.505769,10.312221],[-75.5057164,10.3121363],[-75.505673,10.3120499],[-75.5057403,10.3119575],[-75.5058601,10.3119588],[-75.505879,10.3118258],[-75.5057738,10.311807],[-75.5057594,10.3117317],[-75.5057977,10.3116658],[-75.5057307,10.3115905],[-75.5056738,10.3114839],[-75.5056685,10.3113741],[-75.5055472,10.3112215],[-75.5054485,10.3112141],[-75.5054325,10.3112624],[-75.505329,10.3112941],[-75.5053299,10.3111928],[-75.5053385,10.3111388],[-75.505219,10.3111106],[-75.5051377,10.3111388],[-75.505109,10.3110588],[-75.504999,10.3110164],[-75.5049042,10.3109363],[-75.5048411,10.3109129],[-75.5047072,10.3108706],[-75.5046929,10.3107435],[-75.504645,10.3106635],[-75.5045781,10.3106541],[-75.5044824,10.3105977],[-75.5043724,10.310593],[-75.5042718,10.3106726],[-75.5041429,10.3106212],[-75.5040568,10.3106212],[-75.5039898,10.3105741],[-75.5039477,10.31049],[-75.5038416,10.3105125],[-75.5037059,10.3106271],[-75.5036313,10.3107198],[-75.503553,10.3108189],[-75.5034107,10.3106727],[-75.5025206,10.3115684],[-75.5023173,10.3113738],[-75.5015307,10.3121549],[-75.501472,10.3120913],[-75.5014774,10.3117386],[-75.5024596,10.3108566],[-75.5033059,10.310033],[-75.5033394,10.3099671],[-75.503392,10.3093695],[-75.5034828,10.3091954],[-75.5034446,10.3090543],[-75.5034637,10.308866],[-75.5035355,10.3085837],[-75.5035259,10.3084849],[-75.5034637,10.3084708],[-75.5034015,10.3084331],[-75.5034159,10.3083249],[-75.5035163,10.3083202],[-75.5035833,10.3082826],[-75.5036598,10.3081979],[-75.5036407,10.3081273],[-75.5036168,10.3080661],[-75.5036981,10.3080802],[-75.5037889,10.3080991],[-75.5038463,10.3080943],[-75.5038224,10.3080332],[-75.5037555,10.3080002],[-75.5037746,10.3079438],[-75.5038128,10.3079155],[-75.5038033,10.307812],[-75.5037507,10.3077556],[-75.5037411,10.3076709],[-75.5036885,10.307605],[-75.5035783,10.3075468],[-75.5036424,10.3074904],[-75.5035976,10.3074544],[-75.5035976,10.3073932],[-75.5036215,10.3072756],[-75.5036866,10.3072699],[-75.5037937,10.3073744],[-75.5038368,10.3073932],[-75.5038989,10.3073791],[-75.5038894,10.3072803],[-75.503832,10.3072285],[-75.5037889,10.3071203],[-75.5037172,10.307078],[-75.5037842,10.3070544],[-75.5038415,10.3070168],[-75.5038511,10.3069415],[-75.5038224,10.3068474],[-75.5035964,10.3067674],[-75.5076048,10.3073034],[-75.507607,10.3072623],[-75.5038483,10.306744],[-75.5039145,10.3067276],[-75.5039229,10.3066733],[-75.5038033,10.3066215],[-75.503751,10.3064698],[-75.5037492,10.3064406],[-75.503832,10.3064333],[-75.503864,10.3063276],[-75.5039085,10.306151],[-75.5038702,10.3060333],[-75.5037507,10.306038],[-75.5036305,10.3059223],[-75.5036062,10.3057635],[-75.5035939,10.3056833],[-75.5035245,10.3055644],[-75.5036937,10.3052177],[-75.5035465,10.3051271],[-75.5034785,10.3048082],[-75.5034789,10.3044316],[-75.5034015,10.3041746],[-75.5034159,10.3040288],[-75.5032164,10.3039168],[-75.5030219,10.3039819],[-75.5028732,10.3037986],[-75.5028891,10.3037405],[-75.5028179,10.3036612],[-75.5027574,10.3035647],[-75.5027144,10.3035263],[-75.5026996,10.303451],[-75.5026543,10.3033363],[-75.5026092,10.303253],[-75.5026243,10.3032003],[-75.50258,10.3031606],[-75.5025437,10.3031699],[-75.5024585,10.3030446],[-75.5025496,10.3028143],[-75.502639,10.3026124],[-75.503172,10.3013325],[-75.5032581,10.3012101],[-75.5033393,10.3011784],[-75.5034063,10.3010831],[-75.5034972,10.3011678],[-75.5036981,10.3009984],[-75.5036646,10.3008996],[-75.5037842,10.3010078],[-75.5038476,10.301027],[-75.503942,10.3011301],[-75.5040137,10.3010878],[-75.5040233,10.3009748],[-75.5039563,10.3008854],[-75.5039802,10.3007443],[-75.5040376,10.3007396],[-75.5040502,10.300691],[-75.504095,10.3006266],[-75.5042242,10.3005231],[-75.504272,10.3005184],[-75.5042959,10.3004478],[-75.5044059,10.3004808],[-75.5045589,10.3003396],[-75.5050277,10.3000196],[-75.5052429,10.2998926],[-75.5054171,10.2998826],[-75.5064958,10.3014188],[-75.5065083,10.3013995],[-75.5054255,10.2998239],[-75.5054926,10.2997148],[-75.5056303,10.2995396],[-75.5065055,10.2990314],[-75.5070112,10.2990495],[-75.5074705,10.2995637],[-75.5081574,10.2995793],[-75.5084664,10.3001278],[-75.5088533,10.3009883],[-75.5088933,10.3009543],[-75.5085142,10.3000996],[-75.5085668,10.3000573],[-75.5085318,10.299943],[-75.5084844,10.2997887],[-75.5084771,10.299688],[-75.5085621,10.2995867],[-75.508629,10.2996432],[-75.5087486,10.2995349],[-75.5087983,10.2992025],[-75.5088155,10.2991208],[-75.5089399,10.2990173],[-75.5089351,10.2988471],[-75.5088347,10.2988009],[-75.5088921,10.2986738],[-75.5090595,10.2987209],[-75.5090857,10.2986643],[-75.5091648,10.2985739],[-75.5092603,10.2984432],[-75.5092651,10.2985844],[-75.5094885,10.2985305],[-75.5096443,10.2985324],[-75.5096822,10.2984931],[-75.5099537,10.2985246],[-75.5100715,10.2987387],[-75.5102712,10.2987328],[-75.510411,10.2988016],[-75.51049,10.2988476],[-75.5105433,10.298791],[-75.5105373,10.2986832],[-75.5105851,10.2985985],[-75.5102264,10.2980621],[-75.5103065,10.2980148],[-75.5103699,10.2979774],[-75.5108434,10.2986362],[-75.5107812,10.2987632],[-75.510786,10.2988667],[-75.5107238,10.2989655],[-75.5107573,10.2991114],[-75.5106617,10.2992338],[-75.5106234,10.2993561],[-75.5108243,10.2996479],[-75.5110491,10.2998126],[-75.5111738,10.2999971],[-75.5112404,10.3001137],[-75.511336,10.3002596],[-75.511446,10.3004337],[-75.5115704,10.3005843],[-75.5117043,10.3006643],[-75.5118334,10.3005937],[-75.5119626,10.3006455],[-75.5120582,10.3006078],[-75.5121299,10.3005984],[-75.512216,10.3005513],[-75.5122065,10.3004666],[-75.5122686,10.3004525],[-75.512326,10.3003745],[-75.512401,10.3003771],[-75.5124577,10.3003132],[-75.5125214,10.3002754],[-75.5125891,10.3002596],[-75.5126608,10.3002078],[-75.5126843,10.3001128],[-75.5127421,10.3000667],[-75.5127421,10.2999773],[-75.5127852,10.2998926],[-75.5127804,10.2997232],[-75.5127804,10.2996102],[-75.5127708,10.2993467],[-75.5127613,10.2992197],[-75.5127469,10.2991114],[-75.5127517,10.2990126],[-75.5126608,10.2989091],[-75.512613,10.2988197],[-75.5125891,10.2987491],[-75.5124695,10.298735],[-75.5124217,10.2986879],[-75.5124883,10.2985879],[-75.512464,10.2985276],[-75.512496,10.2984625],[-75.5125923,10.298433],[-75.5126902,10.2984246],[-75.5127947,10.2984009],[-75.5129,10.2983868],[-75.5129765,10.298382],[-75.5130147,10.2984197],[-75.514116,10.2984727],[-75.5142735,10.2983093],[-75.5143724,10.2981093],[-75.51466,10.2980715],[-75.514726,10.297716],[-75.5143908,10.2970677],[-75.5143682,10.2968904],[-75.5144017,10.2967774],[-75.5142917,10.2967445],[-75.5143061,10.2965186],[-75.5144017,10.2964527],[-75.514483,10.296401],[-75.5145596,10.2964527],[-75.51466,10.2964716],[-75.5147174,10.2963774],[-75.5148513,10.2962504],[-75.5149914,10.2962228],[-75.5149948,10.296448],[-75.5149326,10.2965139],[-75.5149613,10.296608],[-75.5149381,10.2968322],[-75.514923,10.2970692],[-75.514981,10.2971506],[-75.5149422,10.2972386],[-75.5151095,10.2974054],[-75.5151574,10.2976339],[-75.5152961,10.2977515],[-75.5153143,10.2977997],[-75.5153439,10.2978264],[-75.5153809,10.2978068],[-75.5153805,10.2978387],[-75.515397,10.2978763],[-75.5154824,10.2979579],[-75.5155655,10.2980385],[-75.5156873,10.2981857],[-75.5157745,10.2982561],[-75.5159693,10.2983607],[-75.5161139,10.2982644],[-75.5165109,10.2981185],[-75.5166018,10.2980385],[-75.5167022,10.2979068],[-75.5167213,10.2977656],[-75.5166735,10.2976997],[-75.5167548,10.2975633],[-75.5168505,10.2976103],[-75.5168887,10.2975162],[-75.5169509,10.2974833],[-75.5169605,10.2974033],[-75.5170274,10.2972997],[-75.51708,10.2973233],[-75.5171566,10.297328],[-75.51719,10.297248],[-75.5171326,10.2971115],[-75.5171853,10.2969798],[-75.5170992,10.2969233],[-75.5169939,10.2969233],[-75.5170896,10.2967915],[-75.5170274,10.2966551],[-75.5170848,10.2966174],[-75.5170513,10.2965468],[-75.5169844,10.2964716],[-75.5168266,10.2962974],[-75.5156165,10.2956528],[-75.5156553,10.2956019],[-75.5156883,10.2955587],[-75.5161618,10.2958551],[-75.5163005,10.2959445],[-75.5164248,10.2959916],[-75.5166687,10.296048],[-75.5170179,10.296321],[-75.517324,10.2963539],[-75.5174579,10.2963398],[-75.5179074,10.2959916],[-75.5181308,10.2958703],[-75.5187141,10.2955535],[-75.5211367,10.2981944],[-75.5211861,10.2981511],[-75.5212401,10.2981037],[-75.5204136,10.2971868],[-75.520361,10.297248],[-75.5187576,10.2955096],[-75.5188688,10.2954081],[-75.5202912,10.2945458],[-75.5209397,10.2943518],[-75.5210194,10.2943279],[-75.5211785,10.2943054],[-75.5215948,10.2942637],[-75.5221165,10.2944556],[-75.522658,10.2945295],[-75.5232115,10.2945602],[-75.5233704,10.2945759],[-75.5235056,10.2946192],[-75.5237801,10.29475],[-75.5238876,10.2948943],[-75.5239142,10.2951199],[-75.5240626,10.2950756],[-75.5241356,10.2951973],[-75.524021,10.2955211],[-75.523948,10.2955794],[-75.5239317,10.2958098],[-75.5238068,10.2960433],[-75.5238441,10.2961607],[-75.5239582,10.2961704],[-75.5240973,10.2959652],[-75.5241382,10.2958441],[-75.5246433,10.2963685],[-75.5245661,10.2964172],[-75.5245444,10.2965966],[-75.5246465,10.2966622],[-75.5246667,10.296828],[-75.5247435,10.296874],[-75.5248166,10.2968318],[-75.5248535,10.2967198],[-75.5253073,10.2970726],[-75.5253343,10.2971739],[-75.5254924,10.297345],[-75.525647,10.2976373],[-75.5256746,10.2978001],[-75.5257189,10.2978659],[-75.5257141,10.2980364],[-75.5257266,10.2981179],[-75.5257724,10.2981708],[-75.5258426,10.2981965],[-75.5258335,10.2982804],[-75.5258888,10.2983105],[-75.5258706,10.2984198],[-75.5258183,10.2984754],[-75.5258194,10.2985693],[-75.5258799,10.2986391],[-75.5259888,10.298674],[-75.5259738,10.2988798],[-75.5259375,10.2989617],[-75.5259684,10.299036],[-75.5260911,10.2990452],[-75.5261535,10.2992249],[-75.5260699,10.2992517],[-75.5260053,10.2994241],[-75.5260037,10.2994852],[-75.5260607,10.2995317],[-75.5261908,10.2995395],[-75.5263971,10.299749],[-75.5265721,10.2996791],[-75.5266321,10.2999727],[-75.5267082,10.3006281],[-75.5266059,10.3013954],[-75.5261827,10.3015584],[-75.5261919,10.3018525],[-75.5260808,10.3019831],[-75.5261486,10.30217],[-75.5261411,10.3023673],[-75.5260417,10.3024552],[-75.5264044,10.3028469],[-75.5264294,10.3030206],[-75.5268405,10.3031774],[-75.527104,10.3033913],[-75.5272407,10.3036547],[-75.5272379,10.3037563],[-75.5270667,10.3038434],[-75.5269998,10.3038901],[-75.5270493,10.303928],[-75.5270954,10.3039134],[-75.5271299,10.3039318],[-75.5271426,10.3040637],[-75.5271358,10.3041383],[-75.5270908,10.3042202],[-75.5270059,10.3043108],[-75.5269785,10.3044137],[-75.5270059,10.3045175],[-75.5270876,10.3046139],[-75.527186,10.3046817],[-75.5272901,10.3047038],[-75.5273381,10.304655],[-75.5273775,10.3047363],[-75.5274176,10.3047982],[-75.5274578,10.3048394],[-75.5275102,10.3048559],[-75.5275462,10.3049022],[-75.5277245,10.3048485],[-75.5276841,10.3050809],[-75.5277079,10.3052066],[-75.5277726,10.3053419],[-75.5278269,10.305246],[-75.5278953,10.3053014],[-75.5278753,10.3054139],[-75.5279767,10.3054708],[-75.5280998,10.3056381],[-75.5281133,10.3057198],[-75.5282292,10.3058305],[-75.5282568,10.3060934],[-75.528471,10.3064212],[-75.528558,10.3071593],[-75.5286891,10.30711],[-75.5289604,10.3073649],[-75.5289033,10.3074458],[-75.5289504,10.3075467],[-75.5292178,10.3075407],[-75.5298167,10.3082257],[-75.5299543,10.3084913],[-75.5299278,10.3086009],[-75.5298134,10.3086272],[-75.5297282,10.3085523],[-75.5296594,10.308598],[-75.5296773,10.3086659],[-75.5298703,10.3086954],[-75.5299334,10.3087785],[-75.5303909,10.3090053],[-75.5306172,10.3094454],[-75.5306903,10.3094895],[-75.5307614,10.3095742],[-75.5308901,10.3098845],[-75.5308794,10.3100926],[-75.5309244,10.3101398],[-75.5309816,10.3100266],[-75.5313194,10.3100697],[-75.5313439,10.3102555],[-75.5314553,10.3102772],[-75.5315576,10.3102353],[-75.531559,10.3101305],[-75.5316205,10.31006],[-75.5315388,10.3098949],[-75.5312798,10.309663],[-75.5313451,10.3095049],[-75.5311516,10.3092123],[-75.531016,10.3091492],[-75.5308241,10.3085402],[-75.5307469,10.3084869],[-75.5307406,10.3083227],[-75.5305781,10.3081352],[-75.5305736,10.3080128],[-75.5304037,10.3079668],[-75.5302821,10.3078522],[-75.5302955,10.3077727],[-75.5301869,10.3076778],[-75.5300891,10.3074952],[-75.5301019,10.3073494],[-75.5300278,10.307132],[-75.5299367,10.3070235],[-75.5298287,10.3066894],[-75.5298355,10.3066076],[-75.529748,10.306519],[-75.5296649,10.3063099],[-75.5295101,10.3061345],[-75.5294376,10.3060705],[-75.5294233,10.3059718],[-75.5293264,10.3058226],[-75.5292362,10.3056168],[-75.5290706,10.3054783],[-75.5290494,10.3053297],[-75.5287575,10.3050385],[-75.5284418,10.3045141],[-75.5280496,10.3040889],[-75.5275384,10.3027406],[-75.5275395,10.3024428],[-75.5274297,10.3023044],[-75.5274462,10.302153],[-75.5273213,10.3020294],[-75.5271467,10.3015419],[-75.5269954,10.3010102],[-75.5269853,10.3005365],[-75.5268832,10.3002352],[-75.5269119,10.3001713],[-75.5268166,10.2996409],[-75.5266327,10.2990995],[-75.5266511,10.2990007],[-75.5264457,10.2985264],[-75.5264654,10.2983265],[-75.5256571,10.2961903],[-75.5254622,10.2958883],[-75.5251873,10.2956539],[-75.5251166,10.2949322],[-75.5246854,10.2936268],[-75.5242994,10.292458],[-75.524126,10.2923826],[-75.5240989,10.2923031],[-75.5240553,10.2921748],[-75.5239009,10.2917178],[-75.5246035,10.2915374],[-75.5251372,10.291005],[-75.5258354,10.2915967],[-75.5261876,10.292162],[-75.5266155,10.2933469],[-75.5266829,10.2940057],[-75.526652,10.2944668],[-75.5264794,10.2949164]]]]}},{"type":"Feature","properties":{"layer":"city","location_id":"CO-cartagena","city_name":"Turbaco","order":1,"color":"#22c55e"},"geometry":{"type":"Polygon","coordinates":[[[-75.2758681,10.3581539],[-75.2762171,10.3584042],[-75.2769155,10.358656],[-75.2777438,10.3592527],[-75.2787556,10.3598123],[-75.2793444,10.3601918],[-75.2800815,10.3609342],[-75.2804324,10.3615145],[-75.2806368,10.3621498],[-75.2806449,10.3625758],[-75.2805835,10.3633827],[-75.2806905,10.3636038],[-75.280782,10.3637966],[-75.2811027,10.3641186],[-75.2812631,10.364275],[-75.2820336,10.3647975],[-75.2825828,10.3653197],[-75.2829335,10.3659951],[-75.2832008,10.3668223],[-75.2831916,10.3668935],[-75.2841141,10.3665532],[-75.2855469,10.3661108],[-75.2869801,10.3657777],[-75.2886338,10.3653891],[-75.2896247,10.3648391],[-75.2907808,10.3641792],[-75.2919999,10.3636101],[-75.2933163,10.363279],[-75.2950107,10.36391],[-75.2955829,10.3646287],[-75.2961551,10.3651948],[-75.2965292,10.3654273],[-75.2971011,10.3657821],[-75.2979403,10.3663483],[-75.2986197,10.3668915],[-75.2994512,10.3679684],[-75.3005955,10.3693481],[-75.3012667,10.3705714],[-75.3013891,10.3708014],[-75.3018542,10.371682],[-75.3020378,10.3720903],[-75.3026558,10.3735692],[-75.3028084,10.3739256],[-75.3030675,10.3745144],[-75.3038227,10.376213],[-75.3042195,10.3771493],[-75.3045247,10.3778463],[-75.3046392,10.3782379],[-75.3046775,10.3786841],[-75.3049371,10.3788322],[-75.3053414,10.3790646],[-75.3061346,10.3796739],[-75.3067221,10.3803484],[-75.3069341,10.3804949],[-75.307107,10.3805814],[-75.3071719,10.380603],[-75.3072157,10.380774],[-75.3071024,10.3815174],[-75.3070542,10.3822611],[-75.3070712,10.383005],[-75.3071532,10.3837491],[-75.3074444,10.3838405],[-75.3076515,10.3839454],[-75.3079937,10.3842119],[-75.3081839,10.3844721],[-75.3082975,10.3847394],[-75.3083728,10.3850444],[-75.3083124,10.3855011],[-75.3083556,10.3856544],[-75.3086046,10.3857111],[-75.3087152,10.3857564],[-75.3088497,10.3858495],[-75.3089256,10.3859398],[-75.3089219,10.3860653],[-75.308698,10.3864182],[-75.3086725,10.3865735],[-75.3088847,10.3868617],[-75.3088707,10.3871102],[-75.3091136,10.3872363],[-75.3093102,10.3876987],[-75.3095996,10.3879009],[-75.3096498,10.388077],[-75.309592,10.3884351],[-75.3095959,10.3885815],[-75.3097322,10.3889582],[-75.3099089,10.3892262],[-75.3100766,10.3893474],[-75.3103637,10.3893815],[-75.3105374,10.3891938],[-75.3107151,10.3892537],[-75.3108033,10.3895649],[-75.3109969,10.3898863],[-75.3113032,10.3902147],[-75.3115992,10.3904215],[-75.3118154,10.390463],[-75.3123938,10.3904181],[-75.3126298,10.3904522],[-75.3127913,10.3905612],[-75.313132,10.3909569],[-75.3135253,10.3911482],[-75.3137383,10.3911599],[-75.3143124,10.3910789],[-75.3144621,10.3911299],[-75.3146334,10.3912879],[-75.3149916,10.3918408],[-75.3153742,10.3920965],[-75.3154695,10.3921954],[-75.3155258,10.3922989],[-75.3154908,10.3926695],[-75.3155109,10.3928646],[-75.3156734,10.3935397],[-75.3160321,10.3945951],[-75.3161683,10.3948904],[-75.316455,10.3953867],[-75.3165453,10.3960805],[-75.3168586,10.3969042],[-75.3169394,10.3972109],[-75.3169537,10.3975218],[-75.3168809,10.3983983],[-75.3170281,10.3991034],[-75.3170468,10.3993265],[-75.3170004,10.3995573],[-75.3167922,10.4001196],[-75.3167886,10.4003908],[-75.3169083,10.4005972],[-75.3173814,10.4011015],[-75.3177592,10.4018302],[-75.3179186,10.4020696],[-75.3180794,10.4022215],[-75.318489,10.4024835],[-75.3186148,10.4026103],[-75.3187323,10.402875],[-75.3187788,10.4031913],[-75.3188279,10.403388],[-75.3189559,10.4036887],[-75.3190707,10.4038765],[-75.319179,10.4040004],[-75.3194753,10.4039938],[-75.3199246,10.4040109],[-75.3203735,10.4040539],[-75.3208258,10.4041225],[-75.3212758,10.4042147],[-75.3217148,10.4043271],[-75.3221505,10.4044598],[-75.3225681,10.4046065],[-75.3229819,10.40477],[-75.3233961,10.404951],[-75.3242207,10.4053545],[-75.3250462,10.4057972],[-75.3284106,10.4076439],[-75.329259,10.4081434],[-75.3296767,10.4084086],[-75.3304881,10.4089732],[-75.3308859,10.4092772],[-75.3312776,10.4095948],[-75.3320446,10.4102685],[-75.3324185,10.4106209],[-75.3331357,10.411337],[-75.333789,10.4120296],[-75.3346953,10.4130274],[-75.3347502,10.4130728],[-75.3353719,10.413741],[-75.3360098,10.414394],[-75.3367372,10.4150816],[-75.3375175,10.4157477],[-75.3379287,10.4160685],[-75.3383473,10.4163736],[-75.3387816,10.4166667],[-75.3392216,10.4169388],[-75.3396646,10.4171862],[-75.3401126,10.4174086],[-75.340554,10.4175994],[-75.3409997,10.4177631],[-75.3414359,10.4178949],[-75.341875,10.418],[-75.3423226,10.4180793],[-75.3427716,10.4181322],[-75.3432345,10.4181604],[-75.3436972,10.4181638],[-75.3441672,10.4181435],[-75.3446355,10.4181014],[-75.3451013,10.418039],[-75.3455644,10.417958],[-75.3460134,10.4178623],[-75.3464594,10.4177509],[-75.3468965,10.4176264],[-75.347765,10.4173374],[-75.3486293,10.4170054],[-75.3511999,10.4159176],[-75.352494,10.4153963],[-75.3533582,10.4150919],[-75.3537873,10.4149603],[-75.3542177,10.4148438],[-75.3546488,10.4147442],[-75.35508,10.4146628],[-75.3555412,10.4145974],[-75.3559999,10.4145568],[-75.3564641,10.4145437],[-75.3569217,10.4145626],[-75.3573518,10.4146143],[-75.3577708,10.4147021],[-75.3581414,10.4148168],[-75.3584977,10.4149658],[-75.3588115,10.4151347],[-75.3591097,10.4153326],[-75.3594104,10.4155741],[-75.3596936,10.4158427],[-75.359988,10.4161653],[-75.3602674,10.4165094],[-75.3605474,10.4168847],[-75.3613539,10.4180358],[-75.361429,10.418138],[-75.3616463,10.4177917],[-75.3632707,10.4152675],[-75.3652227,10.4135991],[-75.3670232,10.412402],[-75.3697747,10.4114266],[-75.3720608,10.4110831],[-75.3753,10.4111178],[-75.3794068,10.4110625],[-75.3829341,10.4106787],[-75.3850035,10.4102052],[-75.3870548,10.4100211],[-75.3891017,10.4095244],[-75.3916128,10.4083175],[-75.3946703,10.4066341],[-75.3978126,10.4048384],[-75.3979695,10.4047719],[-75.3982598,10.4046489],[-75.3990018,10.404308],[-75.3996167,10.4040212],[-75.3998336,10.40392],[-75.4004225,10.4036351],[-75.4012045,10.4032341],[-75.4022253,10.4026856],[-75.4024494,10.4025855],[-75.4027458,10.4024983],[-75.4044594,10.4021832],[-75.4050594,10.4020508],[-75.4058097,10.4018786],[-75.4062052,10.4018325],[-75.4064451,10.401821],[-75.4075916,10.4018473],[-75.4100785,10.4019526],[-75.4124031,10.4020768],[-75.417138,10.4022455],[-75.4198685,10.4022956],[-75.4220556,10.4023478],[-75.4225119,10.402373],[-75.4226061,10.4023628],[-75.4227117,10.402346],[-75.4228048,10.40232],[-75.4229162,10.4022722],[-75.4230218,10.4022082],[-75.4231236,10.4021249],[-75.4231908,10.4020389],[-75.4232411,10.4019687],[-75.423284,10.4018986],[-75.4233288,10.401802],[-75.4233651,10.4016843],[-75.4235789,10.400652],[-75.4243932,10.3967762],[-75.4245798,10.3960814],[-75.4246997,10.3958816],[-75.4248806,10.3956973],[-75.4263217,10.3952347],[-75.4265109,10.3951259],[-75.4266383,10.3950161],[-75.4270833,10.3944137],[-75.4271646,10.3943167],[-75.4272213,10.3942622],[-75.427304,10.3941989],[-75.4275811,10.3940383],[-75.4278381,10.3939399],[-75.4279129,10.3939307],[-75.4279777,10.3939313],[-75.4280392,10.3939398],[-75.4281135,10.393966],[-75.4281679,10.3939923],[-75.4282197,10.3940232],[-75.4282641,10.3940589],[-75.4283039,10.3941043],[-75.4284546,10.3942737],[-75.4286541,10.3944898],[-75.4287716,10.3945827],[-75.4289485,10.394655],[-75.4291469,10.3946744],[-75.4293005,10.3946503],[-75.4294676,10.3945908],[-75.4296444,10.3944633],[-75.4306239,10.3933202],[-75.4306656,10.3932715],[-75.4307653,10.3931763],[-75.4308843,10.3931027],[-75.4309966,10.3930487],[-75.4310784,10.3930265],[-75.4311591,10.3930114],[-75.4312595,10.3930103],[-75.4314219,10.3930374],[-75.4321393,10.393409],[-75.4322269,10.3934301],[-75.4322939,10.393434],[-75.4323327,10.3934202],[-75.4323569,10.3934116],[-75.4324212,10.3933702],[-75.4330596,10.3927112],[-75.4341486,10.3914659],[-75.4342237,10.3914132],[-75.4343095,10.3913762],[-75.4344624,10.3913367],[-75.4353783,10.3912057],[-75.4363185,10.3908934],[-75.43646,10.3908498],[-75.4370213,10.3906771],[-75.4376606,10.3905589],[-75.4378117,10.3905684],[-75.4379596,10.390585],[-75.4380523,10.3906184],[-75.438141,10.3906547],[-75.4382904,10.3907339],[-75.4387743,10.3912025],[-75.4394621,10.3918274],[-75.4396144,10.391912],[-75.4422519,10.3929508],[-75.4423626,10.3929969],[-75.4436243,10.3935793],[-75.4444478,10.393925],[-75.4461442,10.394637],[-75.4468291,10.3949245],[-75.447175,10.3950718],[-75.4474995,10.3952059],[-75.4476342,10.3947106],[-75.4478723,10.3938352],[-75.4479591,10.3935022],[-75.4480625,10.3931057],[-75.4482236,10.392488],[-75.4486388,10.390978],[-75.4486891,10.3907867],[-75.449026,10.3895047],[-75.4490819,10.3892163],[-75.449232,10.3884689],[-75.4493051,10.3880872],[-75.4493436,10.3878864],[-75.4494189,10.3874935],[-75.4495589,10.3867626],[-75.4497014,10.3860384],[-75.4498492,10.3852527],[-75.450001,10.3844455],[-75.4500897,10.3839735],[-75.4501116,10.3838612],[-75.4502878,10.382942],[-75.4503757,10.3825025],[-75.4504213,10.3822681],[-75.4504587,10.3820757],[-75.4505077,10.3818146],[-75.4505961,10.3813443],[-75.4506119,10.38126],[-75.4506283,10.381173],[-75.4506477,10.3810694],[-75.4507113,10.380751],[-75.451141,10.3784598],[-75.4511759,10.3782736],[-75.4512122,10.3780957],[-75.4513485,10.3774269],[-75.45137,10.3773212],[-75.4513851,10.3772383],[-75.4514972,10.3772746],[-75.4516289,10.3773251],[-75.4531281,10.3780553],[-75.4532829,10.3781314],[-75.4536092,10.3782918],[-75.4539242,10.3784466],[-75.4540645,10.3785156],[-75.4542395,10.3785987],[-75.4545629,10.3787521],[-75.4548892,10.3789202],[-75.4551865,10.3790733],[-75.4552247,10.3791185],[-75.455376,10.3792969],[-75.4554065,10.3793329],[-75.4556636,10.379492],[-75.4559469,10.3796672],[-75.4562482,10.3798536],[-75.4565237,10.3800312],[-75.4567911,10.3802137],[-75.4570611,10.3803981],[-75.457189,10.3804854],[-75.4572551,10.3805253],[-75.4583649,10.3792953],[-75.4585152,10.3792232],[-75.4596662,10.3780758],[-75.4595427,10.3779371],[-75.4606372,10.3768949],[-75.4607363,10.3768076],[-75.4604197,10.3764585],[-75.4609492,10.3760782],[-75.4614454,10.3757102],[-75.4615085,10.3756512],[-75.4616194,10.3755697],[-75.4617973,10.375439],[-75.4632743,10.3743539],[-75.4636341,10.3740413],[-75.4641268,10.3734144],[-75.464603,10.3728083],[-75.4646614,10.372734],[-75.4648555,10.3725002],[-75.4652528,10.3720217],[-75.4656103,10.3716477],[-75.465751,10.3715191],[-75.466223,10.3711167],[-75.4663203,10.3710338],[-75.4666238,10.370767],[-75.468619,10.3689928],[-75.4687771,10.3688835],[-75.468861,10.368822],[-75.4689491,10.3687242],[-75.4690296,10.3686304],[-75.4691147,10.3685394],[-75.4692804,10.3683889],[-75.4694354,10.3682563],[-75.4696959,10.3680608],[-75.4700062,10.3678257],[-75.4701199,10.3677733],[-75.4703987,10.3675733],[-75.4713327,10.3668032],[-75.4728583,10.365766],[-75.4736078,10.3655031],[-75.4731265,10.3650964],[-75.4623752,10.3534214],[-75.4624338,10.3485854],[-75.4628875,10.3346326],[-75.4629379,10.3344555],[-75.4638945,10.3275981],[-75.4422842,10.3142155],[-75.4422814,10.3135792],[-75.4424393,10.3129422],[-75.4431087,10.3127155],[-75.4427826,10.3123155],[-75.441808,10.3119181],[-75.439781,10.3119267],[-75.4388088,10.3120913],[-75.4382416,10.312174],[-75.4375119,10.3121771],[-75.4369437,10.3120189],[-75.4362947,10.3119413],[-75.4358661,10.3118615],[-75.4355573,10.3117795],[-75.4352951,10.3116649],[-75.4350422,10.3115503],[-75.4349599,10.3114906],[-75.4349642,10.311281],[-75.434972,10.3108381],[-75.4349949,10.3103262],[-75.4350329,10.309595],[-75.435361,10.3088322],[-75.436109,10.3079388],[-75.4368488,10.3072713],[-75.4371006,10.3070432],[-75.4381762,10.3063235],[-75.438771,10.3057776],[-75.4390996,10.3048407],[-75.4391604,10.3039909],[-75.4388779,10.3032939],[-75.4383441,10.3029335],[-75.4380771,10.3027821],[-75.4375355,10.3025855],[-75.4372681,10.3024895],[-75.4366733,10.3019892],[-75.4363907,10.3016537],[-75.4356128,10.3007486],[-75.4352695,10.3002383],[-75.43456,10.299203],[-75.4337665,10.2977218],[-75.4337017,10.2975477],[-75.4330715,10.2974271],[-75.432305,10.2975382],[-75.4318929,10.2978868],[-75.43158,10.2984767],[-75.4315881,10.2993014],[-75.4315879,10.2995229],[-75.4315192,10.3003931],[-75.4314585,10.3012644],[-75.431016,10.3022243],[-75.4306651,10.3024811],[-75.4302074,10.3028141],[-75.4298868,10.302951],[-75.42933,10.3031962],[-75.4283227,10.3036343],[-75.4280253,10.3037192],[-75.4273689,10.3038733],[-75.4262935,10.3041264],[-75.4250346,10.3042582],[-75.4242718,10.3042388],[-75.4232341,10.3038036],[-75.4223109,10.3033465],[-75.4216469,10.3032171],[-75.4207011,10.3032188],[-75.4204342,10.3032188],[-75.4199379,10.3032197],[-75.4196938,10.3032196],[-75.4194269,10.3033789],[-75.4188318,10.3029441],[-75.4181527,10.3025967],[-75.4176877,10.3021829],[-75.4174281,10.3016394],[-75.4173136,10.3013993],[-75.416894,10.3005062],[-75.4162608,10.2992988],[-75.4160472,10.2991077],[-75.415864,10.2989378],[-75.4155437,10.2988748],[-75.4152234,10.2988083],[-75.4139717,10.2990282],[-75.4127132,10.2991384],[-75.4122942,10.2991317],[-75.4117749,10.2981145],[-75.4117734,10.2977462],[-75.4117646,10.2956666],[-75.412277,10.2950526],[-75.4126873,10.2946429],[-75.4126851,10.2941329],[-75.4124778,10.2938278],[-75.4123714,10.2930123],[-75.412059,10.2921976],[-75.4123646,10.2913804],[-75.4130851,10.2912754],[-75.4135983,10.2908653],[-75.4136692,10.2908369],[-75.4134923,10.2901518],[-75.413491,10.2898458],[-75.4125603,10.2889317],[-75.4120389,10.2874039],[-75.4110039,10.2861843],[-75.4108988,10.2856747],[-75.4108975,10.2853687],[-75.4103804,10.2848609],[-75.4098468,10.2843096],[-75.4094514,10.2843547],[-75.4084215,10.284359],[-75.4075942,10.2835464],[-75.4074904,10.2833429],[-75.4068699,10.2827334],[-75.4067656,10.2824279],[-75.4055272,10.281821],[-75.4050119,10.2817211],[-75.404182,10.2802966],[-75.4033564,10.279892],[-75.4022228,10.2796926],[-75.400781,10.2796985],[-75.4002652,10.2794966],[-75.3996447,10.2788872],[-75.3986127,10.2783814],[-75.3984055,10.2780763],[-75.3977863,10.2777728],[-75.3968586,10.2775726],[-75.394284,10.2775831],[-75.3937695,10.2776871],[-75.3928422,10.2775889],[-75.3920171,10.2772863],[-75.3911923,10.2770856],[-75.390471,10.2769865],[-75.389437,10.2759708],[-75.3885059,10.2749546],[-75.3877763,10.2740231],[-75.387802,10.2741866],[-75.3878905,10.2746268],[-75.387992,10.2750583],[-75.3881083,10.2754858],[-75.3882384,10.275904],[-75.3883829,10.2763175],[-75.3885441,10.276735],[-75.3894544,10.278829],[-75.3896187,10.2792422],[-75.3897694,10.2796605],[-75.3899006,10.2800744],[-75.3900153,10.280494],[-75.3901157,10.2809285],[-75.3902015,10.2813679],[-75.390368,10.2824442],[-75.3899636,10.282532],[-75.3888286,10.2827697],[-75.3884353,10.2829187],[-75.3877198,10.2830989],[-75.3871829,10.283172],[-75.3867541,10.283422],[-75.3863264,10.2839203],[-75.386257,10.2844526],[-75.3861158,10.2849497],[-75.3860474,10.2857302],[-75.3857283,10.2865118],[-75.3854447,10.2872223],[-75.3851974,10.2880391],[-75.3850201,10.2884654],[-75.3847722,10.2891403],[-75.3844165,10.2897446],[-75.3841313,10.290065],[-75.3834899,10.2908479],[-75.3830982,10.2913815],[-75.382921,10.2918432],[-75.3824215,10.2923063],[-75.3820287,10.2925917],[-75.3809923,10.2931278],[-75.3805795,10.2932039],[-75.3805074,10.2932709],[-75.3802351,10.2935177],[-75.379958,10.2937591],[-75.3796762,10.293995],[-75.3793898,10.2942254],[-75.379099,10.2944501],[-75.3788038,10.294669],[-75.3785044,10.2948821],[-75.3782009,10.2950892],[-75.3778933,10.2952904],[-75.3775818,10.2954855],[-75.3772666,10.2956744],[-75.3769477,10.2958571],[-75.3766254,10.2960335],[-75.3762996,10.2962036],[-75.3759705,10.2963672],[-75.3756383,10.2965244],[-75.375303,10.2966749],[-75.3749649,10.2968189],[-75.374624,10.2969562],[-75.3742805,10.2970868],[-75.3739344,10.2972106],[-75.3735861,10.2973276],[-75.3734004,10.2973868],[-75.3732354,10.2974377],[-75.3728827,10.2975409],[-75.3725281,10.2976372],[-75.3721716,10.2977265],[-75.3718134,10.2978088],[-75.3714537,10.297884],[-75.3710925,10.2979522],[-75.3707301,10.2980132],[-75.3703666,10.2980671],[-75.3700021,10.2981139],[-75.3696367,10.2981535],[-75.3692707,10.298186],[-75.368904,10.2982112],[-75.368537,10.2982292],[-75.3681696,10.2982401],[-75.3678021,10.2982437],[-75.3674346,10.2982401],[-75.3670673,10.2982292],[-75.3667002,10.2982112],[-75.3663336,10.298186],[-75.3659675,10.2981535],[-75.3656021,10.2981139],[-75.3652376,10.2980671],[-75.3549959,10.2966355],[-75.3546961,10.2973358],[-75.3542976,10.2985359],[-75.353895,10.2987372],[-75.3528869,10.2988411],[-75.3523826,10.2988431],[-75.3515766,10.299046],[-75.3510747,10.2996472],[-75.3508766,10.3005469],[-75.3506765,10.3009472],[-75.3502743,10.3012484],[-75.3496696,10.3013506],[-75.349167,10.3017521],[-75.3487639,10.3018536],[-75.3487278,10.3019017],[-75.3479571,10.3018567],[-75.3472512,10.3018595],[-75.3466448,10.3015623],[-75.3459373,10.3011655],[-75.345329,10.3003689],[-75.34422,10.3004731],[-75.3433127,10.3005766],[-75.3430102,10.3005777],[-75.3420012,10.3004818],[-75.3414954,10.3000843],[-75.3406858,10.2993883],[-75.3398798,10.2995912],[-75.3387748,10.3006942],[-75.3381724,10.3013956],[-75.3377714,10.3019965],[-75.3374708,10.302497],[-75.337069,10.3028981],[-75.3366688,10.3036986],[-75.3365711,10.304498],[-75.3365731,10.3049974],[-75.3367055,10.3058958],[-75.3367073,10.3063526],[-75.3366268,10.3067598],[-75.3362581,10.3070461],[-75.3353145,10.307416],[-75.3350696,10.3078238],[-75.3348258,10.3085165],[-75.3342107,10.3088444],[-75.3332249,10.3089296],[-75.3328564,10.3092566],[-75.3326539,10.3099898],[-75.3323687,10.3106013],[-75.3309742,10.3112577],[-75.3299896,10.3116684],[-75.3283077,10.3123667],[-75.3273231,10.3127774],[-75.3267084,10.3131867],[-75.3257251,10.3139229],[-75.3249476,10.3147397],[-75.3240883,10.3156382],[-75.3235982,10.3164132],[-75.3231493,10.3171881],[-75.3229453,10.3175551],[-75.3227013,10.3182071],[-75.3224574,10.3188997],[-75.3222955,10.3195107],[-75.322585,10.3199979],[-75.322615,10.3204824],[-75.3228214,10.3216801],[-75.3232284,10.3225774],[-75.3236357,10.3235746],[-75.3237394,10.3242733],[-75.3237433,10.3252721],[-75.3235439,10.3258721],[-75.3232437,10.3264725],[-75.322843,10.3271732],[-75.321936,10.3273765],[-75.3209278,10.3274802],[-75.3203234,10.3276823],[-75.3189117,10.3277876],[-75.3182065,10.3279901],[-75.3171975,10.3278941],[-75.3166908,10.3272968],[-75.316287,10.3271984],[-75.3155798,10.3269015],[-75.3151744,10.3264037],[-75.314364,10.3255079],[-75.3137557,10.3247112],[-75.3135128,10.3245431],[-75.3131483,10.3244004],[-75.3128466,10.3243707],[-75.3125892,10.3243398],[-75.3132767,10.3261929],[-75.313421,10.3266212],[-75.3135505,10.3270523],[-75.3136583,10.3274816],[-75.3137428,10.3279149],[-75.313802,10.3283589],[-75.3138359,10.3288062],[-75.3138462,10.3292602],[-75.3138329,10.3297157],[-75.3137959,10.3301666],[-75.3137346,10.3306172],[-75.3136499,10.331058],[-75.313541,10.3314971],[-75.3134518,10.3317898],[-75.3129922,10.3317916],[-75.3119828,10.3319622],[-75.3109746,10.3324661],[-75.3094608,10.3328053],[-75.3079475,10.3333112],[-75.3066072,10.3349833],[-75.3056029,10.3364875],[-75.3044309,10.338159],[-75.3027487,10.3384988],[-75.3014038,10.339004],[-75.2990475,10.3391797],[-75.2963538,10.3391899],[-75.2955088,10.3383595],[-75.2942826,10.3364577],[-75.2940986,10.336617],[-75.2937741,10.3369036],[-75.2931024,10.3371468],[-75.2928967,10.3372233],[-75.2916149,10.3373988],[-75.2903914,10.3373976],[-75.287964,10.3394737],[-75.2869329,10.3403699],[-75.2859224,10.3412891],[-75.2852737,10.3419218],[-75.2846527,10.3425734],[-75.2843506,10.3429091],[-75.2840547,10.3432503],[-75.2834791,10.3439488],[-75.28265,10.3450301],[-75.282117,10.3457649],[-75.2815965,10.3465082],[-75.2805898,10.3480186],[-75.2798692,10.3491731],[-75.2791881,10.3503466],[-75.2785541,10.3515458],[-75.278161,10.3523613],[-75.2776207,10.3536018],[-75.2771355,10.3548601],[-75.2763821,10.3569715],[-75.2762162,10.3573927],[-75.2760489,10.3577766],[-75.2758681,10.3581539]]]}},{"type":"Feature","properties":{"layer":"admin","location_id":"CO-cartagena","admin_name":"Blas de Lezo","admin_level":10,"color":"#dc2626"},"geometry":{"type":"Polygon","coordinates":[[[-75.4885095,10.3909411],[-75.4885931,10.3905663],[-75.4887071,10.3900837],[-75.4887676,10.3898336],[-75.4888423,10.3895332],[-75.4890744,10.3885467],[-75.4890926,10.3884823],[-75.4891158,10.3884005],[-75.4891434,10.3883404],[-75.4892539,10.3880953],[-75.4893149,10.387953],[-75.4893934,10.3877808],[-75.4894909,10.3875734],[-75.4895033,10.387546],[-75.4895184,10.3875167],[-75.4896045,10.3873496],[-75.4896838,10.38717],[-75.4897028,10.3871279],[-75.4898063,10.3868981],[-75.4898414,10.3868166],[-75.4898676,10.3867558],[-75.4898858,10.3867398],[-75.4899042,10.386684],[-75.4898906,10.3865068],[-75.4898637,10.3863337],[-75.4898515,10.3862812],[-75.4898333,10.3862262],[-75.4898113,10.3861307],[-75.4897982,10.3860463],[-75.4897684,10.38574],[-75.4897712,10.3852969],[-75.4897295,10.3847894],[-75.4892836,10.384675],[-75.4894534,10.3840409],[-75.4893605,10.3840051],[-75.4894918,10.3836263],[-75.4896154,10.3832737],[-75.4897246,10.3828773],[-75.489438,10.3827853],[-75.4892124,10.3827267],[-75.4888973,10.3826311],[-75.4887799,10.3825999],[-75.4883502,10.3824864],[-75.4878021,10.3823539],[-75.4872833,10.3822031],[-75.4872237,10.3821754],[-75.4869098,10.3820806],[-75.4865889,10.382],[-75.4864535,10.3819648],[-75.4859776,10.3818389],[-75.4857396,10.3817725],[-75.4856629,10.3817499],[-75.4855367,10.3817173],[-75.4853106,10.3816565],[-75.4850853,10.3815926],[-75.4848565,10.3815283],[-75.4848095,10.3815163],[-75.4847204,10.3814913],[-75.4846383,10.3814695],[-75.4844047,10.3814006],[-75.4839695,10.3812807],[-75.4839113,10.3814364],[-75.4838256,10.3816657],[-75.4837368,10.3819032],[-75.4836947,10.3820157],[-75.4836627,10.3821014],[-75.4836108,10.3822401],[-75.4835499,10.3824031],[-75.4835253,10.3824687],[-75.4834799,10.3825902],[-75.4834647,10.3826309],[-75.4833815,10.3828535],[-75.4832922,10.3830806],[-75.483254,10.3831879],[-75.4832292,10.3832514],[-75.4831653,10.3834047],[-75.483084,10.3836245],[-75.4830575,10.3836923],[-75.483007,10.3838385],[-75.4829078,10.3841263],[-75.4828684,10.3842407],[-75.4828001,10.3844386],[-75.4827648,10.3845411],[-75.4826555,10.3848581],[-75.4826137,10.3849794],[-75.4825636,10.3851245],[-75.4822089,10.3861532],[-75.4820496,10.3866289],[-75.4820443,10.386739],[-75.4820337,10.3867686],[-75.4820179,10.3868126],[-75.482009,10.3868384],[-75.4820036,10.3868541],[-75.481599,10.3880253],[-75.4815938,10.3880437],[-75.4815107,10.3883091],[-75.481301,10.3890143],[-75.4812172,10.3893701],[-75.4812461,10.3893839],[-75.4815386,10.389524],[-75.4817847,10.3896498],[-75.4823807,10.3899465],[-75.482424,10.3899698],[-75.4826537,10.3900856],[-75.4831426,10.3903444],[-75.4832106,10.3903819],[-75.4834938,10.3905276],[-75.4836898,10.3906255],[-75.4840595,10.3908125],[-75.4843401,10.3909554],[-75.484911,10.3912432],[-75.4860201,10.3917893],[-75.4862122,10.391886],[-75.4862627,10.391865],[-75.4868041,10.3916405],[-75.4869973,10.3915603],[-75.4881645,10.3910773],[-75.4882929,10.391022],[-75.4885095,10.3909411]]]}},{"type":"Feature","properties":{"layer":"city","location_id":"DE-berlin","city_name":"Mitte","order":0,"color":"#2563eb"},"geometry":{"type":"Polygon","coordinates":[[[13.4286516,52.5214498],[13.4277699,52.5218307],[13.427648,52.5218833],[13.4255523,52.5227924],[13.4259104,52.5228316],[13.4260028,52.5229219],[13.4265191,52.5229415],[13.426501,52.5232938],[13.4262749,52.5233038],[13.425881,52.5233521],[13.4254847,52.5234462],[13.4254333,52.5234391],[13.424745,52.5236397],[13.4240706,52.5238552],[13.4237733,52.5239632],[13.422336,52.524527],[13.4217536,52.5247551],[13.4197996,52.5255288],[13.4197532,52.5255456],[13.4182495,52.5261801],[13.41689,52.5267834],[13.4169047,52.5267961],[13.4167074,52.5268855],[13.4166852,52.5268759],[13.4163549,52.5270212],[13.4163015,52.5270371],[13.416291,52.5270404],[13.4161457,52.5270836],[13.4159556,52.5271846],[13.4154317,52.5274633],[13.4151743,52.5275359],[13.4144189,52.5277489],[13.414205,52.5278093],[13.413349,52.5280506],[13.4133468,52.5280512],[13.4133165,52.5280598],[13.4130892,52.5281233],[13.4121847,52.5283752],[13.4114254,52.5285913],[13.4113137,52.5286212],[13.4100918,52.5288107],[13.409397,52.5289508],[13.4081892,52.5292275],[13.4072072,52.5293938],[13.4068706,52.5294495],[13.40687,52.5294483],[13.4055857,52.529665],[13.4059284,52.5303806],[13.4060864,52.5306051],[13.405991,52.5307807],[13.4060518,52.5309717],[13.4060978,52.5311425],[13.4063676,52.5320853],[13.4064243,52.5323485],[13.4071799,52.5331318],[13.407336,52.5333011],[13.4081809,52.5341755],[13.4083499,52.5343479],[13.4078027,52.5345645],[13.4074862,52.5346898],[13.4069773,52.5356029],[13.4069175,52.5357101],[13.4067482,52.5361014],[13.4061433,52.5372839],[13.4060989,52.5373722],[13.4058852,52.537797],[13.405814,52.5377843],[13.4054616,52.5385026],[13.4055188,52.5385137],[13.4054153,52.5387206],[13.405363,52.5387116],[13.4053025,52.5388256],[13.4053572,52.5388368],[13.405178,52.5391951],[13.4047046,52.5401877],[13.4041908,52.5404013],[13.4035279,52.5402134],[13.4015572,52.5398222],[13.4014108,52.5397801],[13.4013484,52.5397625],[13.4005501,52.539533],[13.4004127,52.5394934],[13.40028,52.5394551],[13.4001073,52.5394061],[13.399901,52.5393476],[13.3997014,52.5392909],[13.3994175,52.5392103],[13.3992317,52.5391588],[13.3990083,52.5390985],[13.3987971,52.5390403],[13.3981328,52.5388533],[13.3979494,52.5388018],[13.3978317,52.5387697],[13.3955801,52.5381553],[13.3931312,52.537447],[13.3901395,52.5354733],[13.3901143,52.5354558],[13.3900429,52.5354049],[13.3899925,52.5353663],[13.3898557,52.5352616],[13.3895384,52.5349816],[13.3883015,52.5337816],[13.3879277,52.5332651],[13.3877416,52.5331793],[13.3862526,52.53429],[13.3849179,52.5354542],[13.3831012,52.5369416],[13.3821339,52.5377677],[13.3800653,52.5397546],[13.3798263,52.5400673],[13.379742,52.5401484],[13.3794935,52.5401369],[13.376334,52.5382131],[13.376127,52.5380868],[13.3761674,52.5380617],[13.3749244,52.537325],[13.374555,52.537033],[13.3741528,52.5372778],[13.3737572,52.5375186],[13.3729884,52.5380288],[13.369537,52.5364183],[13.3686093,52.5359913],[13.3685334,52.536057],[13.3678819,52.5366213],[13.3667012,52.5360631],[13.3665589,52.5359129],[13.3658989,52.5356771],[13.3662455,52.5353543],[13.3662667,52.5353346],[13.3666225,52.5350032],[13.3666276,52.5349984],[13.3677136,52.5339868],[13.3683389,52.5333754],[13.3684815,52.5333023],[13.3688855,52.5329094],[13.3692257,52.5325525],[13.3692464,52.5325375],[13.36938,52.5324407],[13.3697794,52.5319836],[13.3701074,52.5315524],[13.3705492,52.530946],[13.3706263,52.530836],[13.3708157,52.5305776],[13.370997,52.5303427],[13.3711677,52.5301632],[13.3718926,52.5294259],[13.3723307,52.5290068],[13.3730627,52.5284107],[13.3734264,52.5280606],[13.3735728,52.5278868],[13.3735904,52.527864],[13.3736395,52.5278007],[13.3737272,52.5276291],[13.3737789,52.5275278],[13.373847,52.5273447],[13.3738563,52.5271365],[13.3738047,52.5268662],[13.3736608,52.5266924],[13.3734103,52.5265082],[13.3733561,52.5265017],[13.3715851,52.5265049],[13.3715848,52.526496],[13.3715728,52.5264893],[13.3715323,52.5264891],[13.3715195,52.5264971],[13.3715195,52.5265052],[13.3710784,52.5265056],[13.3710528,52.5264918],[13.3710483,52.5258548],[13.3710485,52.5257681],[13.3710481,52.5255795],[13.3710418,52.5253881],[13.3710363,52.5252239],[13.3716961,52.5248267],[13.3717855,52.5228009],[13.3719072,52.5228041],[13.3721112,52.5228053],[13.3723078,52.5227958],[13.3724382,52.5227921],[13.3725625,52.5227835],[13.3726817,52.5227742],[13.3728545,52.5227564],[13.3730273,52.5227386],[13.3732179,52.5227069],[13.3733972,52.5226765],[13.3735791,52.5226334],[13.3736518,52.5226174],[13.3738034,52.5225738],[13.3739095,52.5225381],[13.3740076,52.5225074],[13.3742637,52.5224101],[13.3744843,52.522313],[13.3745857,52.5222656],[13.3747754,52.5221743],[13.3749421,52.5220875],[13.3750451,52.5220319],[13.3752891,52.5218957],[13.375386,52.5218348],[13.3755709,52.521656],[13.3756183,52.5216013],[13.3756428,52.5215768],[13.3758532,52.5213208],[13.3759305,52.5212096],[13.3759871,52.5209689],[13.3760324,52.5207919],[13.3761487,52.5203079],[13.3763704,52.5199859],[13.3765208,52.5198502],[13.3766847,52.5197326],[13.3767404,52.5196987],[13.3769629,52.5195876],[13.3770025,52.519565],[13.3769827,52.51795],[13.3768575,52.5176951],[13.3769867,52.5174033],[13.3772108,52.5169175],[13.3772438,52.5168229],[13.3771837,52.5167654],[13.3770721,52.5167236],[13.3769262,52.516661],[13.3767631,52.5165774],[13.3766687,52.5165095],[13.3765915,52.516405],[13.376567,52.5163453],[13.3765486,52.5163006],[13.3765769,52.5162016],[13.3766172,52.5160551],[13.3766945,52.5159349],[13.3768146,52.5158305],[13.3769605,52.5157626],[13.377218,52.515679],[13.377373,52.5156371],[13.3769876,52.5135825],[13.3768505,52.5129279],[13.376822,52.5124798],[13.3768188,52.5124089],[13.3770286,52.5123583],[13.3767099,52.510759],[13.3767015,52.51072],[13.3766943,52.5106866],[13.3766888,52.5106616],[13.3765954,52.5102406],[13.3765808,52.5101679],[13.3765633,52.5100881],[13.3765301,52.5099505],[13.3765682,52.50975],[13.3765736,52.5097067],[13.376578,52.5096466],[13.3765821,52.5095898],[13.3765973,52.5094216],[13.3766022,52.5093604],[13.3765976,52.509293],[13.3766522,52.509055],[13.3766729,52.5089993],[13.3766972,52.5089476],[13.376723,52.5089049],[13.3767531,52.5088636],[13.3767921,52.5088174],[13.3768429,52.5087668],[13.3769073,52.5087116],[13.3770867,52.5085675],[13.3771698,52.5085013],[13.3773676,52.5083413],[13.3776503,52.5079658],[13.3789222,52.5069995],[13.3817166,52.507134],[13.3857617,52.5073286],[13.3862476,52.5073575],[13.3868833,52.5073951],[13.3898682,52.5075711],[13.390484,52.5075985],[13.3906557,52.5076088],[13.3922257,52.5077033],[13.3927738,52.5077409],[13.3928354,52.5077446],[13.3932494,52.5077697],[13.3936751,52.5077955],[13.3942839,52.5078332],[13.3981888,52.5080789],[13.3987719,52.5081134],[13.3987944,52.5080917],[13.3992301,52.5080775],[13.3997671,52.5088],[13.3999387,52.5090282],[13.4000254,52.509151],[13.4001886,52.5093755],[13.4002283,52.5093816],[13.4009175,52.5091378],[13.4012638,52.5090381],[13.4021013,52.5087285],[13.4027619,52.5085334],[13.4036253,52.5081765],[13.404037,52.5079941],[13.4043168,52.5078766],[13.4044429,52.5077718],[13.4045782,52.5078856],[13.4046343,52.5079228],[13.4052837,52.5082102],[13.4056214,52.5079615],[13.4057965,52.5078345],[13.4059383,52.5077299],[13.4064044,52.5073853],[13.4073589,52.5066478],[13.4074002,52.5066723],[13.4078501,52.5063267],[13.4080301,52.5061832],[13.4099694,52.5069278],[13.4108939,52.5057255],[13.4115252,52.5048911],[13.413773,52.5041375],[13.4139111,52.5040911],[13.4140723,52.5040371],[13.4143901,52.5044172],[13.4146097,52.5046798],[13.4145925,52.5047921],[13.4146075,52.5047981],[13.4148175,52.5048825],[13.4149072,52.5049185],[13.416392,52.5045068],[13.4164358,52.5044945],[13.4166273,52.5044415],[13.4166876,52.5044242],[13.416704,52.5044196],[13.4168472,52.5043798],[13.4176016,52.5041685],[13.4182136,52.5050177],[13.4184001,52.5049933],[13.4185186,52.5049867],[13.4185318,52.504969],[13.4189443,52.5050603],[13.4189245,52.50508],[13.4189981,52.5051182],[13.4191101,52.5052037],[13.4194305,52.5056491],[13.4206174,52.5053214],[13.4211305,52.5051754],[13.4215419,52.5050785],[13.4217786,52.5050451],[13.4220787,52.5050273],[13.4223011,52.5050078],[13.4226642,52.5049872],[13.423038,52.50498],[13.4233526,52.5049868],[13.4237378,52.505009],[13.4239799,52.5050293],[13.4242715,52.5050652],[13.4243499,52.5050748],[13.4244748,52.5050933],[13.4246748,52.5051265],[13.4247139,52.505133],[13.4249569,52.5051819],[13.4254971,52.5053228],[13.4257206,52.5053929],[13.4258215,52.5054247],[13.4261207,52.5055508],[13.4267083,52.5057986],[13.4269722,52.5057312],[13.4271997,52.5056674],[13.4272346,52.505717],[13.4273837,52.5059293],[13.4274328,52.5059993],[13.4274666,52.5060473],[13.427499,52.5060935],[13.4276139,52.5062578],[13.427689,52.5063666],[13.4278537,52.5066013],[13.4279958,52.5068044],[13.4281137,52.5069735],[13.4283665,52.5073345],[13.4288144,52.5079776],[13.4290283,52.5080363],[13.4294017,52.5085626],[13.4292376,52.5086638],[13.4292032,52.5087194],[13.4291869,52.5088123],[13.42917,52.5088353],[13.4288927,52.5089711],[13.4288636,52.5089799],[13.4286637,52.5089922],[13.4283796,52.5090711],[13.4280901,52.5092781],[13.4271178,52.5098499],[13.4260485,52.5104788],[13.4244677,52.5113968],[13.4231813,52.5120816],[13.4230834,52.5121233],[13.4230325,52.5121199],[13.4227803,52.5122343],[13.4232333,52.512717],[13.4238389,52.5133666],[13.4240118,52.5136867],[13.4240624,52.5137399],[13.4241002,52.5137867],[13.4243882,52.5141378],[13.4248581,52.5147512],[13.4250962,52.5150695],[13.4251388,52.515144],[13.4256734,52.5160708],[13.4260106,52.5166807],[13.426387,52.5173383],[13.4264117,52.5173823],[13.4267494,52.5179611],[13.4263382,52.5180441],[13.426325,52.5180342],[13.4261515,52.5180693],[13.4263036,52.5182898],[13.4259489,52.5183762],[13.4269188,52.5197438],[13.4273894,52.5196195],[13.427473,52.519607],[13.4283998,52.5195865],[13.4287208,52.520244],[13.4291879,52.5212028],[13.4291793,52.5212255],[13.4286516,52.5214498]]]}},{"type":"Feature","properties":{"layer":"city","location_id":"DE-berlin","city_name":"Berlin","order":1,"color":"#22c55e"},"geometry":{"type":"Polygon","coordinates":[[[13.4286516,52.5214498],[13.4277699,52.5218307],[13.427648,52.5218833],[13.4255523,52.5227924],[13.4259104,52.5228316],[13.4260028,52.5229219],[13.4265191,52.5229415],[13.426501,52.5232938],[13.4262749,52.5233038],[13.425881,52.5233521],[13.4254847,52.5234462],[13.4254333,52.5234391],[13.424745,52.5236397],[13.4240706,52.5238552],[13.4237733,52.5239632],[13.422336,52.524527],[13.4217536,52.5247551],[13.4197996,52.5255288],[13.4197532,52.5255456],[13.4182495,52.5261801],[13.41689,52.5267834],[13.4169047,52.5267961],[13.4167074,52.5268855],[13.4166852,52.5268759],[13.4163549,52.5270212],[13.4163015,52.5270371],[13.416291,52.5270404],[13.4161457,52.5270836],[13.4159556,52.5271846],[13.4154317,52.5274633],[13.4151743,52.5275359],[13.4144189,52.5277489],[13.414205,52.5278093],[13.413349,52.5280506],[13.4133468,52.5280512],[13.4133165,52.5280598],[13.4130892,52.5281233],[13.4121847,52.5283752],[13.4114254,52.5285913],[13.4113137,52.5286212],[13.4100918,52.5288107],[13.409397,52.5289508],[13.4081892,52.5292275],[13.4072072,52.5293938],[13.4068706,52.5294495],[13.40687,52.5294483],[13.4055857,52.529665],[13.4059284,52.5303806],[13.4060864,52.5306051],[13.405991,52.5307807],[13.4060518,52.5309717],[13.4060978,52.5311425],[13.4063676,52.5320853],[13.4064243,52.5323485],[13.4071799,52.5331318],[13.407336,52.5333011],[13.4081809,52.5341755],[13.4083499,52.5343479],[13.4078027,52.5345645],[13.4074862,52.5346898],[13.4069773,52.5356029],[13.4069175,52.5357101],[13.4067482,52.5361014],[13.4061433,52.5372839],[13.4060989,52.5373722],[13.4058852,52.537797],[13.405814,52.5377843],[13.4054616,52.5385026],[13.4055188,52.5385137],[13.4054153,52.5387206],[13.405363,52.5387116],[13.4053025,52.5388256],[13.4053572,52.5388368],[13.405178,52.5391951],[13.4047046,52.5401877],[13.4041908,52.5404013],[13.4035279,52.5402134],[13.4015572,52.5398222],[13.4014108,52.5397801],[13.4013484,52.5397625],[13.4005501,52.539533],[13.4004127,52.5394934],[13.40028,52.5394551],[13.4001073,52.5394061],[13.399901,52.5393476],[13.3997014,52.5392909],[13.3994175,52.5392103],[13.3992317,52.5391588],[13.3990083,52.5390985],[13.3987971,52.5390403],[13.3981328,52.5388533],[13.3979494,52.5388018],[13.3978317,52.5387697],[13.3955801,52.5381553],[13.3931312,52.537447],[13.3901395,52.5354733],[13.3901143,52.5354558],[13.3900429,52.5354049],[13.3899925,52.5353663],[13.3898557,52.5352616],[13.3895384,52.5349816],[13.3883015,52.5337816],[13.3879277,52.5332651],[13.3877416,52.5331793],[13.3862526,52.53429],[13.3849179,52.5354542],[13.3831012,52.5369416],[13.3821339,52.5377677],[13.3800653,52.5397546],[13.3798263,52.5400673],[13.379742,52.5401484],[13.3794935,52.5401369],[13.376334,52.5382131],[13.376127,52.5380868],[13.3761674,52.5380617],[13.3749244,52.537325],[13.374555,52.537033],[13.3741528,52.5372778],[13.3737572,52.5375186],[13.3729884,52.5380288],[13.369537,52.5364183],[13.3686093,52.5359913],[13.3685334,52.536057],[13.3678819,52.5366213],[13.3667012,52.5360631],[13.3665589,52.5359129],[13.3658989,52.5356771],[13.3662455,52.5353543],[13.3662667,52.5353346],[13.3666225,52.5350032],[13.3666276,52.5349984],[13.3677136,52.5339868],[13.3683389,52.5333754],[13.3684815,52.5333023],[13.3688855,52.5329094],[13.3692257,52.5325525],[13.3692464,52.5325375],[13.36938,52.5324407],[13.3697794,52.5319836],[13.3701074,52.5315524],[13.3705492,52.530946],[13.3706263,52.530836],[13.3708157,52.5305776],[13.370997,52.5303427],[13.3711677,52.5301632],[13.3718926,52.5294259],[13.3723307,52.5290068],[13.3730627,52.5284107],[13.3734264,52.5280606],[13.3735728,52.5278868],[13.3735904,52.527864],[13.3736395,52.5278007],[13.3737272,52.5276291],[13.3737789,52.5275278],[13.373847,52.5273447],[13.3738563,52.5271365],[13.3738047,52.5268662],[13.3736608,52.5266924],[13.3734103,52.5265082],[13.3733561,52.5265017],[13.3715851,52.5265049],[13.3715848,52.526496],[13.3715728,52.5264893],[13.3715323,52.5264891],[13.3715195,52.5264971],[13.3715195,52.5265052],[13.3710784,52.5265056],[13.3710528,52.5264918],[13.3710483,52.5258548],[13.3710485,52.5257681],[13.3710481,52.5255795],[13.3710418,52.5253881],[13.3710363,52.5252239],[13.3716961,52.5248267],[13.3717855,52.5228009],[13.3719072,52.5228041],[13.3721112,52.5228053],[13.3723078,52.5227958],[13.3724382,52.5227921],[13.3725625,52.5227835],[13.3726817,52.5227742],[13.3728545,52.5227564],[13.3730273,52.5227386],[13.3732179,52.5227069],[13.3733972,52.5226765],[13.3735791,52.5226334],[13.3736518,52.5226174],[13.3738034,52.5225738],[13.3739095,52.5225381],[13.3740076,52.5225074],[13.3742637,52.5224101],[13.3744843,52.522313],[13.3745857,52.5222656],[13.3747754,52.5221743],[13.3749421,52.5220875],[13.3750451,52.5220319],[13.3752891,52.5218957],[13.375386,52.5218348],[13.3755709,52.521656],[13.3756183,52.5216013],[13.3756428,52.5215768],[13.3758532,52.5213208],[13.3759305,52.5212096],[13.3759871,52.5209689],[13.3760324,52.5207919],[13.3761487,52.5203079],[13.3763704,52.5199859],[13.3765208,52.5198502],[13.3766847,52.5197326],[13.3767404,52.5196987],[13.3769629,52.5195876],[13.3770025,52.519565],[13.3769827,52.51795],[13.3768575,52.5176951],[13.3769867,52.5174033],[13.3772108,52.5169175],[13.3772438,52.5168229],[13.3771837,52.5167654],[13.3770721,52.5167236],[13.3769262,52.516661],[13.3767631,52.5165774],[13.3766687,52.5165095],[13.3765915,52.516405],[13.376567,52.5163453],[13.3765486,52.5163006],[13.3765769,52.5162016],[13.3766172,52.5160551],[13.3766945,52.5159349],[13.3768146,52.5158305],[13.3769605,52.5157626],[13.377218,52.515679],[13.377373,52.5156371],[13.3769876,52.5135825],[13.3768505,52.5129279],[13.376822,52.5124798],[13.3768188,52.5124089],[13.3770286,52.5123583],[13.3767099,52.510759],[13.3767015,52.51072],[13.3766943,52.5106866],[13.3766888,52.5106616],[13.3765954,52.5102406],[13.3765808,52.5101679],[13.3765633,52.5100881],[13.3765301,52.5099505],[13.3765682,52.50975],[13.3765736,52.5097067],[13.376578,52.5096466],[13.3765821,52.5095898],[13.3765973,52.5094216],[13.3766022,52.5093604],[13.3765976,52.509293],[13.3766522,52.509055],[13.3766729,52.5089993],[13.3766972,52.5089476],[13.376723,52.5089049],[13.3767531,52.5088636],[13.3767921,52.5088174],[13.3768429,52.5087668],[13.3769073,52.5087116],[13.3770867,52.5085675],[13.3771698,52.5085013],[13.3773676,52.5083413],[13.3776503,52.5079658],[13.3789222,52.5069995],[13.3817166,52.507134],[13.3857617,52.5073286],[13.3862476,52.5073575],[13.3868833,52.5073951],[13.3898682,52.5075711],[13.390484,52.5075985],[13.3906557,52.5076088],[13.3922257,52.5077033],[13.3927738,52.5077409],[13.3928354,52.5077446],[13.3932494,52.5077697],[13.3936751,52.5077955],[13.3942839,52.5078332],[13.3981888,52.5080789],[13.3987719,52.5081134],[13.3987944,52.5080917],[13.3992301,52.5080775],[13.3997671,52.5088],[13.3999387,52.5090282],[13.4000254,52.509151],[13.4001886,52.5093755],[13.4002283,52.5093816],[13.4009175,52.5091378],[13.4012638,52.5090381],[13.4021013,52.5087285],[13.4027619,52.5085334],[13.4036253,52.5081765],[13.404037,52.5079941],[13.4043168,52.5078766],[13.4044429,52.5077718],[13.4045782,52.5078856],[13.4046343,52.5079228],[13.4052837,52.5082102],[13.4056214,52.5079615],[13.4057965,52.5078345],[13.4059383,52.5077299],[13.4064044,52.5073853],[13.4073589,52.5066478],[13.4074002,52.5066723],[13.4078501,52.5063267],[13.4080301,52.5061832],[13.4099694,52.5069278],[13.4108939,52.5057255],[13.4115252,52.5048911],[13.413773,52.5041375],[13.4139111,52.5040911],[13.4140723,52.5040371],[13.4143901,52.5044172],[13.4146097,52.5046798],[13.4145925,52.5047921],[13.4146075,52.5047981],[13.4148175,52.5048825],[13.4149072,52.5049185],[13.416392,52.5045068],[13.4164358,52.5044945],[13.4166273,52.5044415],[13.4166876,52.5044242],[13.416704,52.5044196],[13.4168472,52.5043798],[13.4176016,52.5041685],[13.4182136,52.5050177],[13.4184001,52.5049933],[13.4185186,52.5049867],[13.4185318,52.504969],[13.4189443,52.5050603],[13.4189245,52.50508],[13.4189981,52.5051182],[13.4191101,52.5052037],[13.4194305,52.5056491],[13.4206174,52.5053214],[13.4211305,52.5051754],[13.4215419,52.5050785],[13.4217786,52.5050451],[13.4220787,52.5050273],[13.4223011,52.5050078],[13.4226642,52.5049872],[13.423038,52.50498],[13.4233526,52.5049868],[13.4237378,52.505009],[13.4239799,52.5050293],[13.4242715,52.5050652],[13.4243499,52.5050748],[13.4244748,52.5050933],[13.4246748,52.5051265],[13.4247139,52.505133],[13.4249569,52.5051819],[13.4254971,52.5053228],[13.4257206,52.5053929],[13.4258215,52.5054247],[13.4261207,52.5055508],[13.4267083,52.5057986],[13.4269722,52.5057312],[13.4271997,52.5056674],[13.4272346,52.505717],[13.4273837,52.5059293],[13.4274328,52.5059993],[13.4274666,52.5060473],[13.427499,52.5060935],[13.4276139,52.5062578],[13.427689,52.5063666],[13.4278537,52.5066013],[13.4279958,52.5068044],[13.4281137,52.5069735],[13.4283665,52.5073345],[13.4288144,52.5079776],[13.4290283,52.5080363],[13.4294017,52.5085626],[13.4292376,52.5086638],[13.4292032,52.5087194],[13.4291869,52.5088123],[13.42917,52.5088353],[13.4288927,52.5089711],[13.4288636,52.5089799],[13.4286637,52.5089922],[13.4283796,52.5090711],[13.4280901,52.5092781],[13.4271178,52.5098499],[13.4260485,52.5104788],[13.4244677,52.5113968],[13.4231813,52.5120816],[13.4230834,52.5121233],[13.4230325,52.5121199],[13.4227803,52.5122343],[13.4232333,52.512717],[13.4238389,52.5133666],[13.4240118,52.5136867],[13.4240624,52.5137399],[13.4241002,52.5137867],[13.4243882,52.5141378],[13.4248581,52.5147512],[13.4250962,52.5150695],[13.4251388,52.515144],[13.4256734,52.5160708],[13.4260106,52.5166807],[13.426387,52.5173383],[13.4264117,52.5173823],[13.4267494,52.5179611],[13.4263382,52.5180441],[13.426325,52.5180342],[13.4261515,52.5180693],[13.4263036,52.5182898],[13.4259489,52.5183762],[13.4269188,52.5197438],[13.4273894,52.5196195],[13.427473,52.519607],[13.4283998,52.5195865],[13.4287208,52.520244],[13.4291879,52.5212028],[13.4291793,52.5212255],[13.4286516,52.5214498]]]}},{"type":"Feature","properties":{"layer":"admin","location_id":"DE-berlin","admin_name":"Mitte","admin_level":10,"color":"#dc2626"},"geometry":{"type":"Polygon","coordinates":[[[13.4286516,52.5214498],[13.4277699,52.5218307],[13.427648,52.5218833],[13.4255523,52.5227924],[13.4259104,52.5228316],[13.4260028,52.5229219],[13.4265191,52.5229415],[13.426501,52.5232938],[13.4262749,52.5233038],[13.425881,52.5233521],[13.4254847,52.5234462],[13.4254333,52.5234391],[13.424745,52.5236397],[13.4240706,52.5238552],[13.4237733,52.5239632],[13.422336,52.524527],[13.4217536,52.5247551],[13.4197996,52.5255288],[13.4197532,52.5255456],[13.4182495,52.5261801],[13.41689,52.5267834],[13.4169047,52.5267961],[13.4167074,52.5268855],[13.4166852,52.5268759],[13.4163549,52.5270212],[13.4163015,52.5270371],[13.416291,52.5270404],[13.4161457,52.5270836],[13.4159556,52.5271846],[13.4154317,52.5274633],[13.4151743,52.5275359],[13.4144189,52.5277489],[13.414205,52.5278093],[13.413349,52.5280506],[13.4133468,52.5280512],[13.4133165,52.5280598],[13.4130892,52.5281233],[13.4121847,52.5283752],[13.4114254,52.5285913],[13.4113137,52.5286212],[13.4100918,52.5288107],[13.409397,52.5289508],[13.4081892,52.5292275],[13.4072072,52.5293938],[13.4068706,52.5294495],[13.40687,52.5294483],[13.4055857,52.529665],[13.4059284,52.5303806],[13.4060864,52.5306051],[13.405991,52.5307807],[13.4060518,52.5309717],[13.4060978,52.5311425],[13.4063676,52.5320853],[13.4064243,52.5323485],[13.4071799,52.5331318],[13.407336,52.5333011],[13.4081809,52.5341755],[13.4083499,52.5343479],[13.4078027,52.5345645],[13.4074862,52.5346898],[13.4069773,52.5356029],[13.4069175,52.5357101],[13.4067482,52.5361014],[13.4061433,52.5372839],[13.4060989,52.5373722],[13.4058852,52.537797],[13.405814,52.5377843],[13.4054616,52.5385026],[13.4055188,52.5385137],[13.4054153,52.5387206],[13.405363,52.5387116],[13.4053025,52.5388256],[13.4053572,52.5388368],[13.405178,52.5391951],[13.4047046,52.5401877],[13.4041908,52.5404013],[13.4035279,52.5402134],[13.4015572,52.5398222],[13.4014108,52.5397801],[13.4013484,52.5397625],[13.4005501,52.539533],[13.4004127,52.5394934],[13.40028,52.5394551],[13.4001073,52.5394061],[13.399901,52.5393476],[13.3997014,52.5392909],[13.3994175,52.5392103],[13.3992317,52.5391588],[13.3990083,52.5390985],[13.3987971,52.5390403],[13.3981328,52.5388533],[13.3979494,52.5388018],[13.3978317,52.5387697],[13.3955801,52.5381553],[13.3931312,52.537447],[13.3901395,52.5354733],[13.3901143,52.5354558],[13.3900429,52.5354049],[13.3899925,52.5353663],[13.3898557,52.5352616],[13.3895384,52.5349816],[13.3883015,52.5337816],[13.3879277,52.5332651],[13.3877416,52.5331793],[13.3862526,52.53429],[13.3849179,52.5354542],[13.3831012,52.5369416],[13.3821339,52.5377677],[13.3800653,52.5397546],[13.3798263,52.5400673],[13.379742,52.5401484],[13.3794935,52.5401369],[13.376334,52.5382131],[13.376127,52.5380868],[13.3761674,52.5380617],[13.3749244,52.537325],[13.374555,52.537033],[13.3741528,52.5372778],[13.3737572,52.5375186],[13.3729884,52.5380288],[13.369537,52.5364183],[13.3686093,52.5359913],[13.3685334,52.536057],[13.3678819,52.5366213],[13.3667012,52.5360631],[13.3665589,52.5359129],[13.3658989,52.5356771],[13.3662455,52.5353543],[13.3662667,52.5353346],[13.3666225,52.5350032],[13.3666276,52.5349984],[13.3677136,52.5339868],[13.3683389,52.5333754],[13.3684815,52.5333023],[13.3688855,52.5329094],[13.3692257,52.5325525],[13.3692464,52.5325375],[13.36938,52.5324407],[13.3697794,52.5319836],[13.3701074,52.5315524],[13.3705492,52.530946],[13.3706263,52.530836],[13.3708157,52.5305776],[13.370997,52.5303427],[13.3711677,52.5301632],[13.3718926,52.5294259],[13.3723307,52.5290068],[13.3730627,52.5284107],[13.3734264,52.5280606],[13.3735728,52.5278868],[13.3735904,52.527864],[13.3736395,52.5278007],[13.3737272,52.5276291],[13.3737789,52.5275278],[13.373847,52.5273447],[13.3738563,52.5271365],[13.3738047,52.5268662],[13.3736608,52.5266924],[13.3734103,52.5265082],[13.3733561,52.5265017],[13.3715851,52.5265049],[13.3715848,52.526496],[13.3715728,52.5264893],[13.3715323,52.5264891],[13.3715195,52.5264971],[13.3715195,52.5265052],[13.3710784,52.5265056],[13.3710528,52.5264918],[13.3710483,52.5258548],[13.3710485,52.5257681],[13.3710481,52.5255795],[13.3710418,52.5253881],[13.3710363,52.5252239],[13.3716961,52.5248267],[13.3717855,52.5228009],[13.3719072,52.5228041],[13.3721112,52.5228053],[13.3723078,52.5227958],[13.3724382,52.5227921],[13.3725625,52.5227835],[13.3726817,52.5227742],[13.3728545,52.5227564],[13.3730273,52.5227386],[13.3732179,52.5227069],[13.3733972,52.5226765],[13.3735791,52.5226334],[13.3736518,52.5226174],[13.3738034,52.5225738],[13.3739095,52.5225381],[13.3740076,52.5225074],[13.3742637,52.5224101],[13.3744843,52.522313],[13.3745857,52.5222656],[13.3747754,52.5221743],[13.3749421,52.5220875],[13.3750451,52.5220319],[13.3752891,52.5218957],[13.375386,52.5218348],[13.3755709,52.521656],[13.3756183,52.5216013],[13.3756428,52.5215768],[13.3758532,52.5213208],[13.3759305,52.5212096],[13.3759871,52.5209689],[13.3760324,52.5207919],[13.3761487,52.5203079],[13.3763704,52.5199859],[13.3765208,52.5198502],[13.3766847,52.5197326],[13.3767404,52.5196987],[13.3769629,52.5195876],[13.3770025,52.519565],[13.3769827,52.51795],[13.3768575,52.5176951],[13.3769867,52.5174033],[13.3772108,52.5169175],[13.3772438,52.5168229],[13.3771837,52.5167654],[13.3770721,52.5167236],[13.3769262,52.516661],[13.3767631,52.5165774],[13.3766687,52.5165095],[13.3765915,52.516405],[13.376567,52.5163453],[13.3765486,52.5163006],[13.3765769,52.5162016],[13.3766172,52.5160551],[13.3766945,52.5159349],[13.3768146,52.5158305],[13.3769605,52.5157626],[13.377218,52.515679],[13.377373,52.5156371],[13.3769876,52.5135825],[13.3768505,52.5129279],[13.376822,52.5124798],[13.3768188,52.5124089],[13.3770286,52.5123583],[13.3767099,52.510759],[13.3767015,52.51072],[13.3766943,52.5106866],[13.3766888,52.5106616],[13.3765954,52.5102406],[13.3765808,52.5101679],[13.3765633,52.5100881],[13.3765301,52.5099505],[13.3765682,52.50975],[13.3765736,52.5097067],[13.376578,52.5096466],[13.3765821,52.5095898],[13.3765973,52.5094216],[13.3766022,52.5093604],[13.3765976,52.509293],[13.3766522,52.509055],[13.3766729,52.5089993],[13.3766972,52.5089476],[13.376723,52.5089049],[13.3767531,52.5088636],[13.3767921,52.5088174],[13.3768429,52.5087668],[13.3769073,52.5087116],[13.3770867,52.5085675],[13.3771698,52.5085013],[13.3773676,52.5083413],[13.3776503,52.5079658],[13.3789222,52.5069995],[13.3817166,52.507134],[13.3857617,52.5073286],[13.3862476,52.5073575],[13.3868833,52.5073951],[13.3898682,52.5075711],[13.390484,52.5075985],[13.3906557,52.5076088],[13.3922257,52.5077033],[13.3927738,52.5077409],[13.3928354,52.5077446],[13.3932494,52.5077697],[13.3936751,52.5077955],[13.3942839,52.5078332],[13.3981888,52.5080789],[13.3987719,52.5081134],[13.3987944,52.5080917],[13.3992301,52.5080775],[13.3997671,52.5088],[13.3999387,52.5090282],[13.4000254,52.509151],[13.4001886,52.5093755],[13.4002283,52.5093816],[13.4009175,52.5091378],[13.4012638,52.5090381],[13.4021013,52.5087285],[13.4027619,52.5085334],[13.4036253,52.5081765],[13.404037,52.5079941],[13.4043168,52.5078766],[13.4044429,52.5077718],[13.4045782,52.5078856],[13.4046343,52.5079228],[13.4052837,52.5082102],[13.4056214,52.5079615],[13.4057965,52.5078345],[13.4059383,52.5077299],[13.4064044,52.5073853],[13.4073589,52.5066478],[13.4074002,52.5066723],[13.4078501,52.5063267],[13.4080301,52.5061832],[13.4099694,52.5069278],[13.4108939,52.5057255],[13.4115252,52.5048911],[13.413773,52.5041375],[13.4139111,52.5040911],[13.4140723,52.5040371],[13.4143901,52.5044172],[13.4146097,52.5046798],[13.4145925,52.5047921],[13.4146075,52.5047981],[13.4148175,52.5048825],[13.4149072,52.5049185],[13.416392,52.5045068],[13.4164358,52.5044945],[13.4166273,52.5044415],[13.4166876,52.5044242],[13.416704,52.5044196],[13.4168472,52.5043798],[13.4176016,52.5041685],[13.4182136,52.5050177],[13.4184001,52.5049933],[13.4185186,52.5049867],[13.4185318,52.504969],[13.4189443,52.5050603],[13.4189245,52.50508],[13.4189981,52.5051182],[13.4191101,52.5052037],[13.4194305,52.5056491],[13.4206174,52.5053214],[13.4211305,52.5051754],[13.4215419,52.5050785],[13.4217786,52.5050451],[13.4220787,52.5050273],[13.4223011,52.5050078],[13.4226642,52.5049872],[13.423038,52.50498],[13.4233526,52.5049868],[13.4237378,52.505009],[13.4239799,52.5050293],[13.4242715,52.5050652],[13.4243499,52.5050748],[13.4244748,52.5050933],[13.4246748,52.5051265],[13.4247139,52.505133],[13.4249569,52.5051819],[13.4254971,52.5053228],[13.4257206,52.5053929],[13.4258215,52.5054247],[13.4261207,52.5055508],[13.4267083,52.5057986],[13.4269722,52.5057312],[13.4271997,52.5056674],[13.4272346,52.505717],[13.4273837,52.5059293],[13.4274328,52.5059993],[13.4274666,52.5060473],[13.427499,52.5060935],[13.4276139,52.5062578],[13.427689,52.5063666],[13.4278537,52.5066013],[13.4279958,52.5068044],[13.4281137,52.5069735],[13.4283665,52.5073345],[13.4288144,52.5079776],[13.4290283,52.5080363],[13.4294017,52.5085626],[13.4292376,52.5086638],[13.4292032,52.5087194],[13.4291869,52.5088123],[13.42917,52.5088353],[13.4288927,52.5089711],[13.4288636,52.5089799],[13.4286637,52.5089922],[13.4283796,52.5090711],[13.4280901,52.5092781],[13.4271178,52.5098499],[13.4260485,52.5104788],[13.4244677,52.5113968],[13.4231813,52.5120816],[13.4230834,52.5121233],[13.4230325,52.5121199],[13.4227803,52.5122343],[13.4232333,52.512717],[13.4238389,52.5133666],[13.4240118,52.5136867],[13.4240624,52.5137399],[13.4241002,52.5137867],[13.4243882,52.5141378],[13.4248581,52.5147512],[13.4250962,52.5150695],[13.4251388,52.515144],[13.4256734,52.5160708],[13.4260106,52.5166807],[13.426387,52.5173383],[13.4264117,52.5173823],[13.4267494,52.5179611],[13.4263382,52.5180441],[13.426325,52.5180342],[13.4261515,52.5180693],[13.4263036,52.5182898],[13.4259489,52.5183762],[13.4269188,52.5197438],[13.4273894,52.5196195],[13.427473,52.519607],[13.4283998,52.5195865],[13.4287208,52.520244],[13.4291879,52.5212028],[13.4291793,52.5212255],[13.4286516,52.5214498]]]}},{"type":"Feature","properties":{"layer":"city","location_id":"DE-munich","city_name":"Munich","order":0,"color":"#2563eb"},"geometry":{"type":"Polygon","coordinates":[[[11.5774479,48.1426408],[11.57722,48.1421491],[11.5770517,48.1417978],[11.5766488,48.1410666],[11.5761496,48.1400809],[11.5760637,48.1399159],[11.5759659,48.13974],[11.5757299,48.1393291],[11.5755712,48.1389779],[11.5754457,48.1386874],[11.5752921,48.1383321],[11.5751831,48.1380627],[11.5750562,48.1376919],[11.5750204,48.1375863],[11.5748803,48.1372947],[11.5752796,48.1372091],[11.575488,48.1371654],[11.5757986,48.1370982],[11.5761772,48.1369976],[11.576425,48.1369213],[11.5766323,48.1367827],[11.576746,48.1366495],[11.5770605,48.1364738],[11.5768053,48.1362258],[11.5772633,48.1360175],[11.5766571,48.135438],[11.5768622,48.1353288],[11.576833,48.1349778],[11.5771791,48.1349843],[11.5772857,48.134994],[11.577514,48.1350132],[11.5777154,48.1350037],[11.5779185,48.1349977],[11.5780889,48.1349948],[11.5782355,48.1349989],[11.5783897,48.135009],[11.5785451,48.1350224],[11.5789323,48.1350669],[11.5791524,48.1350742],[11.579374,48.1350769],[11.5795751,48.1350649],[11.5796421,48.1345854],[11.579815,48.1346215],[11.5800158,48.1346397],[11.5804672,48.1346504],[11.5808777,48.1346547],[11.5810568,48.1346627],[11.58125,48.1346875],[11.5813684,48.1347079],[11.5816891,48.1347765],[11.5818461,48.1348211],[11.582381,48.1349656],[11.5824679,48.1350024],[11.5826274,48.1350717],[11.5827464,48.1351295],[11.5828865,48.135202],[11.5830027,48.135273],[11.5831699,48.1354161],[11.583338,48.1355644],[11.58344,48.1356572],[11.5835544,48.1357768],[11.5836602,48.135899],[11.5837248,48.1359825],[11.5837824,48.1360643],[11.5838656,48.1361935],[11.5839392,48.1363246],[11.5840274,48.136505],[11.5840944,48.1366616],[11.5841561,48.1368183],[11.584235,48.137068],[11.5843203,48.1373486],[11.5843859,48.1375709],[11.584394,48.1376713],[11.5844227,48.1377612],[11.5844855,48.1379621],[11.5845274,48.1381288],[11.5845366,48.1381658],[11.5845972,48.1383467],[11.5846239,48.1384921],[11.5846488,48.1385827],[11.584731,48.1388149],[11.5848056,48.1390174],[11.5848105,48.1390831],[11.5847986,48.1392058],[11.5847676,48.1392869],[11.584687,48.1393865],[11.5840204,48.1400155],[11.5832199,48.1407618],[11.5831341,48.1408321],[11.5830937,48.1408805],[11.5830611,48.1409347],[11.5830305,48.1410124],[11.582995,48.1411281],[11.5825766,48.1412173],[11.5825861,48.1412928],[11.5830151,48.1421598],[11.5830499,48.1421856],[11.5830909,48.1422223],[11.5831231,48.1422681],[11.5831394,48.1423161],[11.5831383,48.1423838],[11.5831323,48.1424149],[11.5832106,48.1425747],[11.5834883,48.1431437],[11.5834354,48.143157],[11.5834446,48.1431869],[11.5809074,48.1437302],[11.579595,48.1440107],[11.5783692,48.1442706],[11.5779766,48.143437],[11.5775925,48.1426122],[11.5774479,48.1426408]]]}},{"type":"Feature","properties":{"layer":"city","location_id":"DE-munich","city_name":"Bogenhausen","order":1,"color":"#22c55e"},"geometry":{"type":"Polygon","coordinates":[[[11.6158323,48.1453987],[11.6157833,48.1451009],[11.6154732,48.1431729],[11.6154477,48.1430173],[11.6154342,48.1429636],[11.615408,48.1427676],[11.6152915,48.1420422],[11.6152591,48.1418438],[11.6152381,48.1417153],[11.6152229,48.1416283],[11.6151595,48.1412347],[11.6150889,48.1408313],[11.614974,48.1402346],[11.6147917,48.1393576],[11.6147668,48.139234],[11.614697,48.1388635],[11.6146745,48.1386746],[11.6146459,48.1381932],[11.6169955,48.1381049],[11.6193453,48.1380893],[11.6193787,48.1375063],[11.6194224,48.1373412],[11.6196418,48.1373694],[11.6199052,48.1374018],[11.6200916,48.1374185],[11.6203091,48.1374297],[11.6205568,48.1374364],[11.6210438,48.1374386],[11.6211662,48.1374426],[11.6212997,48.1374535],[11.6214653,48.1374719],[11.6216126,48.1374943],[11.6217753,48.1375288],[11.621923,48.1375652],[11.6220644,48.1376071],[11.6221888,48.13765],[11.6223275,48.137704],[11.6224367,48.1377531],[11.6225052,48.1377866],[11.6227264,48.1378912],[11.6228046,48.1379276],[11.6229464,48.1379883],[11.6230994,48.1380459],[11.6232383,48.1380922],[11.6233649,48.1381284],[11.6234887,48.1381588],[11.6236832,48.1382017],[11.6238663,48.1382314],[11.6240527,48.1382582],[11.6242518,48.1382796],[11.6244277,48.1382956],[11.6244259,48.138541],[11.6244348,48.1386245],[11.6244462,48.1386838],[11.6244724,48.1387665],[11.6245043,48.1388381],[11.6245409,48.1388957],[11.6245868,48.1389435],[11.6246555,48.1389962],[11.6247411,48.1390399],[11.6248543,48.139084],[11.6249666,48.1391179],[11.625314,48.1391987],[11.6254613,48.1392286],[11.6256678,48.1392623],[11.6258645,48.1392844],[11.6258532,48.1393634],[11.6258482,48.1393983],[11.625482,48.1393644],[11.6252083,48.1393354],[11.6249477,48.139302],[11.6247027,48.1392685],[11.6246216,48.1392675],[11.624569,48.1392956],[11.6245486,48.1393415],[11.6244906,48.139701],[11.6244093,48.1402173],[11.624394,48.1403903],[11.6243898,48.1405492],[11.6243927,48.1406441],[11.6244092,48.1408406],[11.6244783,48.1416365],[11.6244945,48.1417568],[11.6245351,48.1420038],[11.6245745,48.1422101],[11.6246288,48.1424245],[11.6247757,48.1430514],[11.6249026,48.1435973],[11.6249742,48.1438986],[11.6250075,48.1440298],[11.6251055,48.1444531],[11.6251261,48.1444858],[11.6251749,48.1445072],[11.6252286,48.14451],[11.6265934,48.1443877],[11.627725,48.1442864],[11.6277871,48.1445903],[11.6278615,48.1449895],[11.6280454,48.1459816],[11.6282179,48.1468974],[11.6282654,48.1471678],[11.628316,48.1474639],[11.6284545,48.1483055],[11.6285054,48.1486373],[11.6285519,48.1489573],[11.6285745,48.1492052],[11.6285892,48.1495702],[11.6285873,48.1496533],[11.6285726,48.1499675],[11.6285687,48.150175],[11.6285895,48.1507088],[11.6285976,48.1509046],[11.6286074,48.1510024],[11.6286266,48.1511002],[11.628769,48.1515431],[11.6291163,48.1525754],[11.629211,48.1527941],[11.6293133,48.1531206],[11.6293764,48.1533022],[11.6293958,48.1533675],[11.6294432,48.1534903],[11.6291547,48.1535086],[11.6289889,48.1535113],[11.6284518,48.1535235],[11.627915,48.1535434],[11.6271607,48.1535795],[11.6267855,48.1536002],[11.6264038,48.1536191],[11.6249052,48.1536976],[11.6240063,48.1537276],[11.6231771,48.1537405],[11.6228483,48.1537417],[11.6226206,48.1537433],[11.6214964,48.1537163],[11.6211643,48.1537089],[11.6207073,48.153686],[11.6201721,48.1536579],[11.6194454,48.1535921],[11.6190247,48.1535563],[11.6186974,48.1535383],[11.618519,48.1535334],[11.6183087,48.1535357],[11.6180744,48.153551],[11.6178958,48.1535725],[11.6175515,48.1536254],[11.6173417,48.1536724],[11.6169362,48.1537784],[11.6159696,48.1540421],[11.6156702,48.1535872],[11.615543,48.1533954],[11.6154086,48.1532034],[11.6152848,48.1530899],[11.6149459,48.1526712],[11.6146179,48.1523801],[11.6148339,48.1522281],[11.6150166,48.1520844],[11.6151733,48.1519445],[11.615271,48.1518536],[11.6153665,48.151758],[11.6155389,48.1515606],[11.615583,48.1515093],[11.6157393,48.1512953],[11.6158244,48.1511721],[11.6159897,48.150891],[11.6160749,48.1507137],[11.616125,48.150588],[11.6161936,48.1503918],[11.6162818,48.1500636],[11.6163086,48.1499009],[11.6163215,48.1498028],[11.6163281,48.1496561],[11.6162985,48.1494341],[11.6163124,48.1488778],[11.6162664,48.1481259],[11.6162171,48.1478672],[11.6161196,48.1471979],[11.6160227,48.1465858],[11.6158323,48.1453987]]]}},{"type":"Feature","properties":{"layer":"admin","location_id":"DE-munich","admin_name":"Unknown","admin_level":10,"color":"#dc2626"},"geometry":{"type":"Polygon","coordinates":[[[11.5774479,48.1426408],[11.57722,48.1421491],[11.5770517,48.1417978],[11.5766488,48.1410666],[11.5761496,48.1400809],[11.5760637,48.1399159],[11.5759659,48.13974],[11.5757299,48.1393291],[11.5755712,48.1389779],[11.5754457,48.1386874],[11.5752921,48.1383321],[11.5751831,48.1380627],[11.5750562,48.1376919],[11.5750204,48.1375863],[11.5748803,48.1372947],[11.5752796,48.1372091],[11.575488,48.1371654],[11.5757986,48.1370982],[11.5761772,48.1369976],[11.576425,48.1369213],[11.5766323,48.1367827],[11.576746,48.1366495],[11.5770605,48.1364738],[11.5768053,48.1362258],[11.5772633,48.1360175],[11.5766571,48.135438],[11.5768622,48.1353288],[11.576833,48.1349778],[11.5771791,48.1349843],[11.5772857,48.134994],[11.577514,48.1350132],[11.5777154,48.1350037],[11.5779185,48.1349977],[11.5780889,48.1349948],[11.5782355,48.1349989],[11.5783897,48.135009],[11.5785451,48.1350224],[11.5789323,48.1350669],[11.5791524,48.1350742],[11.579374,48.1350769],[11.5795751,48.1350649],[11.5796421,48.1345854],[11.579815,48.1346215],[11.5800158,48.1346397],[11.5804672,48.1346504],[11.5808777,48.1346547],[11.5810568,48.1346627],[11.58125,48.1346875],[11.5813684,48.1347079],[11.5816891,48.1347765],[11.5818461,48.1348211],[11.582381,48.1349656],[11.5824679,48.1350024],[11.5826274,48.1350717],[11.5827464,48.1351295],[11.5828865,48.135202],[11.5830027,48.135273],[11.5831699,48.1354161],[11.583338,48.1355644],[11.58344,48.1356572],[11.5835544,48.1357768],[11.5836602,48.135899],[11.5837248,48.1359825],[11.5837824,48.1360643],[11.5838656,48.1361935],[11.5839392,48.1363246],[11.5840274,48.136505],[11.5840944,48.1366616],[11.5841561,48.1368183],[11.584235,48.137068],[11.5843203,48.1373486],[11.5843859,48.1375709],[11.584394,48.1376713],[11.5844227,48.1377612],[11.5844855,48.1379621],[11.5845274,48.1381288],[11.5845366,48.1381658],[11.5845972,48.1383467],[11.5846239,48.1384921],[11.5846488,48.1385827],[11.584731,48.1388149],[11.5848056,48.1390174],[11.5848105,48.1390831],[11.5847986,48.1392058],[11.5847676,48.1392869],[11.584687,48.1393865],[11.5840204,48.1400155],[11.5832199,48.1407618],[11.5831341,48.1408321],[11.5830937,48.1408805],[11.5830611,48.1409347],[11.5830305,48.1410124],[11.582995,48.1411281],[11.5825766,48.1412173],[11.5825861,48.1412928],[11.5830151,48.1421598],[11.5830499,48.1421856],[11.5830909,48.1422223],[11.5831231,48.1422681],[11.5831394,48.1423161],[11.5831383,48.1423838],[11.5831323,48.1424149],[11.5832106,48.1425747],[11.5834883,48.1431437],[11.5834354,48.143157],[11.5834446,48.1431869],[11.5809074,48.1437302],[11.579595,48.1440107],[11.5783692,48.1442706],[11.5779766,48.143437],[11.5775925,48.1426122],[11.5774479,48.1426408]]]}},{"type":"Feature","properties":{"layer":"city","location_id":"DE-cologne","city_name":"Altstadt Sud","order":1,"color":"#22c55e"},"geometry":{"type":"Polygon","coordinates":[[[6.9622017,50.9346521],[6.9622039,50.9346012],[6.9619292,50.9346017],[6.9619336,50.9345729],[6.9619335,50.9345729],[6.9616144,50.9345667],[6.9609325,50.9345341],[6.9609241,50.9345337],[6.9608225,50.9345594],[6.9606422,50.9345495],[6.9606168,50.934538],[6.9605961,50.9345286],[6.960585,50.9345227],[6.960455,50.9344546],[6.9604007,50.9344518],[6.9603997,50.9344564],[6.9603969,50.9344702],[6.9603415,50.9344646],[6.9603322,50.9344975],[6.9603285,50.9345111],[6.9603256,50.934513],[6.9603181,50.934518],[6.9603052,50.9345267],[6.9601656,50.9346209],[6.9600673,50.9346869],[6.9601745,50.934905],[6.9597507,50.9348823],[6.9597199,50.9351655],[6.9599487,50.9351739],[6.9599428,50.9352066],[6.9601384,50.9352175],[6.9600672,50.9354176],[6.9600637,50.9354354],[6.9600635,50.9354363],[6.9600547,50.9354868],[6.9600521,50.9354956],[6.9600431,50.9355233],[6.9600405,50.9355315],[6.9600397,50.9355339],[6.9600395,50.9355339],[6.9599782,50.9355284],[6.9599183,50.9355268],[6.9597273,50.93551],[6.9597286,50.9355009],[6.959733,50.9354698],[6.9597353,50.9354041],[6.9597259,50.9354037],[6.9595457,50.935394],[6.9594555,50.9354104],[6.9594318,50.9354076],[6.9592542,50.9353867],[6.9592436,50.9353856],[6.9592435,50.9353856],[6.9592422,50.9353855],[6.9592387,50.9354165],[6.9592366,50.9354396],[6.9592312,50.9354763],[6.9592171,50.9354803],[6.959202,50.9354845],[6.9592006,50.9354937],[6.9591201,50.9354888],[6.9590805,50.9354863],[6.9590636,50.9354853],[6.9584979,50.9354517],[6.9578526,50.9353951],[6.9578496,50.9354206],[6.9578638,50.9354211],[6.9578596,50.9354561],[6.9578714,50.9354587],[6.9578659,50.935548],[6.9572815,50.9355283],[6.9570384,50.9355166],[6.9570467,50.9353869],[6.9570498,50.9353368],[6.9562001,50.9352487],[6.9561149,50.9352445],[6.9554571,50.9351837],[6.9552024,50.9351718],[6.9552021,50.9351718],[6.955202,50.9351718],[6.9548815,50.9351657],[6.9541907,50.9352086],[6.9537193,50.9353017],[6.9536189,50.9353418],[6.9535583,50.9353461],[6.9529247,50.9353911],[6.9526799,50.935463],[6.9526787,50.9354633],[6.9526798,50.9354699],[6.9526812,50.9354776],[6.9526812,50.9354777],[6.9527054,50.9356138],[6.9527054,50.9356142],[6.9527058,50.9356163],[6.9527057,50.9356163],[6.9524356,50.9356197],[6.9522731,50.9356116],[6.9521753,50.9356485],[6.9520553,50.9356578],[6.9520473,50.9357411],[6.9515702,50.9357388],[6.9507185,50.9357411],[6.9507226,50.9356731],[6.9504602,50.9356807],[6.95047,50.9358234],[6.9503848,50.9358249],[6.9503808,50.9357899],[6.9501962,50.9357856],[6.950206,50.9358914],[6.9500981,50.9359099],[6.9500979,50.9359099],[6.9499981,50.9359135],[6.9500103,50.9360731],[6.9500107,50.9360776],[6.9500118,50.9360919],[6.9500117,50.9360919],[6.9498307,50.936097],[6.9498257,50.9360971],[6.9498258,50.9361009],[6.9498288,50.9362009],[6.9498326,50.9362038],[6.9497603,50.9362034],[6.9497535,50.9363182],[6.9496644,50.9363136],[6.9496601,50.9363133],[6.9496131,50.9363104],[6.9495986,50.9363096],[6.9495594,50.9363072],[6.9495593,50.9363071],[6.9495591,50.9363071],[6.9493486,50.9362939],[6.9493577,50.9363783],[6.9492657,50.9363918],[6.9492655,50.9363918],[6.9492644,50.9363921],[6.9492622,50.9363925],[6.9492614,50.9363926],[6.9487972,50.9364668],[6.9487112,50.9364805],[6.948713,50.9365182],[6.9487168,50.9365982],[6.9486877,50.9365988],[6.9486157,50.9366006],[6.9486155,50.9366006],[6.9486149,50.9366006],[6.948491,50.9366036],[6.9484909,50.9366036],[6.9482941,50.9366074],[6.9482311,50.9366098],[6.9481319,50.9366147],[6.9480294,50.9366165],[6.9480293,50.9366165],[6.9480292,50.9366165],[6.9478533,50.9366211],[6.9478532,50.9366211],[6.9478517,50.9366211],[6.9478186,50.9366216],[6.9478161,50.9366216],[6.9478051,50.9366218],[6.9477937,50.9366221],[6.947791,50.9366222],[6.94779,50.9366222],[6.9477888,50.9366222],[6.9477851,50.9366223],[6.9476636,50.9366245],[6.9475397,50.9366304],[6.9475345,50.9366307],[6.9475327,50.9366307],[6.9475315,50.9366308],[6.9475292,50.9366309],[6.9474993,50.9366324],[6.9474967,50.9366327],[6.9474964,50.9366327],[6.9474959,50.9366328],[6.9474955,50.9366328],[6.9474935,50.9366331],[6.9470613,50.9366916],[6.9470591,50.9368077],[6.9470572,50.9368873],[6.9469305,50.9368919],[6.9468187,50.9368958],[6.9468188,50.9368946],[6.9468204,50.9368822],[6.9468395,50.9366904],[6.946572,50.9367098],[6.9465619,50.9367106],[6.9465618,50.9367106],[6.946502,50.9367139],[6.94648,50.9367152],[6.9464795,50.9367152],[6.9463397,50.9367244],[6.9460265,50.936745],[6.9460259,50.936745],[6.9460241,50.9367452],[6.9460235,50.9367452],[6.94601,50.9367461],[6.9457844,50.9367556],[6.9457727,50.9367561],[6.9457718,50.9367357],[6.9457686,50.9366637],[6.9457685,50.9366616],[6.9458164,50.936517],[6.9460628,50.9364662],[6.9461904,50.9364473],[6.9462366,50.9364239],[6.9462416,50.9364117],[6.9462416,50.9364116],[6.9462416,50.9364115],[6.9462417,50.9364114],[6.9462417,50.9364113],[6.9462417,50.9364112],[6.946242,50.93641],[6.9462459,50.9363944],[6.9462466,50.9363919],[6.9462466,50.9363918],[6.9462487,50.9363833],[6.9459899,50.9363928],[6.9459893,50.9363929],[6.9459886,50.9363929],[6.945988,50.9363929],[6.9458573,50.9363977],[6.9456517,50.9364055],[6.9456371,50.9362561],[6.9456237,50.9362566],[6.9455382,50.9362603],[6.9455095,50.9362615],[6.9454429,50.9362644],[6.9454419,50.9362539],[6.945436,50.9361949],[6.944701,50.9362096],[6.9446941,50.9360644],[6.9445473,50.9360663],[6.9442022,50.9360452],[6.9440811,50.936038],[6.9440559,50.9362047],[6.944054,50.9362172],[6.9440539,50.9362172],[6.9438125,50.9362113],[6.9430953,50.9361939],[6.9430916,50.9361926],[6.9430914,50.9361943],[6.9430913,50.9361952],[6.9430833,50.9362486],[6.9430832,50.9362486],[6.9430822,50.9362485],[6.9430774,50.9362482],[6.9429435,50.9362408],[6.9429252,50.9362399],[6.9429251,50.9362399],[6.9429054,50.9362388],[6.9428955,50.9362385],[6.9428997,50.9362109],[6.9429038,50.936182],[6.9428766,50.9361799],[6.9427144,50.9361634],[6.9427388,50.9360908],[6.9427015,50.9360621],[6.9425973,50.9360561],[6.9425185,50.9360803],[6.9424963,50.9360871],[6.9424271,50.9361083],[6.9424395,50.936168],[6.9421727,50.936204],[6.9421603,50.9362529],[6.9421515,50.9362872],[6.9421501,50.9362946],[6.9421458,50.9363124],[6.9420291,50.9363263],[6.942029,50.9363262],[6.9419674,50.936292],[6.9417573,50.9363161],[6.9416969,50.9363231],[6.9415506,50.9363398],[6.9415294,50.9363423],[6.9415156,50.9363588],[6.9415163,50.9363601],[6.9415163,50.9363602],[6.9415186,50.936365],[6.94153,50.9363898],[6.9414131,50.936412],[6.9413949,50.9364158],[6.9413931,50.9364356],[6.9413846,50.9365285],[6.9413608,50.9365299],[6.9412887,50.9365342],[6.9412523,50.9365364],[6.9412515,50.9365348],[6.9412163,50.9365379],[6.9411096,50.9365435],[6.9411093,50.9365431],[6.9411058,50.9365346],[6.941094,50.9365053],[6.9410717,50.9364509],[6.9410939,50.9364459],[6.9410619,50.9364382],[6.9410404,50.9364331],[6.9410336,50.9364315],[6.94103,50.9364306],[6.941014,50.9364268],[6.9409684,50.9364159],[6.9409682,50.9364159],[6.9409326,50.9364074],[6.940868,50.936334],[6.9408215,50.9363533],[6.9406987,50.9363896],[6.9406882,50.9363928],[6.940639,50.9364028],[6.940691,50.9364134],[6.9408219,50.9366054],[6.9408256,50.9366111],[6.9408803,50.9366913],[6.9409155,50.9367429],[6.9409284,50.9367619],[6.940936,50.9367732],[6.940916,50.9367873],[6.9407575,50.9367685],[6.9405801,50.9367473],[6.9405012,50.9367379],[6.9404145,50.9367276],[6.9402784,50.9367984],[6.940263,50.9368067],[6.9402693,50.9368342],[6.9402761,50.9368644],[6.9402793,50.9368799],[6.9401116,50.936897],[6.9400935,50.9369283],[6.9401035,50.9369656],[6.9396723,50.9370087],[6.9396249,50.9370135],[6.9395438,50.9370187],[6.9395423,50.9369984],[6.9395227,50.9367244],[6.9395009,50.9367263],[6.9392803,50.9367445],[6.9392767,50.9367072],[6.9392711,50.9365646],[6.9392632,50.9362708],[6.93946,50.9361357],[6.9394638,50.9361693],[6.9396082,50.9361624],[6.9395992,50.9359424],[6.9395993,50.935907],[6.9395251,50.935889],[6.9395096,50.935888],[6.9395162,50.9358495],[6.9397317,50.9358638],[6.9397514,50.93573],[6.9397638,50.9356532],[6.9397654,50.9356326],[6.9398117,50.935406],[6.9403066,50.935445],[6.9404184,50.9348336],[6.9394933,50.9347649],[6.9395029,50.934714],[6.9395512,50.9345999],[6.9397927,50.9345374],[6.9398343,50.9345407],[6.9398559,50.9345424],[6.9398864,50.9344233],[6.9401489,50.9344671],[6.9402099,50.9343077],[6.9403234,50.9343259],[6.9403429,50.9342722],[6.9403621,50.9342194],[6.9402261,50.9341968],[6.9401651,50.9341867],[6.9402087,50.934082],[6.9402289,50.9340853],[6.9402648,50.9339456],[6.9402777,50.9338955],[6.9402946,50.9338296],[6.9404131,50.9335306],[6.9408835,50.9336044],[6.940961,50.9334044],[6.9404027,50.9333093],[6.9404229,50.9332284],[6.9401435,50.9331801],[6.9401907,50.9330672],[6.9404108,50.9330996],[6.9404394,50.9330174],[6.9406348,50.933048],[6.9406459,50.9330191],[6.9406485,50.9330115],[6.940676,50.9329379],[6.9407001,50.9328753],[6.9407371,50.9328814],[6.9407512,50.9328477],[6.9407933,50.9327473],[6.9408213,50.9326807],[6.9408676,50.9325702],[6.9409253,50.9324327],[6.9409907,50.9322767],[6.9410539,50.9321262],[6.9410567,50.9321194],[6.9412204,50.9321464],[6.9412483,50.9320706],[6.9411663,50.932057],[6.9412722,50.9318247],[6.9413615,50.9318438],[6.9413932,50.931773],[6.9416152,50.9318067],[6.9416347,50.9317603],[6.941698,50.9317713],[6.9417099,50.9317483],[6.9410734,50.9314147],[6.9411251,50.9312849],[6.9413731,50.9312504],[6.9415941,50.9312876],[6.9415973,50.9312665],[6.9416381,50.9311838],[6.9416281,50.9311824],[6.9416782,50.9310853],[6.9416892,50.9310626],[6.9417381,50.9310409],[6.9414502,50.9309704],[6.9414523,50.9309651],[6.9412695,50.9309351],[6.9412805,50.9309083],[6.9413447,50.9307587],[6.9415417,50.9306729],[6.941457,50.9305924],[6.9414475,50.9305834],[6.9414615,50.9305447],[6.9415083,50.9305077],[6.9416733,50.9303773],[6.9418277,50.9302608],[6.9418698,50.9301489],[6.9417592,50.9301306],[6.941794,50.9300592],[6.9418275,50.9299904],[6.9418563,50.9299313],[6.9418416,50.9299158],[6.9418239,50.9298973],[6.9417691,50.9298396],[6.9417854,50.9296602],[6.9417821,50.929567],[6.9417353,50.9295149],[6.941786,50.9295048],[6.9418112,50.9294998],[6.9418271,50.9294765],[6.9419018,50.9293669],[6.9419333,50.9294019],[6.9419482,50.9294185],[6.9420236,50.9293718],[6.9420448,50.9293587],[6.942168,50.9294385],[6.9422035,50.9294166],[6.9422995,50.9294787],[6.9424496,50.9293859],[6.9424028,50.9293525],[6.9425159,50.9293041],[6.9425299,50.9293131],[6.9427733,50.9291623],[6.9429234,50.9290559],[6.9429952,50.929005],[6.9427925,50.9288978],[6.9429705,50.9287909],[6.9431156,50.9286998],[6.9431606,50.9286716],[6.9432454,50.9287173],[6.9432101,50.9287458],[6.9432562,50.9287794],[6.9432794,50.9287963],[6.9433189,50.9288252],[6.9433815,50.928871],[6.9433869,50.9288749],[6.9434074,50.9288646],[6.943469,50.9288304],[6.9434752,50.9288269],[6.94352,50.9288028],[6.9434372,50.9287417],[6.9435484,50.9286661],[6.9436615,50.9285892],[6.9437853,50.9285057],[6.9439054,50.9284241],[6.9439422,50.9283993],[6.943918,50.9283568],[6.9438917,50.9283105],[6.9438761,50.9282835],[6.943923,50.9281683],[6.9438804,50.9281395],[6.9439169,50.9281191],[6.9439771,50.9280935],[6.9440073,50.9280807],[6.9439458,50.9280409],[6.9439827,50.9280086],[6.9440824,50.9279461],[6.9441296,50.9279796],[6.9442485,50.9279573],[6.9442502,50.927957],[6.9442516,50.9279603],[6.9443346,50.9281568],[6.9444208,50.9280989],[6.9448744,50.9277938],[6.9446436,50.9277727],[6.9445495,50.9277641],[6.94452,50.9277614],[6.9445124,50.9277576],[6.9446167,50.9276786],[6.9447247,50.9276806],[6.9447265,50.9276033],[6.9447269,50.9275968],[6.9446837,50.9275686],[6.944695,50.9275615],[6.9447047,50.9275554],[6.9447861,50.9275049],[6.9448691,50.9275597],[6.9449054,50.9275538],[6.9450332,50.9274981],[6.9449884,50.92744],[6.9449707,50.9274166],[6.9450428,50.927371],[6.9451702,50.9272935],[6.9452679,50.9272359],[6.9453441,50.9271909],[6.9453448,50.9271905],[6.9454869,50.9271508],[6.9455652,50.9272591],[6.9456574,50.9272324],[6.9457462,50.9271863],[6.9459035,50.9270909],[6.9459237,50.9270787],[6.9460003,50.9271368],[6.9462397,50.9270221],[6.9461809,50.9269709],[6.9461829,50.9269696],[6.9462018,50.9269607],[6.9462681,50.9269292],[6.9462988,50.9269402],[6.946306,50.9269427],[6.9463197,50.9269477],[6.946415,50.9269015],[6.9464475,50.9268868],[6.9465092,50.9268589],[6.9464601,50.9268151],[6.9464705,50.9268105],[6.9464319,50.9267759],[6.9465334,50.9267308],[6.946502,50.926703],[6.9464693,50.9266735],[6.9465161,50.9266529],[6.9466132,50.9266135],[6.9464947,50.926506],[6.9464814,50.9264937],[6.9464629,50.926477],[6.9466265,50.9264005],[6.9471177,50.9263136],[6.9473657,50.9263243],[6.9474076,50.9263619],[6.947428,50.9263803],[6.947431,50.9263668],[6.9474312,50.9263659],[6.9474358,50.9263641],[6.9474429,50.9263613],[6.9475151,50.9263328],[6.9487466,50.9258445],[6.9488955,50.9257855],[6.9494009,50.9255794],[6.9497136,50.9254512],[6.9498699,50.9253869],[6.9504064,50.9251637],[6.9507554,50.9250185],[6.9509474,50.9249387],[6.9509678,50.9249302],[6.9509852,50.924923],[6.9510623,50.924891],[6.9517405,50.9245836],[6.9518753,50.9245227],[6.9520269,50.9244553],[6.9520738,50.9244328],[6.9521141,50.9244182],[6.952316,50.9243277],[6.9525787,50.9242105],[6.9526251,50.9241899],[6.952754,50.9241327],[6.9529722,50.9243352],[6.9530049,50.924357],[6.9530346,50.9243627],[6.9530545,50.9243646],[6.9530614,50.9243649],[6.9530754,50.9243646],[6.9530822,50.9243642],[6.9530958,50.9243623],[6.9531025,50.924361],[6.953109,50.9243594],[6.9531153,50.9243576],[6.9531215,50.9243555],[6.9531276,50.9243532],[6.9531334,50.9243506],[6.9531404,50.9243469],[6.953149,50.9243417],[6.9531536,50.9243383],[6.9531619,50.924331],[6.9531687,50.9243233],[6.953174,50.9243149],[6.9531777,50.9243064],[6.9531798,50.9242976],[6.9531801,50.9242886],[6.9531988,50.9242812],[6.9531923,50.9242733],[6.9533837,50.9241888],[6.9543375,50.923767],[6.9542535,50.923691],[6.9542304,50.923663],[6.9543015,50.9236258],[6.9543791,50.9235877],[6.9544489,50.9236508],[6.9545292,50.9236165],[6.9545877,50.9235915],[6.9546194,50.9235779],[6.9546462,50.9235665],[6.9547176,50.923536],[6.9546588,50.9234834],[6.954639,50.9234664],[6.9551308,50.9232491],[6.9552224,50.9232087],[6.9552812,50.9231828],[6.9553151,50.9232132],[6.955362,50.9231897],[6.9554584,50.9231416],[6.9555046,50.9231829],[6.9555539,50.9232273],[6.9557053,50.9231612],[6.9558576,50.9230944],[6.9558081,50.923051],[6.9557693,50.9230163],[6.9557927,50.923006],[6.9558777,50.9229688],[6.9559262,50.9229475],[6.9558892,50.9229131],[6.9560429,50.9228367],[6.9563246,50.9227285],[6.9564506,50.9226875],[6.9566327,50.9226033],[6.9567951,50.9225279],[6.9568158,50.9225183],[6.9568686,50.9224597],[6.9568917,50.9224341],[6.9568942,50.9224313],[6.957909,50.9220188],[6.9584711,50.9217931],[6.9588566,50.9216221],[6.9588485,50.9216146],[6.9588035,50.9215726],[6.9589064,50.9215287],[6.9589708,50.9214692],[6.9589813,50.9214574],[6.959062,50.9213845],[6.9590555,50.9213783],[6.9590316,50.9213557],[6.9590461,50.9213481],[6.9591218,50.9213181],[6.9592403,50.9213317],[6.9592848,50.9213237],[6.9593508,50.9213261],[6.9595788,50.9213342],[6.9599127,50.9213461],[6.9600169,50.9214472],[6.96006,50.9214864],[6.9600741,50.9215053],[6.9601041,50.9215091],[6.960138,50.9215133],[6.9600944,50.9216188],[6.9602703,50.9216517],[6.9602289,50.9217599],[6.9603999,50.9217852],[6.9604382,50.921792],[6.9605958,50.9218205],[6.9606297,50.9217306],[6.9608059,50.9217561],[6.9610692,50.9217942],[6.9612329,50.9218313],[6.9612806,50.9217244],[6.9614878,50.9217577],[6.9615472,50.9215982],[6.9615528,50.9215828],[6.9619933,50.9216588],[6.9619599,50.9216686],[6.9619064,50.9218261],[6.9621018,50.9218532],[6.9622827,50.9218782],[6.9621978,50.9220723],[6.9622962,50.9220893],[6.9624723,50.9221196],[6.9624793,50.9221036],[6.962483,50.9221059],[6.9625155,50.9220215],[6.9626415,50.9220713],[6.9626737,50.9219984],[6.962818,50.9220274],[6.962837,50.9219826],[6.9630004,50.922011],[6.9630119,50.9219848],[6.9630679,50.9219941],[6.9631407,50.9220226],[6.9632351,50.921926],[6.9631901,50.9218639],[6.9634629,50.921946],[6.9635841,50.9219825],[6.963726,50.9220252],[6.9636544,50.9220543],[6.96377,50.9221245],[6.9637724,50.9221852],[6.9637553,50.9222233],[6.9638768,50.9222211],[6.9639855,50.9223269],[6.9640221,50.9223625],[6.964134,50.9223969],[6.9640682,50.9224842],[6.9639848,50.9225947],[6.9640722,50.9226187],[6.9641506,50.9226403],[6.9641613,50.9226263],[6.9649063,50.9228483],[6.9650756,50.9228949],[6.9651136,50.9228449],[6.9661697,50.9231657],[6.9663672,50.9232257],[6.9664045,50.9231797],[6.9665173,50.9232025],[6.9665215,50.923203],[6.9666827,50.9232212],[6.9668184,50.9232364],[6.9668807,50.9232435],[6.9670577,50.9232634],[6.9671544,50.9232743],[6.9672818,50.9229818],[6.9675026,50.9230211],[6.9677018,50.9231495],[6.968148,50.9232303],[6.9678013,50.9240196],[6.969632,50.9243272],[6.9698465,50.9243633],[6.9698182,50.9244299],[6.969674,50.9247685],[6.9695322,50.9251012],[6.9694951,50.925188],[6.9693057,50.9256324],[6.9689464,50.9265011],[6.9686859,50.9271685],[6.9686042,50.9273784],[6.9686032,50.927381],[6.9686022,50.9273836],[6.9685817,50.9274361],[6.9685019,50.9276405],[6.9682646,50.9282492],[6.9679367,50.9291244],[6.9679082,50.9292],[6.9678874,50.9292579],[6.9677479,50.9296437],[6.967716,50.9297313],[6.9676185,50.9300016],[6.9674065,50.9306105],[6.9673692,50.9307184],[6.9673133,50.9308782],[6.9671161,50.9314443],[6.9670855,50.931532],[6.9670056,50.9317621],[6.9669885,50.9318147],[6.9667204,50.9326454],[6.966546,50.9331998],[6.9665277,50.9332579],[6.9665138,50.9333019],[6.9665069,50.9333239],[6.9665001,50.9333459],[6.9664158,50.9336167],[6.9662927,50.9340127],[6.9660927,50.9346804],[6.9660666,50.9347682],[6.9638253,50.934747],[6.9635516,50.9347445],[6.9635221,50.934742],[6.963477,50.9347383],[6.9634769,50.9347383],[6.9634626,50.9347371],[6.9634459,50.9347358],[6.963437,50.934735],[6.9634369,50.934735],[6.9634295,50.9347344],[6.9634293,50.9347344],[6.963429,50.9347344],[6.9634269,50.9347342],[6.9634171,50.9347334],[6.9633971,50.9347317],[6.9633022,50.934724],[6.9633022,50.9347239],[6.9626823,50.9347075],[6.9625781,50.9347063],[6.9625279,50.9347058],[6.9625278,50.9347058],[6.9624018,50.9347034],[6.9624018,50.9347023],[6.9624019,50.9347008],[6.9624027,50.9346869],[6.9624034,50.934676],[6.9624036,50.9346721],[6.9624035,50.9346721],[6.9623827,50.9346717],[6.9623354,50.9346708],[6.9623353,50.9346708],[6.9623286,50.9346707],[6.9623285,50.9346707],[6.9622012,50.9346683],[6.9622012,50.9346666],[6.9622012,50.9346634],[6.9622017,50.9346521]]]}},{"type":"Feature","properties":{"layer":"admin","location_id":"DE-cologne","admin_name":"Altstadt-Nord","admin_level":10,"color":"#dc2626"},"geometry":{"type":"Polygon","coordinates":[[[6.9622017,50.9346521],[6.9622012,50.9346634],[6.9622012,50.9346666],[6.9622012,50.9346683],[6.9623285,50.9346707],[6.9623286,50.9346707],[6.9623353,50.9346708],[6.9623354,50.9346708],[6.9623827,50.9346717],[6.9624035,50.9346721],[6.9624036,50.9346721],[6.9624034,50.934676],[6.9624027,50.9346869],[6.9624019,50.9347008],[6.9624018,50.9347023],[6.9624018,50.9347034],[6.9625278,50.9347058],[6.9625279,50.9347058],[6.9625781,50.9347063],[6.9626823,50.9347075],[6.9633022,50.9347239],[6.9633022,50.934724],[6.9633971,50.9347317],[6.9634171,50.9347334],[6.9634269,50.9347342],[6.963429,50.9347344],[6.9634293,50.9347344],[6.9634295,50.9347344],[6.9634369,50.934735],[6.963437,50.934735],[6.9634459,50.9347358],[6.9634626,50.9347371],[6.9634769,50.9347383],[6.963477,50.9347383],[6.9635221,50.934742],[6.9635516,50.9347445],[6.9638253,50.934747],[6.9660666,50.9347682],[6.9660374,50.9348703],[6.9657261,50.9359552],[6.9657062,50.936027],[6.9656866,50.9360989],[6.9656674,50.9361708],[6.9656485,50.9362427],[6.965642,50.9362675],[6.9656356,50.9362922],[6.9656195,50.9363548],[6.965617,50.9363651],[6.9656144,50.9363754],[6.9656018,50.9364252],[6.9655741,50.9365366],[6.9654991,50.9368511],[6.9654313,50.9371663],[6.9653848,50.9373939],[6.9653422,50.9376219],[6.9653339,50.9376673],[6.9653299,50.9376898],[6.9653259,50.9377124],[6.9653181,50.9377552],[6.9653145,50.9377765],[6.9653108,50.9377979],[6.9653049,50.9378326],[6.9653019,50.93785],[6.9652989,50.9378674],[6.9652912,50.9379132],[6.9652875,50.9379361],[6.9652837,50.937959],[6.965275,50.9380119],[6.9652664,50.9380648],[6.965148,50.9388879],[6.9650771,50.9397133],[6.9650668,50.9398638],[6.96506,50.9400092],[6.9650465,50.9403936],[6.9650439,50.9407782],[6.9650442,50.9410205],[6.9650607,50.9414422],[6.9650733,50.9416217],[6.9650782,50.9416834],[6.9650836,50.9417452],[6.9651228,50.9421063],[6.9651258,50.9421295],[6.9651288,50.9421526],[6.9651428,50.9422538],[6.9651458,50.9422756],[6.9651489,50.9422972],[6.9651622,50.9423865],[6.9651903,50.9425619],[6.9652224,50.942737],[6.9654836,50.9438828],[6.9659171,50.9450074],[6.9659938,50.9451725],[6.966067,50.9453382],[6.966089,50.9453891],[6.9660941,50.9454012],[6.9660993,50.9454132],[6.9661165,50.9454495],[6.9661227,50.9454627],[6.9661291,50.9454758],[6.9661418,50.9455021],[6.9665124,50.9462308],[6.9669551,50.9469433],[6.967199,50.9473093],[6.9674618,50.9476701],[6.9675313,50.9477624],[6.9676012,50.9478545],[6.9676325,50.9478952],[6.9676482,50.9479156],[6.9676522,50.9479208],[6.9676639,50.9479359],[6.9677688,50.9480706],[6.9682788,50.9487058],[6.9688306,50.9493268],[6.9688423,50.9493395],[6.968843,50.9493402],[6.9688513,50.9493491],[6.9670639,50.9499512],[6.9669617,50.9499858],[6.9669385,50.9499938],[6.9669154,50.9500019],[6.9668775,50.9499741],[6.9668283,50.9499544],[6.966772,50.9499459],[6.9667407,50.9499454],[6.9667101,50.9499489],[6.9666766,50.9499552],[6.9666462,50.9499662],[6.9666257,50.9499762],[6.9665916,50.9500004],[6.9665728,50.9500263],[6.9665509,50.9500327],[6.9665106,50.9499867],[6.9660816,50.9494794],[6.9658894,50.9495438],[6.9657267,50.9495748],[6.9654502,50.949665],[6.9647622,50.9495034],[6.9646282,50.9495288],[6.9646325,50.9496157],[6.964339,50.9496603],[6.9644127,50.9498594],[6.9644202,50.9498901],[6.9642267,50.9498957],[6.9642222,50.949857],[6.9641779,50.9497379],[6.9641737,50.9497266],[6.9640363,50.9497482],[6.9639407,50.9497484],[6.9639366,50.9496919],[6.96386,50.9495988],[6.9637739,50.9496142],[6.9637644,50.9494938],[6.9634738,50.9495032],[6.9631876,50.9495109],[6.9628233,50.9495244],[6.9628287,50.9495929],[6.9625973,50.9496747],[6.9626441,50.9497504],[6.962532,50.9497862],[6.9626703,50.9499436],[6.9625528,50.9499471],[6.9624506,50.9499501],[6.9624329,50.9499282],[6.962277,50.9497464],[6.9621277,50.9497955],[6.9619502,50.9497353],[6.9618305,50.9496877],[6.9617363,50.9496502],[6.9617322,50.9495985],[6.9616152,50.9496024],[6.9614865,50.9495873],[6.9613531,50.9495938],[6.9613492,50.9495416],[6.9612177,50.9495456],[6.9612145,50.9495019],[6.9610831,50.9495063],[6.9610906,50.9496093],[6.9609208,50.9496153],[6.9609167,50.9495597],[6.9607366,50.9495686],[6.9607352,50.9495506],[6.9602163,50.9495746],[6.9602215,50.9496499],[6.9600406,50.9496527],[6.959686,50.9496615],[6.9596905,50.9497255],[6.9595467,50.9497305],[6.9595608,50.9498077],[6.9595407,50.9498285],[6.9593402,50.949836],[6.9593572,50.9500262],[6.9592096,50.950015],[6.9591281,50.9500125],[6.9591237,50.9499225],[6.9589008,50.9499263],[6.9589113,50.9499519],[6.9589466,50.9499511],[6.9589499,50.9500172],[6.9589499,50.9500186],[6.9589532,50.9500881],[6.9587894,50.9500937],[6.9586535,50.9500255],[6.9583426,50.9500381],[6.9583646,50.9499946],[6.9581859,50.9499029],[6.9581051,50.9499625],[6.9579203,50.9499267],[6.9575503,50.9498172],[6.9574844,50.9498009],[6.9574217,50.9498499],[6.9572979,50.9498545],[6.9573095,50.9499781],[6.9570812,50.9499868],[6.9570729,50.9499045],[6.9567845,50.9499192],[6.9564013,50.9499337],[6.9563022,50.9497747],[6.9561891,50.9497971],[6.9561472,50.9498509],[6.9559764,50.9498001],[6.9559606,50.9498009],[6.9558812,50.9497756],[6.9558107,50.9497935],[6.9558185,50.9498064],[6.9558094,50.9498182],[6.9556642,50.9497793],[6.9556122,50.9496956],[6.9552942,50.9497744],[6.955293,50.9498051],[6.9550013,50.9497117],[6.9551675,50.9496678],[6.9550923,50.9495538],[6.9550608,50.9495013],[6.9550573,50.9494919],[6.9550846,50.9494447],[6.9550908,50.9494347],[6.9550975,50.9494238],[6.955126,50.9493923],[6.9549775,50.9493431],[6.9550078,50.9493063],[6.9543948,50.9491047],[6.954077,50.9490002],[6.9539986,50.9491043],[6.9537461,50.9490252],[6.9536986,50.9490714],[6.953647,50.9491187],[6.9534113,50.9490286],[6.9532095,50.9489633],[6.9531043,50.9489238],[6.9530554,50.948894],[6.9529958,50.9488688],[6.9528741,50.9490004],[6.9526424,50.9489207],[6.952317,50.9488056],[6.9520599,50.9487123],[6.9518382,50.9486292],[6.9518817,50.9486237],[6.9519865,50.9485384],[6.9518697,50.9484836],[6.9518007,50.9484511],[6.9518772,50.9483801],[6.951906,50.9483533],[6.9517576,50.948293],[6.9517838,50.948269],[6.9516564,50.9482259],[6.9514792,50.9483776],[6.9512791,50.9483088],[6.9512153,50.9483817],[6.9512269,50.9484083],[6.9510226,50.9483315],[6.9510636,50.9483237],[6.9514865,50.9478749],[6.9515652,50.9477946],[6.9515529,50.9477667],[6.9509909,50.9475274],[6.9508642,50.9474734],[6.9508252,50.9474787],[6.9504339,50.947892],[6.950375,50.9479542],[6.9502965,50.9480371],[6.9502838,50.9480541],[6.9501026,50.9479894],[6.950144,50.9479829],[6.95029,50.9478298],[6.9501572,50.947779],[6.9499778,50.9477104],[6.9500362,50.9476491],[6.9500335,50.9476481],[6.9501077,50.947571],[6.9501236,50.947556],[6.9498585,50.9474551],[6.9497486,50.9475531],[6.94942,50.9474056],[6.9492563,50.947332],[6.949092,50.9472582],[6.9489848,50.9473659],[6.9488696,50.9473195],[6.9488206,50.9473659],[6.9488084,50.9473611],[6.9487933,50.9473766],[6.948743,50.9473562],[6.9486231,50.9473104],[6.9485658,50.9473681],[6.9485751,50.9473947],[6.9485066,50.9473619],[6.9483403,50.9472954],[6.9478367,50.9470932],[6.9479881,50.9469447],[6.9476174,50.9468029],[6.9475512,50.9467231],[6.9472632,50.9465494],[6.9469613,50.946436],[6.9464008,50.9461984],[6.9460825,50.9461199],[6.94592,50.9460588],[6.9458645,50.9459952],[6.9457483,50.9459478],[6.9458405,50.9458622],[6.9455732,50.945748],[6.9455699,50.945751],[6.9454617,50.945706],[6.945321,50.9458375],[6.9451382,50.9458895],[6.9452003,50.94598],[6.9447626,50.9457873],[6.9448001,50.9457682],[6.944758,50.9457358],[6.9446118,50.9455746],[6.9444608,50.9454679],[6.9444339,50.9454751],[6.9443534,50.9453796],[6.9443995,50.9453671],[6.9443547,50.9453009],[6.9442775,50.9453218],[6.9442137,50.9452283],[6.9442081,50.9452299],[6.9441786,50.9452165],[6.9440984,50.945174],[6.9438653,50.945042],[6.9437987,50.9449838],[6.9436742,50.9448739],[6.943672,50.9448748],[6.9436663,50.9448698],[6.9435632,50.9447804],[6.9435419,50.9447607],[6.9435393,50.9447583],[6.9434708,50.9446959],[6.943371,50.9447303],[6.943305,50.9446669],[6.9432882,50.9446508],[6.9432864,50.9446491],[6.9431995,50.9446861],[6.9431331,50.9447145],[6.9430949,50.9447088],[6.9430781,50.9446922],[6.9430466,50.9446616],[6.94304,50.944655],[6.9429903,50.9446065],[6.9428502,50.9446652],[6.9428329,50.9446723],[6.9427927,50.9446305],[6.9426708,50.9445039],[6.9426408,50.9444714],[6.9428501,50.9443897],[6.9428866,50.9443749],[6.9429276,50.9443584],[6.9428687,50.9443026],[6.942834,50.9442701],[6.9429168,50.9442372],[6.942821,50.9441459],[6.9428562,50.9441318],[6.9429296,50.944103],[6.9428347,50.9440049],[6.9427396,50.9439033],[6.9426094,50.943786],[6.9426554,50.9437684],[6.9427157,50.9437454],[6.942613,50.9436364],[6.9426205,50.9436334],[6.9425978,50.9436099],[6.9425785,50.9435901],[6.9425605,50.9435713],[6.9425319,50.943542],[6.9424836,50.9435606],[6.9424642,50.9435679],[6.9423936,50.9434932],[6.9423687,50.9434676],[6.9422729,50.9433681],[6.9421782,50.9432701],[6.9421722,50.9432639],[6.9421282,50.9432182],[6.9420774,50.9431659],[6.9420732,50.9431672],[6.9419315,50.9432225],[6.9418797,50.9431725],[6.941873,50.9430992],[6.9418079,50.9431258],[6.9417172,50.9430334],[6.9416912,50.9430329],[6.9415927,50.9430716],[6.9414713,50.9429882],[6.9414709,50.9429855],[6.9414702,50.9429781],[6.941465,50.9429189],[6.941464,50.9429135],[6.9413475,50.9429179],[6.9412752,50.9429206],[6.9412713,50.9429186],[6.9411828,50.9429539],[6.9410548,50.9428194],[6.9411092,50.9428175],[6.9412536,50.9428124],[6.9412437,50.9427045],[6.941242,50.9426844],[6.9412416,50.9426799],[6.9412374,50.9426346],[6.9413332,50.9425979],[6.9412632,50.9423624],[6.9412168,50.9422217],[6.9412574,50.9422171],[6.9412353,50.942126],[6.9412485,50.9421247],[6.941229,50.9420825],[6.9412195,50.9420621],[6.9411951,50.9420093],[6.9411855,50.9419696],[6.941163,50.9419718],[6.9411559,50.9419428],[6.9411436,50.9418921],[6.9410598,50.941901],[6.941005,50.941907],[6.9409929,50.9419081],[6.940974,50.9418386],[6.9409318,50.9418364],[6.9409178,50.9418356],[6.9408291,50.9418311],[6.9407719,50.9418281],[6.9407778,50.9417895],[6.9407792,50.9417816],[6.9407948,50.9416783],[6.9408064,50.9416008],[6.9408102,50.9415717],[6.9406035,50.9409141],[6.9405688,50.9409178],[6.940547,50.9409202],[6.9405015,50.9407905],[6.9403177,50.9407963],[6.9402982,50.9407194],[6.9402482,50.9405267],[6.9402471,50.9405223],[6.9402151,50.9403964],[6.9404569,50.9403703],[6.9403947,50.9400761],[6.9403853,50.940022],[6.9402504,50.9393711],[6.9402309,50.9392795],[6.940284,50.9391232],[6.9399213,50.9390741],[6.9398838,50.9390992],[6.9398469,50.9389548],[6.9401234,50.9389958],[6.9401796,50.9388381],[6.9403687,50.9388199],[6.94035,50.938747],[6.9403147,50.9385709],[6.94015,50.9385881],[6.9401322,50.9385237],[6.9400517,50.9385316],[6.9400217,50.9384233],[6.9399737,50.9384283],[6.9399801,50.938359],[6.9397397,50.9383579],[6.9397384,50.9383579],[6.939702,50.9383881],[6.9396367,50.938195],[6.9396708,50.9381963],[6.9398501,50.9382031],[6.9398881,50.9380531],[6.9397687,50.9377727],[6.9397237,50.9375959],[6.9396118,50.9372341],[6.9395438,50.9370187],[6.9396249,50.9370135],[6.9396723,50.9370087],[6.9401035,50.9369656],[6.9400935,50.9369283],[6.9401116,50.936897],[6.9402793,50.9368799],[6.9402761,50.9368644],[6.9402693,50.9368342],[6.940263,50.9368067],[6.9402784,50.9367984],[6.9404145,50.9367276],[6.9405012,50.9367379],[6.9405801,50.9367473],[6.9407575,50.9367685],[6.940916,50.9367873],[6.940936,50.9367732],[6.9409284,50.9367619],[6.9409155,50.9367429],[6.9408803,50.9366913],[6.9408256,50.9366111],[6.9408219,50.9366054],[6.940691,50.9364134],[6.940639,50.9364028],[6.9406882,50.9363928],[6.9406987,50.9363896],[6.9408215,50.9363533],[6.940868,50.936334],[6.9409326,50.9364074],[6.9409682,50.9364159],[6.9409684,50.9364159],[6.941014,50.9364268],[6.94103,50.9364306],[6.9410336,50.9364315],[6.9410404,50.9364331],[6.9410619,50.9364382],[6.9410939,50.9364459],[6.9410717,50.9364509],[6.941094,50.9365053],[6.9411058,50.9365346],[6.9411093,50.9365431],[6.9411096,50.9365435],[6.9412163,50.9365379],[6.9412515,50.9365348],[6.9412523,50.9365364],[6.9412887,50.9365342],[6.9413608,50.9365299],[6.9413846,50.9365285],[6.9413931,50.9364356],[6.9413949,50.9364158],[6.9414131,50.936412],[6.94153,50.9363898],[6.9415186,50.936365],[6.9415163,50.9363602],[6.9415163,50.9363601],[6.9415156,50.9363588],[6.9415294,50.9363423],[6.9415506,50.9363398],[6.9416969,50.9363231],[6.9417573,50.9363161],[6.9419674,50.936292],[6.942029,50.9363262],[6.9420291,50.9363263],[6.9421458,50.9363124],[6.9421501,50.9362946],[6.9421515,50.9362872],[6.9421603,50.9362529],[6.9421727,50.936204],[6.9424395,50.936168],[6.9424271,50.9361083],[6.9424963,50.9360871],[6.9425185,50.9360803],[6.9425973,50.9360561],[6.9427015,50.9360621],[6.9427388,50.9360908],[6.9427144,50.9361634],[6.9428766,50.9361799],[6.9429038,50.936182],[6.9428997,50.9362109],[6.9428955,50.9362385],[6.9429054,50.9362388],[6.9429251,50.9362399],[6.9429252,50.9362399],[6.9429435,50.9362408],[6.9430774,50.9362482],[6.9430822,50.9362485],[6.9430832,50.9362486],[6.9430833,50.9362486],[6.9430913,50.9361952],[6.9430914,50.9361943],[6.9430916,50.9361926],[6.9430953,50.9361939],[6.9438125,50.9362113],[6.9440539,50.9362172],[6.944054,50.9362172],[6.9440559,50.9362047],[6.9440811,50.936038],[6.9442022,50.9360452],[6.9445473,50.9360663],[6.9446941,50.9360644],[6.944701,50.9362096],[6.945436,50.9361949],[6.9454419,50.9362539],[6.9454429,50.9362644],[6.9455095,50.9362615],[6.9455382,50.9362603],[6.9456237,50.9362566],[6.9456371,50.9362561],[6.9456517,50.9364055],[6.9458573,50.9363977],[6.945988,50.9363929],[6.9459886,50.9363929],[6.9459893,50.9363929],[6.9459899,50.9363928],[6.9462487,50.9363833],[6.9462466,50.9363918],[6.9462466,50.9363919],[6.9462459,50.9363944],[6.946242,50.93641],[6.9462417,50.9364112],[6.9462417,50.9364113],[6.9462417,50.9364114],[6.9462416,50.9364115],[6.9462416,50.9364116],[6.9462416,50.9364117],[6.9462366,50.9364239],[6.9461904,50.9364473],[6.9460628,50.9364662],[6.9458164,50.936517],[6.9457685,50.9366616],[6.9457686,50.9366637],[6.9457718,50.9367357],[6.9457727,50.9367561],[6.9457844,50.9367556],[6.94601,50.9367461],[6.9460235,50.9367452],[6.9460241,50.9367452],[6.9460259,50.936745],[6.9460265,50.936745],[6.9463397,50.9367244],[6.9464795,50.9367152],[6.94648,50.9367152],[6.946502,50.9367139],[6.9465618,50.9367106],[6.9465619,50.9367106],[6.946572,50.9367098],[6.9468395,50.9366904],[6.9468204,50.9368822],[6.9468188,50.9368946],[6.9468187,50.9368958],[6.9469305,50.9368919],[6.9470572,50.9368873],[6.9470591,50.9368077],[6.9470613,50.9366916],[6.9474935,50.9366331],[6.9474955,50.9366328],[6.9474959,50.9366328],[6.9474964,50.9366327],[6.9474967,50.9366327],[6.9474993,50.9366324],[6.9475292,50.9366309],[6.9475315,50.9366308],[6.9475327,50.9366307],[6.9475345,50.9366307],[6.9475397,50.9366304],[6.9476636,50.9366245],[6.9477851,50.9366223],[6.9477888,50.9366222],[6.94779,50.9366222],[6.947791,50.9366222],[6.9477937,50.9366221],[6.9478051,50.9366218],[6.9478161,50.9366216],[6.9478186,50.9366216],[6.9478517,50.9366211],[6.9478532,50.9366211],[6.9478533,50.9366211],[6.9480292,50.9366165],[6.9480293,50.9366165],[6.9480294,50.9366165],[6.9481319,50.9366147],[6.9482311,50.9366098],[6.9482941,50.9366074],[6.9484909,50.9366036],[6.948491,50.9366036],[6.9486149,50.9366006],[6.9486155,50.9366006],[6.9486157,50.9366006],[6.9486877,50.9365988],[6.9487168,50.9365982],[6.948713,50.9365182],[6.9487112,50.9364805],[6.9487972,50.9364668],[6.9492614,50.9363926],[6.9492622,50.9363925],[6.9492644,50.9363921],[6.9492655,50.9363918],[6.9492657,50.9363918],[6.9493577,50.9363783],[6.9493486,50.9362939],[6.9495591,50.9363071],[6.9495593,50.9363071],[6.9495594,50.9363072],[6.9495986,50.9363096],[6.9496131,50.9363104],[6.9496601,50.9363133],[6.9496644,50.9363136],[6.9497535,50.9363182],[6.9497603,50.9362034],[6.9498326,50.9362038],[6.9498288,50.9362009],[6.9498258,50.9361009],[6.9498257,50.9360971],[6.9498307,50.936097],[6.9500117,50.9360919],[6.9500118,50.9360919],[6.9500107,50.9360776],[6.9500103,50.9360731],[6.9499981,50.9359135],[6.9500979,50.9359099],[6.9500981,50.9359099],[6.950206,50.9358914],[6.9501962,50.9357856],[6.9503808,50.9357899],[6.9503848,50.9358249],[6.95047,50.9358234],[6.9504602,50.9356807],[6.9507226,50.9356731],[6.9507185,50.9357411],[6.9515702,50.9357388],[6.9520473,50.9357411],[6.9520553,50.9356578],[6.9521753,50.9356485],[6.9522731,50.9356116],[6.9524356,50.9356197],[6.9527057,50.9356163],[6.9527058,50.9356163],[6.9527054,50.9356142],[6.9527054,50.9356138],[6.9526812,50.9354777],[6.9526812,50.9354776],[6.9526798,50.9354699],[6.9526787,50.9354633],[6.9526799,50.935463],[6.9529247,50.9353911],[6.9535583,50.9353461],[6.9536189,50.9353418],[6.9537193,50.9353017],[6.9541907,50.9352086],[6.9548815,50.9351657],[6.955202,50.9351718],[6.9552021,50.9351718],[6.9552024,50.9351718],[6.9554571,50.9351837],[6.9561149,50.9352445],[6.9562001,50.9352487],[6.9570498,50.9353368],[6.9570467,50.9353869],[6.9570384,50.9355166],[6.9572815,50.9355283],[6.9578659,50.935548],[6.9578714,50.9354587],[6.9578596,50.9354561],[6.9578638,50.9354211],[6.9578496,50.9354206],[6.9578526,50.9353951],[6.9584979,50.9354517],[6.9590636,50.9354853],[6.9590805,50.9354863],[6.9591201,50.9354888],[6.9592006,50.9354937],[6.959202,50.9354845],[6.9592171,50.9354803],[6.9592312,50.9354763],[6.9592366,50.9354396],[6.9592387,50.9354165],[6.9592422,50.9353855],[6.9592435,50.9353856],[6.9592436,50.9353856],[6.9592542,50.9353867],[6.9594318,50.9354076],[6.9594555,50.9354104],[6.9595457,50.935394],[6.9597259,50.9354037],[6.9597353,50.9354041],[6.959733,50.9354698],[6.9597286,50.9355009],[6.9597273,50.93551],[6.9599183,50.9355268],[6.9599782,50.9355284],[6.9600395,50.9355339],[6.9600397,50.9355339],[6.9600405,50.9355315],[6.9600431,50.9355233],[6.9600521,50.9354956],[6.9600547,50.9354868],[6.9600635,50.9354363],[6.9600637,50.9354354],[6.9600672,50.9354176],[6.9601384,50.9352175],[6.9599428,50.9352066],[6.9599487,50.9351739],[6.9597199,50.9351655],[6.9597507,50.9348823],[6.9601745,50.934905],[6.9600673,50.9346869],[6.9601656,50.9346209],[6.9603052,50.9345267],[6.9603181,50.934518],[6.9603256,50.934513],[6.9603285,50.9345111],[6.9603322,50.9344975],[6.9603415,50.9344646],[6.9603969,50.9344702],[6.9603997,50.9344564],[6.9604007,50.9344518],[6.960455,50.9344546],[6.960585,50.9345227],[6.9605961,50.9345286],[6.9606168,50.934538],[6.9606422,50.9345495],[6.9608225,50.9345594],[6.9609241,50.9345337],[6.9609325,50.9345341],[6.9616144,50.9345667],[6.9619335,50.9345729],[6.9619336,50.9345729],[6.9619292,50.9346017],[6.9622039,50.9346012],[6.9622017,50.9346521]]]}},{"type":"Feature","properties":{"layer":"city","location_id":"US-nyc","city_name":"New York City","order":0,"color":"#2563eb"},"geometry":{"type":"MultiPolygon","coordinates":[[[[-74.047207,40.690893],[-74.047196,40.690794],[-74.047146,40.690714],[-74.047026,40.690589],[-74.047041,40.690482],[-74.047183,40.690411],[-74.046248,40.689319],[-74.044792,40.68859],[-74.044349,40.688508],[-74.044132,40.688537],[-74.043942,40.688569],[-74.043618,40.68876],[-74.043499,40.689172],[-74.043455,40.689629],[-74.043873,40.690179],[-74.04457,40.690559],[-74.045982,40.691108],[-74.046135,40.691125],[-74.046176,40.691092],[-74.047041,40.691041],[-74.047149,40.690985],[-74.047207,40.690893]]],[[[-74.0399309,40.6985897],[-74.0396695,40.6987755],[-74.0396471,40.69879],[-74.0396316,40.6987899],[-74.0395853,40.6987904],[-74.0395382,40.6987875],[-74.0395083,40.6987803],[-74.0394876,40.6987775],[-74.0394688,40.6987519],[-74.0394385,40.6987394],[-74.0394115,40.6987374],[-74.0393763,40.6987314],[-74.0393648,40.6987087],[-74.0393415,40.6986841],[-74.0393171,40.6986648],[-74.039285,40.6986319],[-74.0392448,40.6986141],[-74.0392054,40.698604],[-74.0391679,40.6985954],[-74.0391153,40.6985924],[-74.039061,40.6985967],[-74.0390065,40.6985937],[-74.0389596,40.6985951],[-74.0389252,40.698607],[-74.0388788,40.6986109],[-74.0388273,40.6986241],[-74.0387796,40.698636],[-74.038744,40.6986371],[-74.0387123,40.698654],[-74.0386807,40.69866],[-74.0386528,40.6986628],[-74.0386342,40.698667],[-74.0386211,40.6986713],[-74.0386028,40.6986769],[-74.038623,40.6986979],[-74.0386064,40.6987175],[-74.0385693,40.6987301],[-74.0385269,40.6987117],[-74.0385048,40.698702],[-74.038477,40.6986908],[-74.0384529,40.6986809],[-74.0384197,40.6986655],[-74.0383919,40.6986656],[-74.0383723,40.6986686],[-74.0383683,40.6986866],[-74.0383801,40.6987135],[-74.038396,40.6987285],[-74.0384116,40.6987557],[-74.0384355,40.6987917],[-74.0384551,40.6988247],[-74.0384669,40.6988698],[-74.0384629,40.6989239],[-74.0384589,40.6989808],[-74.0384668,40.6990169],[-74.0384982,40.699074],[-74.0384936,40.6991151],[-74.0385101,40.6991469],[-74.0385329,40.6991722],[-74.038561,40.6991929],[-74.0385985,40.6992101],[-74.0386321,40.6992385],[-74.0386642,40.6992628],[-74.038697,40.6992793],[-74.0387232,40.699302],[-74.0387475,40.6993362],[-74.0387588,40.6993677],[-74.0387719,40.6993976],[-74.0387831,40.6994062],[-74.0387962,40.699439],[-74.0388017,40.6994874],[-74.0388149,40.6995316],[-74.0388382,40.6995622],[-74.0388796,40.6996022],[-74.0388927,40.6996251],[-74.0389358,40.6996549],[-74.0389901,40.6996622],[-74.0390239,40.6996623],[-74.0390746,40.699668],[-74.0391214,40.6996709],[-74.0391629,40.6996767],[-74.0392097,40.699681],[-74.0392548,40.6996867],[-74.0392866,40.6997081],[-74.0393298,40.6997268],[-74.0393815,40.6997504],[-74.0394283,40.6997632],[-74.0394771,40.6997818],[-74.0395109,40.6998161],[-74.0395465,40.6998431],[-74.0395859,40.6998533],[-74.0396215,40.6998561],[-74.0396647,40.6998733],[-74.0396891,40.699899],[-74.0397134,40.6999275],[-74.0397453,40.6999503],[-74.0397827,40.6999518],[-74.0398251,40.6999554],[-74.0398588,40.6999655],[-74.0399002,40.6999811],[-74.0399339,40.6999941],[-74.0399657,40.7000183],[-74.0399938,40.7000412],[-74.040022,40.700061],[-74.0400483,40.700074],[-74.040082,40.7000925],[-74.0401196,40.700094],[-74.0401534,40.7001026],[-74.0401871,40.700114],[-74.0402491,40.700117],[-74.0402827,40.7001113],[-74.0403288,40.7001007],[-74.0403756,40.7001122],[-74.0404152,40.7001264],[-74.0404601,40.7001494],[-74.0404958,40.7001623],[-74.0405278,40.7001765],[-74.0405689,40.7001879],[-74.0406121,40.7002008],[-74.0406477,40.7002136],[-74.0406966,40.7002152],[-74.0407303,40.7001925],[-74.0407472,40.7001669],[-74.0407397,40.7001311],[-74.0407248,40.7001055],[-74.0407192,40.7000956],[-74.0407023,40.7000713],[-74.0406912,40.70005],[-74.0406874,40.70001],[-74.0406837,40.699983],[-74.0406744,40.6999616],[-74.0406744,40.6999346],[-74.0406631,40.6999075],[-74.0406443,40.6998832],[-74.0406237,40.6998605],[-74.0406154,40.6998284],[-74.0406173,40.6998026],[-74.0406117,40.6997657],[-74.0406004,40.6997386],[-74.0405779,40.69971],[-74.0405535,40.6996801],[-74.0405311,40.6996573],[-74.0405124,40.6996274],[-74.0404842,40.6995945],[-74.0404702,40.6995581],[-74.0404664,40.6995282],[-74.0404666,40.6994927],[-74.0404553,40.6994669],[-74.0404384,40.6994384],[-74.0404262,40.6994134],[-74.0404019,40.6993934],[-74.0403511,40.6993749],[-74.0403156,40.699365],[-74.040278,40.6993506],[-74.0402425,40.6993335],[-74.0402106,40.699315],[-74.0401899,40.6992778],[-74.0401899,40.6992451],[-74.0401863,40.6992152],[-74.040158,40.6991965],[-74.0400698,40.6991722],[-74.03998,40.6991236],[-74.0399479,40.6990979],[-74.0398992,40.699068],[-74.0398618,40.6990423],[-74.0398149,40.6990109],[-74.0397962,40.6989767],[-74.039798,40.6989367],[-74.0398243,40.6989111],[-74.0398682,40.6988933],[-74.0399097,40.6988835],[-74.0399512,40.6988816],[-74.0399861,40.6988865],[-74.0400282,40.6988979],[-74.0400437,40.6989027],[-74.0400595,40.6989072],[-74.0400963,40.6989342],[-74.0401454,40.6988975],[-74.0401502,40.6989014],[-74.040215,40.6988538],[-74.0402387,40.6988362],[-74.040234,40.6988328],[-74.0400782,40.6987147],[-74.0399309,40.6985897]]],[[[-73.9848673,40.7974944],[-73.9916947,40.7881446],[-73.9930017,40.7863546],[-74.0004487,40.7761545],[-74.0016207,40.7745491],[-74.014028,40.757551],[-74.0142459,40.7566558],[-74.0174387,40.7435392],[-74.0206386,40.7303906],[-74.0213072,40.7276365],[-74.0213403,40.7275071],[-74.021347,40.7274823],[-74.023637,40.718068],[-74.02639,40.700102],[-74.034495,40.6866935],[-74.035443,40.685125],[-74.019577,40.679654],[-74.008663,40.686249],[-74.0085948,40.6862959],[-74.0083659,40.6864262],[-74.0082907,40.6864417],[-74.0080914,40.6875085],[-74.0074623,40.6886621],[-74.0069664,40.6889994],[-74.0064699,40.6898545],[-74.0060025,40.6905979],[-74.0054419,40.691317],[-74.0050007,40.6922553],[-74.0041318,40.6935657],[-74.0036039,40.6941589],[-74.0033816,40.6946775],[-74.0026662,40.6957649],[-74.0018898,40.6968077],[-74.0015556,40.6972918],[-74.0011074,40.6980893],[-74.0005834,40.6989323],[-74.0002365,40.6994949],[-73.9995497,40.7004296],[-73.9963451,40.7033735],[-73.9959947,40.7037725],[-73.9957569,40.7038774],[-73.9951925,40.7038071],[-73.9950772,40.7040197],[-73.9945629,40.7042712],[-73.9943578,40.7044439],[-73.9935158,40.7046716],[-73.990749,40.7049],[-73.9901452,40.7050162],[-73.9900444,40.7050118],[-73.9864168,40.705454],[-73.9834159,40.7057302],[-73.9830481,40.7056703],[-73.9827564,40.7056796],[-73.9824381,40.7058529],[-73.980921,40.7059673],[-73.97912,40.706065],[-73.977116,40.706533],[-73.972864,40.708824],[-73.97226,40.709102],[-73.97054,40.707313],[-73.970534,40.707306],[-73.9701825,40.7069404],[-73.970159,40.706916],[-73.970288,40.705753],[-73.970087,40.705752],[-73.970129,40.705383],[-73.969312,40.705475],[-73.969262,40.706803],[-73.969253,40.707038],[-73.969307,40.707116],[-73.969867,40.707916],[-73.9704007,40.7086318],[-73.9701914,40.7092385],[-73.9700064,40.7105491],[-73.969061,40.711744],[-73.9689119,40.7131879],[-73.9677402,40.7157309],[-73.9673055,40.7170152],[-73.9679043,40.7173184],[-73.966666,40.7194968],[-73.9656943,40.7206834],[-73.9649308,40.7214952],[-73.9635168,40.7217312],[-73.9633389,40.7218977],[-73.9627691,40.7227582],[-73.961722,40.72487],[-73.962109,40.725105],[-73.9621293,40.7251589],[-73.9620383,40.7252476],[-73.961933,40.725286],[-73.961758,40.725784],[-73.961741,40.726686],[-73.9619238,40.7275427],[-73.9617512,40.7281249],[-73.9613803,40.729069],[-73.961465,40.730764],[-73.962406,40.732926],[-73.962413,40.73399],[-73.962298,40.734287],[-73.962112,40.734528],[-73.962547,40.736437],[-73.9626667,40.7369801],[-73.962978,40.738393],[-73.9621661,40.7413534],[-73.9607468,40.7441711],[-73.9598548,40.7451772],[-73.959334,40.7461726],[-73.9587189,40.7471165],[-73.957853,40.7483993],[-73.9572708,40.7491674],[-73.9561547,40.7497876],[-73.9547578,40.7507797],[-73.954674,40.750879],[-73.954537,40.751035],[-73.954504,40.751136],[-73.954503,40.751138],[-73.9545472,40.7512427],[-73.9544422,40.751353],[-73.954298,40.751455],[-73.9540201,40.7518142],[-73.9534795,40.752257],[-73.9530476,40.7527668],[-73.9528208,40.7530006],[-73.952454,40.7533899],[-73.9521428,40.7537746],[-73.952027,40.75383],[-73.951614,40.754299],[-73.9510922,40.7549506],[-73.9509011,40.7551524],[-73.9506844,40.7554267],[-73.945698,40.761809],[-73.943339,40.765003],[-73.941379,40.767089],[-73.9406496,40.7675512],[-73.939826,40.768073],[-73.935903,40.770001],[-73.935226,40.770609],[-73.935045,40.7711861],[-73.9355572,40.7715992],[-73.9359429,40.7717347],[-73.9375174,40.7725227],[-73.9378787,40.773831],[-73.937898,40.774033],[-73.937838,40.774832],[-73.937062,40.776185],[-73.936347,40.777138],[-73.935903,40.777506],[-73.9348937,40.7780643],[-73.934558,40.77825],[-73.933803,40.778272],[-73.933184,40.778206],[-73.931708,40.777998],[-73.93115,40.777623],[-73.930643,40.776672],[-73.930038,40.776398],[-73.928695,40.776757],[-73.928236,40.777132],[-73.922345,40.780811],[-73.920761,40.782162],[-73.9156319,40.7864462],[-73.9147322,40.7874646],[-73.9126153,40.7894243],[-73.9121128,40.7895704],[-73.9117549,40.7897803],[-73.9098375,40.7909643],[-73.912528,40.796118],[-73.914169,40.796818],[-73.915523,40.797421],[-73.915757,40.797525],[-73.916392,40.797808],[-73.917859,40.798507],[-73.918088,40.798616],[-73.918649,40.798807],[-73.919034,40.799011],[-73.919896,40.799392],[-73.920078,40.799512],[-73.92034,40.799729],[-73.920697,40.800201],[-73.920956,40.800694],[-73.921186,40.801031],[-73.921375,40.801319],[-73.921413,40.801369],[-73.921794,40.801689],[-73.921898,40.801772],[-73.921913,40.801781],[-73.9222,40.801915],[-73.922382,40.801995],[-73.922663,40.802119],[-73.923075,40.802231],[-73.923472,40.802304],[-73.926507,40.802173],[-73.92707,40.802195],[-73.927663,40.802399],[-73.928019,40.802774],[-73.92871,40.804119],[-73.929031,40.804564],[-73.929963,40.805773],[-73.930446,40.806328],[-73.930526,40.806478],[-73.930526,40.806614],[-73.93096,40.806948],[-73.931277,40.807243],[-73.931655,40.807639],[-73.931911,40.807937],[-73.93211,40.808146],[-73.932231,40.808303],[-73.932364,40.808519],[-73.9325,40.80882],[-73.932592,40.809131],[-73.932621,40.80934],[-73.932626,40.80966],[-73.932597,40.810016],[-73.932595,40.810052],[-73.932768,40.810097],[-73.932816,40.810128],[-73.932838,40.810167],[-73.932857,40.810327],[-73.932847,40.810394],[-73.932812,40.810424],[-73.932663,40.810554],[-73.932656,40.810579],[-73.932666,40.810749],[-73.932556,40.810886],[-73.932608,40.811006],[-73.932676,40.811164],[-73.932743,40.811511],[-73.932747,40.811531],[-73.932828,40.811948],[-73.932705,40.812575],[-73.932532,40.816053],[-73.932591,40.818222],[-73.9326321,40.8189744],[-73.932737,40.820893],[-73.932828,40.823366],[-73.933106,40.825949],[-73.933763,40.831686],[-73.933796,40.832958],[-73.933651,40.834053],[-73.933247,40.835632],[-73.933215,40.8357016],[-73.93287,40.836453],[-73.930996,40.839724],[-73.930104,40.841494],[-73.929339,40.843301],[-73.929128,40.844264],[-73.927091,40.847353],[-73.925114,40.849709],[-73.923448,40.852369],[-73.921527,40.854742],[-73.920875,40.855413],[-73.920794,40.855609],[-73.920605,40.855851],[-73.920402,40.856093],[-73.920076,40.856589],[-73.918948,40.857699],[-73.918224,40.858456],[-73.914333,40.86239],[-73.914244,40.862501],[-73.913623,40.863145],[-73.913396,40.863342],[-73.91186,40.865223],[-73.911319,40.866007],[-73.91078,40.86684],[-73.910336,40.867669],[-73.909711,40.868926],[-73.90949,40.869605],[-73.909337,40.870314],[-73.909194,40.871104],[-73.909148,40.871724],[-73.909332,40.87254],[-73.909264,40.872649],[-73.9092528,40.8726696],[-73.909117,40.872919],[-73.908902,40.873034],[-73.908666,40.872978],[-73.908412,40.872698],[-73.908124,40.872802],[-73.908055,40.872965],[-73.907726,40.873247],[-73.907451,40.873398],[-73.907249,40.873772],[-73.907371,40.873963],[-73.907353,40.874351],[-73.90695,40.875047],[-73.906769,40.87598],[-73.906894,40.876287],[-73.907249,40.876308],[-73.907433,40.876412],[-73.907858,40.87683],[-73.907875,40.877168],[-73.908183,40.877538],[-73.908408,40.877613],[-73.908704,40.877596],[-73.908941,40.877642],[-73.909126,40.877998],[-73.909422,40.87812],[-73.909561,40.8783],[-73.909616,40.878754],[-73.909932,40.878842],[-73.910865,40.879171],[-73.911195,40.879198],[-73.911584,40.87914],[-73.911874,40.878958],[-73.912149,40.878432],[-73.912437,40.878027],[-73.9124759,40.8779877],[-73.9125648,40.8778977],[-73.912693,40.877768],[-73.914213,40.877134],[-73.914773,40.876719],[-73.914997,40.87649],[-73.915177,40.876079],[-73.91522,40.875923],[-73.915336,40.875808],[-73.915578,40.875696],[-73.916024,40.875728],[-73.916163,40.87569],[-73.9161787,40.8756893],[-73.916185,40.875689],[-73.916187,40.87569],[-73.916216,40.875689],[-73.91623,40.875688],[-73.916284,40.875687],[-73.916377,40.875711],[-73.916437,40.875754],[-73.916502,40.875769],[-73.916957,40.875792],[-73.917279,40.875769],[-73.917396,40.875745],[-73.917598,40.875672],[-73.9176836,40.8756705],[-73.917767,40.875669],[-73.9178453,40.8757074],[-73.917916,40.875742],[-73.9183897,40.8758436],[-73.918457,40.875858],[-73.918799,40.875961],[-73.919287,40.876153],[-73.919642,40.876327],[-73.919855,40.87647],[-73.91992,40.876531],[-73.920269,40.876863],[-73.920907,40.877504],[-73.921695,40.87824],[-73.921873,40.878372],[-73.921923,40.878381],[-73.924761,40.87887],[-73.924928,40.878899],[-73.9249858,40.8789176],[-73.925254,40.879004],[-73.9253,40.87902],[-73.933907,40.882012],[-73.9341963,40.8815481],[-73.9483347,40.8584473],[-73.952829,40.851105],[-73.9541923,40.8480026],[-73.9587238,40.8376892],[-73.963577,40.826642],[-73.9772946,40.8078634],[-73.9848673,40.7974944]]]]}},{"type":"Feature","properties":{"layer":"city","location_id":"US-nyc","city_name":"Tribeca","order":1,"color":"#22c55e"},"geometry":{"type":"MultiPolygon","coordinates":[[[[-74.047207,40.690893],[-74.047196,40.690794],[-74.047146,40.690714],[-74.047026,40.690589],[-74.047041,40.690482],[-74.047183,40.690411],[-74.046248,40.689319],[-74.044792,40.68859],[-74.044349,40.688508],[-74.044132,40.688537],[-74.043942,40.688569],[-74.043618,40.68876],[-74.043499,40.689172],[-74.043455,40.689629],[-74.043873,40.690179],[-74.04457,40.690559],[-74.045982,40.691108],[-74.046135,40.691125],[-74.046176,40.691092],[-74.047041,40.691041],[-74.047149,40.690985],[-74.047207,40.690893]]],[[[-74.0399309,40.6985897],[-74.0396695,40.6987755],[-74.0396471,40.69879],[-74.0396316,40.6987899],[-74.0395853,40.6987904],[-74.0395382,40.6987875],[-74.0395083,40.6987803],[-74.0394876,40.6987775],[-74.0394688,40.6987519],[-74.0394385,40.6987394],[-74.0394115,40.6987374],[-74.0393763,40.6987314],[-74.0393648,40.6987087],[-74.0393415,40.6986841],[-74.0393171,40.6986648],[-74.039285,40.6986319],[-74.0392448,40.6986141],[-74.0392054,40.698604],[-74.0391679,40.6985954],[-74.0391153,40.6985924],[-74.039061,40.6985967],[-74.0390065,40.6985937],[-74.0389596,40.6985951],[-74.0389252,40.698607],[-74.0388788,40.6986109],[-74.0388273,40.6986241],[-74.0387796,40.698636],[-74.038744,40.6986371],[-74.0387123,40.698654],[-74.0386807,40.69866],[-74.0386528,40.6986628],[-74.0386342,40.698667],[-74.0386211,40.6986713],[-74.0386028,40.6986769],[-74.038623,40.6986979],[-74.0386064,40.6987175],[-74.0385693,40.6987301],[-74.0385269,40.6987117],[-74.0385048,40.698702],[-74.038477,40.6986908],[-74.0384529,40.6986809],[-74.0384197,40.6986655],[-74.0383919,40.6986656],[-74.0383723,40.6986686],[-74.0383683,40.6986866],[-74.0383801,40.6987135],[-74.038396,40.6987285],[-74.0384116,40.6987557],[-74.0384355,40.6987917],[-74.0384551,40.6988247],[-74.0384669,40.6988698],[-74.0384629,40.6989239],[-74.0384589,40.6989808],[-74.0384668,40.6990169],[-74.0384982,40.699074],[-74.0384936,40.6991151],[-74.0385101,40.6991469],[-74.0385329,40.6991722],[-74.038561,40.6991929],[-74.0385985,40.6992101],[-74.0386321,40.6992385],[-74.0386642,40.6992628],[-74.038697,40.6992793],[-74.0387232,40.699302],[-74.0387475,40.6993362],[-74.0387588,40.6993677],[-74.0387719,40.6993976],[-74.0387831,40.6994062],[-74.0387962,40.699439],[-74.0388017,40.6994874],[-74.0388149,40.6995316],[-74.0388382,40.6995622],[-74.0388796,40.6996022],[-74.0388927,40.6996251],[-74.0389358,40.6996549],[-74.0389901,40.6996622],[-74.0390239,40.6996623],[-74.0390746,40.699668],[-74.0391214,40.6996709],[-74.0391629,40.6996767],[-74.0392097,40.699681],[-74.0392548,40.6996867],[-74.0392866,40.6997081],[-74.0393298,40.6997268],[-74.0393815,40.6997504],[-74.0394283,40.6997632],[-74.0394771,40.6997818],[-74.0395109,40.6998161],[-74.0395465,40.6998431],[-74.0395859,40.6998533],[-74.0396215,40.6998561],[-74.0396647,40.6998733],[-74.0396891,40.699899],[-74.0397134,40.6999275],[-74.0397453,40.6999503],[-74.0397827,40.6999518],[-74.0398251,40.6999554],[-74.0398588,40.6999655],[-74.0399002,40.6999811],[-74.0399339,40.6999941],[-74.0399657,40.7000183],[-74.0399938,40.7000412],[-74.040022,40.700061],[-74.0400483,40.700074],[-74.040082,40.7000925],[-74.0401196,40.700094],[-74.0401534,40.7001026],[-74.0401871,40.700114],[-74.0402491,40.700117],[-74.0402827,40.7001113],[-74.0403288,40.7001007],[-74.0403756,40.7001122],[-74.0404152,40.7001264],[-74.0404601,40.7001494],[-74.0404958,40.7001623],[-74.0405278,40.7001765],[-74.0405689,40.7001879],[-74.0406121,40.7002008],[-74.0406477,40.7002136],[-74.0406966,40.7002152],[-74.0407303,40.7001925],[-74.0407472,40.7001669],[-74.0407397,40.7001311],[-74.0407248,40.7001055],[-74.0407192,40.7000956],[-74.0407023,40.7000713],[-74.0406912,40.70005],[-74.0406874,40.70001],[-74.0406837,40.699983],[-74.0406744,40.6999616],[-74.0406744,40.6999346],[-74.0406631,40.6999075],[-74.0406443,40.6998832],[-74.0406237,40.6998605],[-74.0406154,40.6998284],[-74.0406173,40.6998026],[-74.0406117,40.6997657],[-74.0406004,40.6997386],[-74.0405779,40.69971],[-74.0405535,40.6996801],[-74.0405311,40.6996573],[-74.0405124,40.6996274],[-74.0404842,40.6995945],[-74.0404702,40.6995581],[-74.0404664,40.6995282],[-74.0404666,40.6994927],[-74.0404553,40.6994669],[-74.0404384,40.6994384],[-74.0404262,40.6994134],[-74.0404019,40.6993934],[-74.0403511,40.6993749],[-74.0403156,40.699365],[-74.040278,40.6993506],[-74.0402425,40.6993335],[-74.0402106,40.699315],[-74.0401899,40.6992778],[-74.0401899,40.6992451],[-74.0401863,40.6992152],[-74.040158,40.6991965],[-74.0400698,40.6991722],[-74.03998,40.6991236],[-74.0399479,40.6990979],[-74.0398992,40.699068],[-74.0398618,40.6990423],[-74.0398149,40.6990109],[-74.0397962,40.6989767],[-74.039798,40.6989367],[-74.0398243,40.6989111],[-74.0398682,40.6988933],[-74.0399097,40.6988835],[-74.0399512,40.6988816],[-74.0399861,40.6988865],[-74.0400282,40.6988979],[-74.0400437,40.6989027],[-74.0400595,40.6989072],[-74.0400963,40.6989342],[-74.0401454,40.6988975],[-74.0401502,40.6989014],[-74.040215,40.6988538],[-74.0402387,40.6988362],[-74.040234,40.6988328],[-74.0400782,40.6987147],[-74.0399309,40.6985897]]],[[[-73.9848673,40.7974944],[-73.9916947,40.7881446],[-73.9930017,40.7863546],[-74.0004487,40.7761545],[-74.0016207,40.7745491],[-74.014028,40.757551],[-74.0142459,40.7566558],[-74.0174387,40.7435392],[-74.0206386,40.7303906],[-74.0213072,40.7276365],[-74.0213403,40.7275071],[-74.021347,40.7274823],[-74.023637,40.718068],[-74.02639,40.700102],[-74.034495,40.6866935],[-74.035443,40.685125],[-74.019577,40.679654],[-74.008663,40.686249],[-74.0085948,40.6862959],[-74.0083659,40.6864262],[-74.0082907,40.6864417],[-74.0080914,40.6875085],[-74.0074623,40.6886621],[-74.0069664,40.6889994],[-74.0064699,40.6898545],[-74.0060025,40.6905979],[-74.0054419,40.691317],[-74.0050007,40.6922553],[-74.0041318,40.6935657],[-74.0036039,40.6941589],[-74.0033816,40.6946775],[-74.0026662,40.6957649],[-74.0018898,40.6968077],[-74.0015556,40.6972918],[-74.0011074,40.6980893],[-74.0005834,40.6989323],[-74.0002365,40.6994949],[-73.9995497,40.7004296],[-73.9963451,40.7033735],[-73.9959947,40.7037725],[-73.9957569,40.7038774],[-73.9951925,40.7038071],[-73.9950772,40.7040197],[-73.9945629,40.7042712],[-73.9943578,40.7044439],[-73.9935158,40.7046716],[-73.990749,40.7049],[-73.9901452,40.7050162],[-73.9900444,40.7050118],[-73.9864168,40.705454],[-73.9834159,40.7057302],[-73.9830481,40.7056703],[-73.9827564,40.7056796],[-73.9824381,40.7058529],[-73.980921,40.7059673],[-73.97912,40.706065],[-73.977116,40.706533],[-73.972864,40.708824],[-73.97226,40.709102],[-73.97054,40.707313],[-73.970534,40.707306],[-73.9701825,40.7069404],[-73.970159,40.706916],[-73.970288,40.705753],[-73.970087,40.705752],[-73.970129,40.705383],[-73.969312,40.705475],[-73.969262,40.706803],[-73.969253,40.707038],[-73.969307,40.707116],[-73.969867,40.707916],[-73.9704007,40.7086318],[-73.9701914,40.7092385],[-73.9700064,40.7105491],[-73.969061,40.711744],[-73.9689119,40.7131879],[-73.9677402,40.7157309],[-73.9673055,40.7170152],[-73.9679043,40.7173184],[-73.966666,40.7194968],[-73.9656943,40.7206834],[-73.9649308,40.7214952],[-73.9635168,40.7217312],[-73.9633389,40.7218977],[-73.9627691,40.7227582],[-73.961722,40.72487],[-73.962109,40.725105],[-73.9621293,40.7251589],[-73.9620383,40.7252476],[-73.961933,40.725286],[-73.961758,40.725784],[-73.961741,40.726686],[-73.9619238,40.7275427],[-73.9617512,40.7281249],[-73.9613803,40.729069],[-73.961465,40.730764],[-73.962406,40.732926],[-73.962413,40.73399],[-73.962298,40.734287],[-73.962112,40.734528],[-73.962547,40.736437],[-73.9626667,40.7369801],[-73.962978,40.738393],[-73.9621661,40.7413534],[-73.9607468,40.7441711],[-73.9598548,40.7451772],[-73.959334,40.7461726],[-73.9587189,40.7471165],[-73.957853,40.7483993],[-73.9572708,40.7491674],[-73.9561547,40.7497876],[-73.9547578,40.7507797],[-73.954674,40.750879],[-73.954537,40.751035],[-73.954504,40.751136],[-73.954503,40.751138],[-73.9545472,40.7512427],[-73.9544422,40.751353],[-73.954298,40.751455],[-73.9540201,40.7518142],[-73.9534795,40.752257],[-73.9530476,40.7527668],[-73.9528208,40.7530006],[-73.952454,40.7533899],[-73.9521428,40.7537746],[-73.952027,40.75383],[-73.951614,40.754299],[-73.9510922,40.7549506],[-73.9509011,40.7551524],[-73.9506844,40.7554267],[-73.945698,40.761809],[-73.943339,40.765003],[-73.941379,40.767089],[-73.9406496,40.7675512],[-73.939826,40.768073],[-73.935903,40.770001],[-73.935226,40.770609],[-73.935045,40.7711861],[-73.9355572,40.7715992],[-73.9359429,40.7717347],[-73.9375174,40.7725227],[-73.9378787,40.773831],[-73.937898,40.774033],[-73.937838,40.774832],[-73.937062,40.776185],[-73.936347,40.777138],[-73.935903,40.777506],[-73.9348937,40.7780643],[-73.934558,40.77825],[-73.933803,40.778272],[-73.933184,40.778206],[-73.931708,40.777998],[-73.93115,40.777623],[-73.930643,40.776672],[-73.930038,40.776398],[-73.928695,40.776757],[-73.928236,40.777132],[-73.922345,40.780811],[-73.920761,40.782162],[-73.9156319,40.7864462],[-73.9147322,40.7874646],[-73.9126153,40.7894243],[-73.9121128,40.7895704],[-73.9117549,40.7897803],[-73.9098375,40.7909643],[-73.912528,40.796118],[-73.914169,40.796818],[-73.915523,40.797421],[-73.915757,40.797525],[-73.916392,40.797808],[-73.917859,40.798507],[-73.918088,40.798616],[-73.918649,40.798807],[-73.919034,40.799011],[-73.919896,40.799392],[-73.920078,40.799512],[-73.92034,40.799729],[-73.920697,40.800201],[-73.920956,40.800694],[-73.921186,40.801031],[-73.921375,40.801319],[-73.921413,40.801369],[-73.921794,40.801689],[-73.921898,40.801772],[-73.921913,40.801781],[-73.9222,40.801915],[-73.922382,40.801995],[-73.922663,40.802119],[-73.923075,40.802231],[-73.923472,40.802304],[-73.926507,40.802173],[-73.92707,40.802195],[-73.927663,40.802399],[-73.928019,40.802774],[-73.92871,40.804119],[-73.929031,40.804564],[-73.929963,40.805773],[-73.930446,40.806328],[-73.930526,40.806478],[-73.930526,40.806614],[-73.93096,40.806948],[-73.931277,40.807243],[-73.931655,40.807639],[-73.931911,40.807937],[-73.93211,40.808146],[-73.932231,40.808303],[-73.932364,40.808519],[-73.9325,40.80882],[-73.932592,40.809131],[-73.932621,40.80934],[-73.932626,40.80966],[-73.932597,40.810016],[-73.932595,40.810052],[-73.932768,40.810097],[-73.932816,40.810128],[-73.932838,40.810167],[-73.932857,40.810327],[-73.932847,40.810394],[-73.932812,40.810424],[-73.932663,40.810554],[-73.932656,40.810579],[-73.932666,40.810749],[-73.932556,40.810886],[-73.932608,40.811006],[-73.932676,40.811164],[-73.932743,40.811511],[-73.932747,40.811531],[-73.932828,40.811948],[-73.932705,40.812575],[-73.932532,40.816053],[-73.932591,40.818222],[-73.9326321,40.8189744],[-73.932737,40.820893],[-73.932828,40.823366],[-73.933106,40.825949],[-73.933763,40.831686],[-73.933796,40.832958],[-73.933651,40.834053],[-73.933247,40.835632],[-73.933215,40.8357016],[-73.93287,40.836453],[-73.930996,40.839724],[-73.930104,40.841494],[-73.929339,40.843301],[-73.929128,40.844264],[-73.927091,40.847353],[-73.925114,40.849709],[-73.923448,40.852369],[-73.921527,40.854742],[-73.920875,40.855413],[-73.920794,40.855609],[-73.920605,40.855851],[-73.920402,40.856093],[-73.920076,40.856589],[-73.918948,40.857699],[-73.918224,40.858456],[-73.914333,40.86239],[-73.914244,40.862501],[-73.913623,40.863145],[-73.913396,40.863342],[-73.91186,40.865223],[-73.911319,40.866007],[-73.91078,40.86684],[-73.910336,40.867669],[-73.909711,40.868926],[-73.90949,40.869605],[-73.909337,40.870314],[-73.909194,40.871104],[-73.909148,40.871724],[-73.909332,40.87254],[-73.909264,40.872649],[-73.9092528,40.8726696],[-73.909117,40.872919],[-73.908902,40.873034],[-73.908666,40.872978],[-73.908412,40.872698],[-73.908124,40.872802],[-73.908055,40.872965],[-73.907726,40.873247],[-73.907451,40.873398],[-73.907249,40.873772],[-73.907371,40.873963],[-73.907353,40.874351],[-73.90695,40.875047],[-73.906769,40.87598],[-73.906894,40.876287],[-73.907249,40.876308],[-73.907433,40.876412],[-73.907858,40.87683],[-73.907875,40.877168],[-73.908183,40.877538],[-73.908408,40.877613],[-73.908704,40.877596],[-73.908941,40.877642],[-73.909126,40.877998],[-73.909422,40.87812],[-73.909561,40.8783],[-73.909616,40.878754],[-73.909932,40.878842],[-73.910865,40.879171],[-73.911195,40.879198],[-73.911584,40.87914],[-73.911874,40.878958],[-73.912149,40.878432],[-73.912437,40.878027],[-73.9124759,40.8779877],[-73.9125648,40.8778977],[-73.912693,40.877768],[-73.914213,40.877134],[-73.914773,40.876719],[-73.914997,40.87649],[-73.915177,40.876079],[-73.91522,40.875923],[-73.915336,40.875808],[-73.915578,40.875696],[-73.916024,40.875728],[-73.916163,40.87569],[-73.9161787,40.8756893],[-73.916185,40.875689],[-73.916187,40.87569],[-73.916216,40.875689],[-73.91623,40.875688],[-73.916284,40.875687],[-73.916377,40.875711],[-73.916437,40.875754],[-73.916502,40.875769],[-73.916957,40.875792],[-73.917279,40.875769],[-73.917396,40.875745],[-73.917598,40.875672],[-73.9176836,40.8756705],[-73.917767,40.875669],[-73.9178453,40.8757074],[-73.917916,40.875742],[-73.9183897,40.8758436],[-73.918457,40.875858],[-73.918799,40.875961],[-73.919287,40.876153],[-73.919642,40.876327],[-73.919855,40.87647],[-73.91992,40.876531],[-73.920269,40.876863],[-73.920907,40.877504],[-73.921695,40.87824],[-73.921873,40.878372],[-73.921923,40.878381],[-73.924761,40.87887],[-73.924928,40.878899],[-73.9249858,40.8789176],[-73.925254,40.879004],[-73.9253,40.87902],[-73.933907,40.882012],[-73.9341963,40.8815481],[-73.9483347,40.8584473],[-73.952829,40.851105],[-73.9541923,40.8480026],[-73.9587238,40.8376892],[-73.963577,40.826642],[-73.9772946,40.8078634],[-73.9848673,40.7974944]]]]}},{"type":"Feature","properties":{"layer":"admin","location_id":"US-nyc","admin_name":"Manhattan","admin_level":7,"color":"#dc2626"},"geometry":{"type":"MultiPolygon","coordinates":[[[[-74.047207,40.690893],[-74.047196,40.690794],[-74.047146,40.690714],[-74.047026,40.690589],[-74.047041,40.690482],[-74.047183,40.690411],[-74.046248,40.689319],[-74.044792,40.68859],[-74.044349,40.688508],[-74.044132,40.688537],[-74.043942,40.688569],[-74.043618,40.68876],[-74.043499,40.689172],[-74.043455,40.689629],[-74.043873,40.690179],[-74.04457,40.690559],[-74.045982,40.691108],[-74.046135,40.691125],[-74.046176,40.691092],[-74.047041,40.691041],[-74.047149,40.690985],[-74.047207,40.690893]]],[[[-74.0399309,40.6985897],[-74.0396695,40.6987755],[-74.0396471,40.69879],[-74.0396316,40.6987899],[-74.0395853,40.6987904],[-74.0395382,40.6987875],[-74.0395083,40.6987803],[-74.0394876,40.6987775],[-74.0394688,40.6987519],[-74.0394385,40.6987394],[-74.0394115,40.6987374],[-74.0393763,40.6987314],[-74.0393648,40.6987087],[-74.0393415,40.6986841],[-74.0393171,40.6986648],[-74.039285,40.6986319],[-74.0392448,40.6986141],[-74.0392054,40.698604],[-74.0391679,40.6985954],[-74.0391153,40.6985924],[-74.039061,40.6985967],[-74.0390065,40.6985937],[-74.0389596,40.6985951],[-74.0389252,40.698607],[-74.0388788,40.6986109],[-74.0388273,40.6986241],[-74.0387796,40.698636],[-74.038744,40.6986371],[-74.0387123,40.698654],[-74.0386807,40.69866],[-74.0386528,40.6986628],[-74.0386342,40.698667],[-74.0386211,40.6986713],[-74.0386028,40.6986769],[-74.038623,40.6986979],[-74.0386064,40.6987175],[-74.0385693,40.6987301],[-74.0385269,40.6987117],[-74.0385048,40.698702],[-74.038477,40.6986908],[-74.0384529,40.6986809],[-74.0384197,40.6986655],[-74.0383919,40.6986656],[-74.0383723,40.6986686],[-74.0383683,40.6986866],[-74.0383801,40.6987135],[-74.038396,40.6987285],[-74.0384116,40.6987557],[-74.0384355,40.6987917],[-74.0384551,40.6988247],[-74.0384669,40.6988698],[-74.0384629,40.6989239],[-74.0384589,40.6989808],[-74.0384668,40.6990169],[-74.0384982,40.699074],[-74.0384936,40.6991151],[-74.0385101,40.6991469],[-74.0385329,40.6991722],[-74.038561,40.6991929],[-74.0385985,40.6992101],[-74.0386321,40.6992385],[-74.0386642,40.6992628],[-74.038697,40.6992793],[-74.0387232,40.699302],[-74.0387475,40.6993362],[-74.0387588,40.6993677],[-74.0387719,40.6993976],[-74.0387831,40.6994062],[-74.0387962,40.699439],[-74.0388017,40.6994874],[-74.0388149,40.6995316],[-74.0388382,40.6995622],[-74.0388796,40.6996022],[-74.0388927,40.6996251],[-74.0389358,40.6996549],[-74.0389901,40.6996622],[-74.0390239,40.6996623],[-74.0390746,40.699668],[-74.0391214,40.6996709],[-74.0391629,40.6996767],[-74.0392097,40.699681],[-74.0392548,40.6996867],[-74.0392866,40.6997081],[-74.0393298,40.6997268],[-74.0393815,40.6997504],[-74.0394283,40.6997632],[-74.0394771,40.6997818],[-74.0395109,40.6998161],[-74.0395465,40.6998431],[-74.0395859,40.6998533],[-74.0396215,40.6998561],[-74.0396647,40.6998733],[-74.0396891,40.699899],[-74.0397134,40.6999275],[-74.0397453,40.6999503],[-74.0397827,40.6999518],[-74.0398251,40.6999554],[-74.0398588,40.6999655],[-74.0399002,40.6999811],[-74.0399339,40.6999941],[-74.0399657,40.7000183],[-74.0399938,40.7000412],[-74.040022,40.700061],[-74.0400483,40.700074],[-74.040082,40.7000925],[-74.0401196,40.700094],[-74.0401534,40.7001026],[-74.0401871,40.700114],[-74.0402491,40.700117],[-74.0402827,40.7001113],[-74.0403288,40.7001007],[-74.0403756,40.7001122],[-74.0404152,40.7001264],[-74.0404601,40.7001494],[-74.0404958,40.7001623],[-74.0405278,40.7001765],[-74.0405689,40.7001879],[-74.0406121,40.7002008],[-74.0406477,40.7002136],[-74.0406966,40.7002152],[-74.0407303,40.7001925],[-74.0407472,40.7001669],[-74.0407397,40.7001311],[-74.0407248,40.7001055],[-74.0407192,40.7000956],[-74.0407023,40.7000713],[-74.0406912,40.70005],[-74.0406874,40.70001],[-74.0406837,40.699983],[-74.0406744,40.6999616],[-74.0406744,40.6999346],[-74.0406631,40.6999075],[-74.0406443,40.6998832],[-74.0406237,40.6998605],[-74.0406154,40.6998284],[-74.0406173,40.6998026],[-74.0406117,40.6997657],[-74.0406004,40.6997386],[-74.0405779,40.69971],[-74.0405535,40.6996801],[-74.0405311,40.6996573],[-74.0405124,40.6996274],[-74.0404842,40.6995945],[-74.0404702,40.6995581],[-74.0404664,40.6995282],[-74.0404666,40.6994927],[-74.0404553,40.6994669],[-74.0404384,40.6994384],[-74.0404262,40.6994134],[-74.0404019,40.6993934],[-74.0403511,40.6993749],[-74.0403156,40.699365],[-74.040278,40.6993506],[-74.0402425,40.6993335],[-74.0402106,40.699315],[-74.0401899,40.6992778],[-74.0401899,40.6992451],[-74.0401863,40.6992152],[-74.040158,40.6991965],[-74.0400698,40.6991722],[-74.03998,40.6991236],[-74.0399479,40.6990979],[-74.0398992,40.699068],[-74.0398618,40.6990423],[-74.0398149,40.6990109],[-74.0397962,40.6989767],[-74.039798,40.6989367],[-74.0398243,40.6989111],[-74.0398682,40.6988933],[-74.0399097,40.6988835],[-74.0399512,40.6988816],[-74.0399861,40.6988865],[-74.0400282,40.6988979],[-74.0400437,40.6989027],[-74.0400595,40.6989072],[-74.0400963,40.6989342],[-74.0401454,40.6988975],[-74.0401502,40.6989014],[-74.040215,40.6988538],[-74.0402387,40.6988362],[-74.040234,40.6988328],[-74.0400782,40.6987147],[-74.0399309,40.6985897]]],[[[-73.9848673,40.7974944],[-73.9916947,40.7881446],[-73.9930017,40.7863546],[-74.0004487,40.7761545],[-74.0016207,40.7745491],[-74.014028,40.757551],[-74.0142459,40.7566558],[-74.0174387,40.7435392],[-74.0206386,40.7303906],[-74.0213072,40.7276365],[-74.0213403,40.7275071],[-74.021347,40.7274823],[-74.023637,40.718068],[-74.02639,40.700102],[-74.034495,40.6866935],[-74.035443,40.685125],[-74.019577,40.679654],[-74.008663,40.686249],[-74.0085948,40.6862959],[-74.0083659,40.6864262],[-74.0082907,40.6864417],[-74.0080914,40.6875085],[-74.0074623,40.6886621],[-74.0069664,40.6889994],[-74.0064699,40.6898545],[-74.0060025,40.6905979],[-74.0054419,40.691317],[-74.0050007,40.6922553],[-74.0041318,40.6935657],[-74.0036039,40.6941589],[-74.0033816,40.6946775],[-74.0026662,40.6957649],[-74.0018898,40.6968077],[-74.0015556,40.6972918],[-74.0011074,40.6980893],[-74.0005834,40.6989323],[-74.0002365,40.6994949],[-73.9995497,40.7004296],[-73.9963451,40.7033735],[-73.9959947,40.7037725],[-73.9957569,40.7038774],[-73.9951925,40.7038071],[-73.9950772,40.7040197],[-73.9945629,40.7042712],[-73.9943578,40.7044439],[-73.9935158,40.7046716],[-73.990749,40.7049],[-73.9901452,40.7050162],[-73.9900444,40.7050118],[-73.9864168,40.705454],[-73.9834159,40.7057302],[-73.9830481,40.7056703],[-73.9827564,40.7056796],[-73.9824381,40.7058529],[-73.980921,40.7059673],[-73.97912,40.706065],[-73.977116,40.706533],[-73.972864,40.708824],[-73.97226,40.709102],[-73.97054,40.707313],[-73.970534,40.707306],[-73.9701825,40.7069404],[-73.970159,40.706916],[-73.970288,40.705753],[-73.970087,40.705752],[-73.970129,40.705383],[-73.969312,40.705475],[-73.969262,40.706803],[-73.969253,40.707038],[-73.969307,40.707116],[-73.969867,40.707916],[-73.9704007,40.7086318],[-73.9701914,40.7092385],[-73.9700064,40.7105491],[-73.969061,40.711744],[-73.9689119,40.7131879],[-73.9677402,40.7157309],[-73.9673055,40.7170152],[-73.9679043,40.7173184],[-73.966666,40.7194968],[-73.9656943,40.7206834],[-73.9649308,40.7214952],[-73.9635168,40.7217312],[-73.9633389,40.7218977],[-73.9627691,40.7227582],[-73.961722,40.72487],[-73.962109,40.725105],[-73.9621293,40.7251589],[-73.9620383,40.7252476],[-73.961933,40.725286],[-73.961758,40.725784],[-73.961741,40.726686],[-73.9619238,40.7275427],[-73.9617512,40.7281249],[-73.9613803,40.729069],[-73.961465,40.730764],[-73.962406,40.732926],[-73.962413,40.73399],[-73.962298,40.734287],[-73.962112,40.734528],[-73.962547,40.736437],[-73.9626667,40.7369801],[-73.962978,40.738393],[-73.9621661,40.7413534],[-73.9607468,40.7441711],[-73.9598548,40.7451772],[-73.959334,40.7461726],[-73.9587189,40.7471165],[-73.957853,40.7483993],[-73.9572708,40.7491674],[-73.9561547,40.7497876],[-73.9547578,40.7507797],[-73.954674,40.750879],[-73.954537,40.751035],[-73.954504,40.751136],[-73.954503,40.751138],[-73.9545472,40.7512427],[-73.9544422,40.751353],[-73.954298,40.751455],[-73.9540201,40.7518142],[-73.9534795,40.752257],[-73.9530476,40.7527668],[-73.9528208,40.7530006],[-73.952454,40.7533899],[-73.9521428,40.7537746],[-73.952027,40.75383],[-73.951614,40.754299],[-73.9510922,40.7549506],[-73.9509011,40.7551524],[-73.9506844,40.7554267],[-73.945698,40.761809],[-73.943339,40.765003],[-73.941379,40.767089],[-73.9406496,40.7675512],[-73.939826,40.768073],[-73.935903,40.770001],[-73.935226,40.770609],[-73.935045,40.7711861],[-73.9355572,40.7715992],[-73.9359429,40.7717347],[-73.9375174,40.7725227],[-73.9378787,40.773831],[-73.937898,40.774033],[-73.937838,40.774832],[-73.937062,40.776185],[-73.936347,40.777138],[-73.935903,40.777506],[-73.9348937,40.7780643],[-73.934558,40.77825],[-73.933803,40.778272],[-73.933184,40.778206],[-73.931708,40.777998],[-73.93115,40.777623],[-73.930643,40.776672],[-73.930038,40.776398],[-73.928695,40.776757],[-73.928236,40.777132],[-73.922345,40.780811],[-73.920761,40.782162],[-73.9156319,40.7864462],[-73.9147322,40.7874646],[-73.9126153,40.7894243],[-73.9121128,40.7895704],[-73.9117549,40.7897803],[-73.9098375,40.7909643],[-73.912528,40.796118],[-73.914169,40.796818],[-73.915523,40.797421],[-73.915757,40.797525],[-73.916392,40.797808],[-73.917859,40.798507],[-73.918088,40.798616],[-73.918649,40.798807],[-73.919034,40.799011],[-73.919896,40.799392],[-73.920078,40.799512],[-73.92034,40.799729],[-73.920697,40.800201],[-73.920956,40.800694],[-73.921186,40.801031],[-73.921375,40.801319],[-73.921413,40.801369],[-73.921794,40.801689],[-73.921898,40.801772],[-73.921913,40.801781],[-73.9222,40.801915],[-73.922382,40.801995],[-73.922663,40.802119],[-73.923075,40.802231],[-73.923472,40.802304],[-73.926507,40.802173],[-73.92707,40.802195],[-73.927663,40.802399],[-73.928019,40.802774],[-73.92871,40.804119],[-73.929031,40.804564],[-73.929963,40.805773],[-73.930446,40.806328],[-73.930526,40.806478],[-73.930526,40.806614],[-73.93096,40.806948],[-73.931277,40.807243],[-73.931655,40.807639],[-73.931911,40.807937],[-73.93211,40.808146],[-73.932231,40.808303],[-73.932364,40.808519],[-73.9325,40.80882],[-73.932592,40.809131],[-73.932621,40.80934],[-73.932626,40.80966],[-73.932597,40.810016],[-73.932595,40.810052],[-73.932768,40.810097],[-73.932816,40.810128],[-73.932838,40.810167],[-73.932857,40.810327],[-73.932847,40.810394],[-73.932812,40.810424],[-73.932663,40.810554],[-73.932656,40.810579],[-73.932666,40.810749],[-73.932556,40.810886],[-73.932608,40.811006],[-73.932676,40.811164],[-73.932743,40.811511],[-73.932747,40.811531],[-73.932828,40.811948],[-73.932705,40.812575],[-73.932532,40.816053],[-73.932591,40.818222],[-73.9326321,40.8189744],[-73.932737,40.820893],[-73.932828,40.823366],[-73.933106,40.825949],[-73.933763,40.831686],[-73.933796,40.832958],[-73.933651,40.834053],[-73.933247,40.835632],[-73.933215,40.8357016],[-73.93287,40.836453],[-73.930996,40.839724],[-73.930104,40.841494],[-73.929339,40.843301],[-73.929128,40.844264],[-73.927091,40.847353],[-73.925114,40.849709],[-73.923448,40.852369],[-73.921527,40.854742],[-73.920875,40.855413],[-73.920794,40.855609],[-73.920605,40.855851],[-73.920402,40.856093],[-73.920076,40.856589],[-73.918948,40.857699],[-73.918224,40.858456],[-73.914333,40.86239],[-73.914244,40.862501],[-73.913623,40.863145],[-73.913396,40.863342],[-73.91186,40.865223],[-73.911319,40.866007],[-73.91078,40.86684],[-73.910336,40.867669],[-73.909711,40.868926],[-73.90949,40.869605],[-73.909337,40.870314],[-73.909194,40.871104],[-73.909148,40.871724],[-73.909332,40.87254],[-73.909264,40.872649],[-73.9092528,40.8726696],[-73.909117,40.872919],[-73.908902,40.873034],[-73.908666,40.872978],[-73.908412,40.872698],[-73.908124,40.872802],[-73.908055,40.872965],[-73.907726,40.873247],[-73.907451,40.873398],[-73.907249,40.873772],[-73.907371,40.873963],[-73.907353,40.874351],[-73.90695,40.875047],[-73.906769,40.87598],[-73.906894,40.876287],[-73.907249,40.876308],[-73.907433,40.876412],[-73.907858,40.87683],[-73.907875,40.877168],[-73.908183,40.877538],[-73.908408,40.877613],[-73.908704,40.877596],[-73.908941,40.877642],[-73.909126,40.877998],[-73.909422,40.87812],[-73.909561,40.8783],[-73.909616,40.878754],[-73.909932,40.878842],[-73.910865,40.879171],[-73.911195,40.879198],[-73.911584,40.87914],[-73.911874,40.878958],[-73.912149,40.878432],[-73.912437,40.878027],[-73.9124759,40.8779877],[-73.9125648,40.8778977],[-73.912693,40.877768],[-73.914213,40.877134],[-73.914773,40.876719],[-73.914997,40.87649],[-73.915177,40.876079],[-73.91522,40.875923],[-73.915336,40.875808],[-73.915578,40.875696],[-73.916024,40.875728],[-73.916163,40.87569],[-73.9161787,40.8756893],[-73.916185,40.875689],[-73.916187,40.87569],[-73.916216,40.875689],[-73.91623,40.875688],[-73.916284,40.875687],[-73.916377,40.875711],[-73.916437,40.875754],[-73.916502,40.875769],[-73.916957,40.875792],[-73.917279,40.875769],[-73.917396,40.875745],[-73.917598,40.875672],[-73.9176836,40.8756705],[-73.917767,40.875669],[-73.9178453,40.8757074],[-73.917916,40.875742],[-73.9183897,40.8758436],[-73.918457,40.875858],[-73.918799,40.875961],[-73.919287,40.876153],[-73.919642,40.876327],[-73.919855,40.87647],[-73.91992,40.876531],[-73.920269,40.876863],[-73.920907,40.877504],[-73.921695,40.87824],[-73.921873,40.878372],[-73.921923,40.878381],[-73.924761,40.87887],[-73.924928,40.878899],[-73.9249858,40.8789176],[-73.925254,40.879004],[-73.9253,40.87902],[-73.933907,40.882012],[-73.9341963,40.8815481],[-73.9483347,40.8584473],[-73.952829,40.851105],[-73.9541923,40.8480026],[-73.9587238,40.8376892],[-73.963577,40.826642],[-73.9772946,40.8078634],[-73.9848673,40.7974944]]]]}},{"type":"Feature","properties":{"layer":"city","location_id":"US-chicago","city_name":"Chicago Loop","order":0,"color":"#2563eb"},"geometry":{"type":"Polygon","coordinates":[[[-87.6099982,41.8840847],[-87.6100006,41.8842206],[-87.6099876,41.8842216],[-87.609982,41.8843613],[-87.6099929,41.8843632],[-87.6099906,41.884497],[-87.6099823,41.8844971],[-87.6099828,41.8846359],[-87.6099942,41.884636],[-87.6099886,41.8847652],[-87.6099976,41.8847786],[-87.6099891,41.8849584],[-87.609982,41.8850072],[-87.6099786,41.8851754],[-87.6099751,41.8851906],[-87.6099498,41.8870392],[-87.6099472,41.887104],[-87.6099112,41.8871313],[-87.6099103,41.887179],[-87.6096591,41.8871798],[-87.6095114,41.8880172],[-87.6094541,41.8880231],[-87.6079814,41.8881757],[-87.6078145,41.888193],[-87.6078128,41.8881549],[-87.6075797,41.8881587],[-87.6075338,41.8881975],[-87.6074151,41.8881995],[-87.6054267,41.8882326],[-87.6054263,41.8881942],[-87.6051882,41.8881977],[-87.6051386,41.8882376],[-87.6050336,41.8882399],[-87.6050244,41.8882402],[-87.6025749,41.8882808],[-87.6025422,41.8882816],[-87.6025203,41.8882864],[-87.6025046,41.8882931],[-87.6024929,41.888303],[-87.6024825,41.8883144],[-87.6024771,41.8883272],[-87.6024757,41.8883401],[-87.6024799,41.8883543],[-87.6024873,41.8883663],[-87.6024971,41.8883758],[-87.6025099,41.8883833],[-87.6025222,41.8883878],[-87.6025407,41.8883919],[-87.6025653,41.8883929],[-87.6050328,41.8883528],[-87.6050707,41.8883522],[-87.6050711,41.8883437],[-87.6050882,41.8883435],[-87.605089,41.8883516],[-87.6051444,41.8883502],[-87.6051503,41.8884581],[-87.6051514,41.8885675],[-87.6050966,41.8885683],[-87.6050971,41.8885779],[-87.6050791,41.8885781],[-87.6050783,41.8885686],[-87.605037,41.8885692],[-87.6047777,41.8885729],[-87.6047642,41.888574],[-87.6047488,41.8885753],[-87.6047264,41.8885829],[-87.6047095,41.8885921],[-87.6046974,41.8886049],[-87.6046905,41.8886202],[-87.6046887,41.8886353],[-87.6046926,41.8886523],[-87.6047007,41.8886671],[-87.6047166,41.8886774],[-87.6047344,41.8886831],[-87.6047556,41.8886862],[-87.6047647,41.888686],[-87.6050459,41.88868],[-87.6051528,41.8886788],[-87.6052054,41.8887174],[-87.6054502,41.8887112],[-87.6054475,41.8886707],[-87.6058687,41.8886645],[-87.607429,41.8886416],[-87.6075457,41.8886399],[-87.6075989,41.8886763],[-87.607685,41.8886752],[-87.6076948,41.8890308],[-87.6077,41.889222],[-87.6076766,41.889223],[-87.6076433,41.8892308],[-87.6076248,41.8892423],[-87.6075998,41.8892607],[-87.6075961,41.889278],[-87.6075964,41.8893056],[-87.6076002,41.8893258],[-87.6076096,41.8893535],[-87.6076182,41.889373],[-87.607641,41.8893995],[-87.6076855,41.8894122],[-87.607733,41.8894089],[-87.6077714,41.8893929],[-87.6077877,41.8894155],[-87.6077865,41.8894438],[-87.6095161,41.8894608],[-87.6095144,41.8893475],[-87.6095143,41.8893256],[-87.6095141,41.8893023],[-87.6095139,41.8892695],[-87.6109419,41.8892789],[-87.6113031,41.8892771],[-87.6113014,41.8893633],[-87.6113783,41.8896589],[-87.6114326,41.8898575],[-87.611442,41.8899846],[-87.6114864,41.8906361],[-87.6115384,41.8906347],[-87.6116569,41.8906314],[-87.6117433,41.8906291],[-87.6135727,41.8905789],[-87.6135713,41.8905349],[-87.6135701,41.8904256],[-87.6136148,41.8904253],[-87.6137956,41.8904217],[-87.6144141,41.8904094],[-87.6144186,41.8905537],[-87.6145857,41.8905516],[-87.6155751,41.8905394],[-87.6156145,41.8905388],[-87.6162981,41.8905279],[-87.6170052,41.8905166],[-87.6170372,41.8905161],[-87.6173525,41.8905128],[-87.6173493,41.8904303],[-87.6199125,41.8904153],[-87.6199091,41.8901089],[-87.619796,41.8901104],[-87.6175611,41.89014],[-87.6175331,41.8901405],[-87.6173314,41.8901439],[-87.6173407,41.8901801],[-87.6170473,41.8901916],[-87.6162597,41.8902056],[-87.6153835,41.8902062],[-87.6144667,41.8902175],[-87.6144285,41.890218],[-87.6144118,41.8902182],[-87.6143639,41.8902187],[-87.6137084,41.8902253],[-87.6136779,41.8902256],[-87.6136136,41.8902263],[-87.6127143,41.8902402],[-87.6126839,41.8902314],[-87.6125967,41.890177],[-87.6125389,41.8890906],[-87.6136162,41.8889112],[-87.6135948,41.8884086],[-87.613733,41.8884067],[-87.6164491,41.888369],[-87.6176507,41.8883526],[-87.6203156,41.888576],[-87.6226207,41.8888005],[-87.6245958,41.8888887],[-87.6252036,41.8887883],[-87.6252968,41.8887419],[-87.6277714,41.8875606],[-87.6293534,41.8875448],[-87.6317497,41.8875319],[-87.6341378,41.887516],[-87.6355963,41.8875109],[-87.6375505,41.8865413],[-87.6377617,41.8863953],[-87.6377931,41.8861587],[-87.6377542,41.8856313],[-87.6379271,41.8845873],[-87.6379477,41.8843452],[-87.6380876,41.8832895],[-87.6381869,41.8824039],[-87.6382474,41.8817893],[-87.6382329,41.8805201],[-87.6381054,41.8792423],[-87.6377348,41.8782001],[-87.6374212,41.8766991],[-87.6368648,41.8757994],[-87.6363831,41.875224],[-87.6360269,41.8745676],[-87.6358928,41.8739672],[-87.6354858,41.8721382],[-87.6351589,41.8704712],[-87.635062,41.8699773],[-87.6349819,41.8694479],[-87.6347424,41.8674637],[-87.6347233,41.8673],[-87.6219114,41.8674902],[-87.620718,41.8675065],[-87.6190298,41.8675295],[-87.618331,41.8682743],[-87.6153744,41.8683055],[-87.6154001,41.8683522],[-87.6154402,41.8684084],[-87.615451,41.8684199],[-87.615459,41.8684294],[-87.6155083,41.868479],[-87.6155549,41.8685223],[-87.6156239,41.8685829],[-87.6156365,41.8685933],[-87.6156481,41.8686028],[-87.6156697,41.8686192],[-87.6157233,41.8686566],[-87.6158295,41.8687229],[-87.6160007,41.8688162],[-87.6161182,41.868864],[-87.6162361,41.8689015],[-87.6162436,41.8693053],[-87.616252,41.8696865],[-87.6162542,41.869783],[-87.6162563,41.8698704],[-87.6162961,41.871584],[-87.6162611,41.8716349],[-87.616262,41.8716834],[-87.616263,41.8717334],[-87.6162991,41.8717824],[-87.6162986,41.8719751],[-87.6162178,41.8719753],[-87.6162663,41.8739559],[-87.6162431,41.8739561],[-87.6162241,41.8745004],[-87.6162038,41.8751015],[-87.6162043,41.8751727],[-87.6162043,41.8752034],[-87.6162043,41.8752934],[-87.6162043,41.8753288],[-87.616205,41.8753774],[-87.61621,41.8757497],[-87.6162105,41.8757713],[-87.6162116,41.8758112],[-87.6162122,41.8758332],[-87.6162129,41.8758587],[-87.6162135,41.8758791],[-87.6162142,41.8759026],[-87.6162148,41.8759247],[-87.6162228,41.8762218],[-87.6162396,41.8765198],[-87.616317,41.8776417],[-87.6163281,41.8778297],[-87.6163521,41.8778299],[-87.616372,41.8786576],[-87.6163722,41.878667],[-87.6163937,41.8797864],[-87.6164771,41.8797854],[-87.6164839,41.8799929],[-87.6164869,41.8800807],[-87.61649,41.8801709],[-87.6164906,41.8801956],[-87.6164951,41.8803502],[-87.6164998,41.8805068],[-87.6165019,41.8805607],[-87.6163927,41.8805621],[-87.6163855,41.8805621],[-87.6163652,41.8805624],[-87.6163599,41.8805624],[-87.6163554,41.8805625],[-87.6162444,41.8805638],[-87.6162389,41.8805639],[-87.6162331,41.8805639],[-87.6161925,41.8805644],[-87.6161347,41.8805651],[-87.6161295,41.8805654],[-87.6161234,41.8805654],[-87.6160828,41.8805658],[-87.6157384,41.8805706],[-87.6157593,41.8814236],[-87.615846,41.8814227],[-87.6158857,41.8814222],[-87.6158974,41.881422],[-87.6159429,41.8814215],[-87.6159499,41.8814214],[-87.6159663,41.8814211],[-87.6159815,41.8814208],[-87.6159873,41.8814207],[-87.6160369,41.8814202],[-87.6160421,41.8814202],[-87.616076,41.8814199],[-87.6160836,41.8814198],[-87.6161268,41.8814194],[-87.6161332,41.8814193],[-87.6161758,41.8814189],[-87.6161805,41.8814189],[-87.6162324,41.8814184],[-87.6162365,41.8814183],[-87.6162891,41.8814178],[-87.6163073,41.8814177],[-87.6163347,41.8814173],[-87.6163591,41.8814169],[-87.616402,41.8814161],[-87.6164113,41.8814159],[-87.6164582,41.8814151],[-87.6165196,41.8814147],[-87.6165206,41.8814443],[-87.6165251,41.8817392],[-87.6165222,41.8817796],[-87.6164999,41.8818642],[-87.6164711,41.8819394],[-87.6164341,41.8820077],[-87.6163837,41.8820831],[-87.6163338,41.8821407],[-87.6162746,41.8821999],[-87.6162005,41.8822606],[-87.6161104,41.8823184],[-87.6160166,41.8823688],[-87.6159213,41.8824077],[-87.6158415,41.8824348],[-87.6157342,41.882463],[-87.615643,41.8824816],[-87.6155666,41.8824923],[-87.6155055,41.8824965],[-87.6152601,41.8825028],[-87.6152353,41.882503],[-87.6152115,41.8825036],[-87.6147651,41.8825157],[-87.6146403,41.8825255],[-87.6145075,41.8825425],[-87.6143855,41.8825635],[-87.6142728,41.8825873],[-87.6141693,41.8826112],[-87.614055,41.8826411],[-87.6139668,41.8826686],[-87.6138826,41.8826971],[-87.6137997,41.8827285],[-87.613706,41.8827679],[-87.613585,41.8828277],[-87.6135106,41.8828663],[-87.6134376,41.882907],[-87.6133534,41.8829599],[-87.6132847,41.8830082],[-87.6132315,41.8830474],[-87.613154,41.8831087],[-87.6131054,41.8831543],[-87.6130517,41.8832021],[-87.6130129,41.8832422],[-87.6129707,41.8832952],[-87.6129137,41.8833784],[-87.6129098,41.8833849],[-87.6128744,41.8834433],[-87.6128623,41.8834649],[-87.6128348,41.883514],[-87.6128107,41.8835764],[-87.6127951,41.8836208],[-87.6127821,41.8836651],[-87.6127729,41.8837133],[-87.6127671,41.8837651],[-87.6127655,41.8837943],[-87.6127641,41.8838187],[-87.6127616,41.8838716],[-87.6127644,41.8840592],[-87.6123128,41.8840616],[-87.6109589,41.884069],[-87.6109393,41.8840761],[-87.6106942,41.8840815],[-87.6103125,41.8840798],[-87.6101283,41.884083],[-87.6100395,41.8840842],[-87.6100224,41.8840845],[-87.6099982,41.8840847]]]}},{"type":"Feature","properties":{"layer":"city","location_id":"US-chicago","city_name":"Near South Side","order":1,"color":"#22c55e"},"geometry":{"type":"Polygon","coordinates":[[[-87.6293264,41.8528811],[-87.6293178,41.8523513],[-87.6292875,41.8510413],[-87.6292534,41.8492207],[-87.6292183,41.8475597],[-87.6292012,41.8467497],[-87.6291992,41.8466537],[-87.629179,41.8455623],[-87.6290754,41.8455635],[-87.628669,41.8455689],[-87.6284894,41.8455713],[-87.6281096,41.8455745],[-87.6276526,41.8455812],[-87.627415,41.8455847],[-87.6270768,41.8455896],[-87.6269572,41.8455912],[-87.6267674,41.845594],[-87.6266393,41.845596],[-87.6264959,41.8455979],[-87.6254697,41.845613],[-87.6254374,41.8456136],[-87.625339,41.8456149],[-87.6252225,41.8456166],[-87.62519,41.8456171],[-87.624458,41.8456279],[-87.6237644,41.845638],[-87.6236453,41.8456398],[-87.6234099,41.8456425],[-87.6232716,41.8456446],[-87.6223684,41.8456582],[-87.6222968,41.845659],[-87.6221355,41.8456614],[-87.6220587,41.8456626],[-87.6220263,41.845663],[-87.6205864,41.8456842],[-87.6205058,41.8456856],[-87.6203843,41.8456875],[-87.6203178,41.8456884],[-87.618961,41.8457085],[-87.6188583,41.8457101],[-87.618775,41.8457113],[-87.6183821,41.8457171],[-87.6181141,41.845721],[-87.6179902,41.8457229],[-87.6177969,41.8457257],[-87.6176593,41.8457277],[-87.6175004,41.8457006],[-87.6173016,41.8456666],[-87.6171801,41.8456552],[-87.6170718,41.8456448],[-87.6170492,41.8456416],[-87.6167546,41.8456424],[-87.6166154,41.8456428],[-87.6165689,41.8456359],[-87.6165357,41.8456198],[-87.6165094,41.8455917],[-87.61649,41.8455639],[-87.6164743,41.8455414],[-87.6162675,41.8452367],[-87.6162124,41.8451736],[-87.6161498,41.8451373],[-87.6160791,41.8451119],[-87.615997,41.8450992],[-87.6150616,41.8451116],[-87.6149219,41.8451134],[-87.6149296,41.8451988],[-87.6092085,41.8452547],[-87.6088272,41.8452532],[-87.6087641,41.8453324],[-87.6086286,41.8455041],[-87.6085561,41.8456191],[-87.6084993,41.845736],[-87.6084629,41.8458542],[-87.6084396,41.8459661],[-87.6084326,41.846051],[-87.6084351,41.8461577],[-87.6084492,41.8462788],[-87.6084747,41.8463756],[-87.6085077,41.8464774],[-87.6085813,41.8466237],[-87.6086187,41.8466834],[-87.6087064,41.8468014],[-87.6089821,41.8471635],[-87.6091088,41.8473267],[-87.609336,41.8476283],[-87.6094018,41.8477374],[-87.6094526,41.8478448],[-87.6094856,41.8479511],[-87.6095083,41.8480532],[-87.6095156,41.8481336],[-87.6095288,41.8482943],[-87.6095528,41.8486967],[-87.6095391,41.8486973],[-87.6095443,41.8487997],[-87.6095457,41.8488488],[-87.6095205,41.8490395],[-87.6094641,41.8493047],[-87.6093999,41.8496162],[-87.6093579,41.8498231],[-87.6092983,41.8501099],[-87.60924,41.8504013],[-87.6092245,41.8505005],[-87.6092172,41.8506041],[-87.6092215,41.8507076],[-87.6092321,41.8508064],[-87.6092512,41.8509033],[-87.6092836,41.8510108],[-87.6093228,41.851104],[-87.6093688,41.8512015],[-87.6094435,41.8513232],[-87.6095511,41.8514601],[-87.6096852,41.8516261],[-87.6097953,41.8517624],[-87.6099487,41.8519516],[-87.6101082,41.8521422],[-87.6102515,41.8523152],[-87.6103777,41.8524769],[-87.6104417,41.8525629],[-87.6087235,41.8531551],[-87.6087104,41.8531567],[-87.6084963,41.8531825],[-87.6082934,41.8532067],[-87.608113,41.8532283],[-87.6078993,41.8532516],[-87.6070771,41.8533168],[-87.606536,41.8533615],[-87.6065407,41.853417],[-87.6066245,41.8534109],[-87.606777,41.8556763],[-87.6068836,41.8571106],[-87.6069501,41.8579224],[-87.6070104,41.8587089],[-87.6070922,41.8598509],[-87.607049,41.8598812],[-87.6070087,41.8599064],[-87.6069688,41.8599226],[-87.6069317,41.8599337],[-87.6068764,41.8599511],[-87.606812,41.8599568],[-87.6067397,41.8599693],[-87.6065799,41.8599865],[-87.606445,41.8599929],[-87.6063593,41.8599924],[-87.6062023,41.8599984],[-87.6060981,41.8600097],[-87.606013,41.860032],[-87.6059545,41.8600734],[-87.605944,41.8600954],[-87.6059738,41.8607065],[-87.6060093,41.86203],[-87.6060143,41.8620471],[-87.6060322,41.862057],[-87.6060725,41.8620618],[-87.6064095,41.8620665],[-87.6064398,41.8621043],[-87.6065325,41.8621904],[-87.60655,41.8621936],[-87.6066345,41.8621563],[-87.6066601,41.8621763],[-87.6069027,41.8625108],[-87.6072624,41.8637478],[-87.6073045,41.8642114],[-87.6072076,41.8646646],[-87.6070194,41.8649936],[-87.6067788,41.8651199],[-87.6065742,41.8651405],[-87.6065582,41.8651196],[-87.606472,41.8650566],[-87.6063363,41.8649973],[-87.6063299,41.864977],[-87.6063091,41.8649519],[-87.6063086,41.8647952],[-87.6060639,41.8647997],[-87.6060722,41.8656832],[-87.6059631,41.8657518],[-87.6058753,41.8658275],[-87.6057923,41.8659164],[-87.6057283,41.8660141],[-87.6056832,41.8661063],[-87.6056488,41.8661948],[-87.6056271,41.8663208],[-87.6056325,41.8664224],[-87.6056551,41.866529],[-87.6056954,41.8666298],[-87.6057494,41.8667401],[-87.605818,41.8668405],[-87.6058914,41.8669158],[-87.6059797,41.8669904],[-87.6060668,41.867046],[-87.6061439,41.8670881],[-87.6062291,41.8671256],[-87.6063148,41.86716],[-87.606394,41.8671841],[-87.606478,41.8672044],[-87.6065735,41.8672211],[-87.6066844,41.8672345],[-87.6068196,41.8672395],[-87.6069277,41.8672343],[-87.6070456,41.8672194],[-87.6071578,41.8671966],[-87.607252,41.8671701],[-87.6073772,41.8671224],[-87.6075006,41.8670626],[-87.6076152,41.8669912],[-87.6077048,41.8669171],[-87.6077631,41.8668584],[-87.6095943,41.8668317],[-87.6106162,41.8668185],[-87.6106439,41.8668153],[-87.6106636,41.8668067],[-87.6106704,41.8667934],[-87.6106733,41.8667806],[-87.6127123,41.8667513],[-87.6127154,41.8669761],[-87.6126195,41.867055],[-87.6125532,41.8671233],[-87.6124924,41.8672027],[-87.6124442,41.8672767],[-87.6124084,41.8673564],[-87.612383,41.8674347],[-87.6123707,41.8674904],[-87.6123622,41.867554],[-87.612358,41.8676455],[-87.6123668,41.867733],[-87.6123892,41.867817],[-87.6124192,41.8678973],[-87.6124596,41.8679742],[-87.6125082,41.868045],[-87.6125629,41.8681147],[-87.6126252,41.8681775],[-87.6127057,41.8682458],[-87.6127939,41.8683052],[-87.6128933,41.8683602],[-87.6129877,41.8684024],[-87.6130785,41.8684331],[-87.6131999,41.8684672],[-87.6133679,41.8684981],[-87.6135238,41.8685094],[-87.6136649,41.8685069],[-87.6138336,41.8685066],[-87.6140944,41.8685011],[-87.6142177,41.8684898],[-87.6143204,41.8684742],[-87.6144173,41.8684504],[-87.6145569,41.8684093],[-87.6146729,41.8683667],[-87.6147603,41.8683256],[-87.6148176,41.8683243],[-87.6148246,41.8683196],[-87.6148418,41.8683217],[-87.6148734,41.8683202],[-87.614887,41.8683155],[-87.6149007,41.8683194],[-87.6149759,41.868316],[-87.615002,41.8683142],[-87.61502,41.868317],[-87.615207,41.8683128],[-87.6153744,41.8683055],[-87.618331,41.8682743],[-87.6190298,41.8675295],[-87.620718,41.8675065],[-87.6219114,41.8674902],[-87.6347233,41.8673],[-87.6346403,41.8640603],[-87.6345231,41.8609997],[-87.6344983,41.8599958],[-87.6344821,41.8593419],[-87.6350153,41.8584115],[-87.6351587,41.8581613],[-87.635196,41.8577304],[-87.6343814,41.8577227],[-87.6330371,41.8577401],[-87.6325886,41.8577491],[-87.6321219,41.8577542],[-87.6320017,41.857758],[-87.6319264,41.8577591],[-87.6318804,41.8577598],[-87.6317619,41.8577606],[-87.6315907,41.8577621],[-87.6310054,41.857766],[-87.6308382,41.8577668],[-87.6305807,41.8577688],[-87.6303632,41.8577705],[-87.6302363,41.8577714],[-87.6302335,41.8576952],[-87.6302247,41.8574563],[-87.6302223,41.8573558],[-87.6302155,41.8571557],[-87.6301987,41.8566637],[-87.6301961,41.8565866],[-87.6301937,41.8565133],[-87.6301765,41.8560077],[-87.6301607,41.8555427],[-87.6301574,41.8554437],[-87.6301528,41.8553082],[-87.6301499,41.8552512],[-87.6301463,41.8551172],[-87.630143,41.855005],[-87.6301255,41.854081],[-87.6301131,41.8534625],[-87.6301006,41.8533098],[-87.6300779,41.853033],[-87.6300691,41.8529487],[-87.6300635,41.8528652],[-87.6293264,41.8528811]]]}},{"type":"Feature","properties":{"layer":"admin","location_id":"US-chicago","admin_name":"Loop","admin_level":10,"color":"#dc2626"},"geometry":{"type":"Polygon","coordinates":[[[-87.6099982,41.8840847],[-87.6100006,41.8842206],[-87.6099876,41.8842216],[-87.609982,41.8843613],[-87.6099929,41.8843632],[-87.6099906,41.884497],[-87.6099823,41.8844971],[-87.6099828,41.8846359],[-87.6099942,41.884636],[-87.6099886,41.8847652],[-87.6099976,41.8847786],[-87.6099891,41.8849584],[-87.609982,41.8850072],[-87.6099786,41.8851754],[-87.6099751,41.8851906],[-87.6099498,41.8870392],[-87.6099472,41.887104],[-87.6099112,41.8871313],[-87.6099103,41.887179],[-87.6096591,41.8871798],[-87.6095114,41.8880172],[-87.6094541,41.8880231],[-87.6079814,41.8881757],[-87.6078145,41.888193],[-87.6078128,41.8881549],[-87.6075797,41.8881587],[-87.6075338,41.8881975],[-87.6074151,41.8881995],[-87.6054267,41.8882326],[-87.6054263,41.8881942],[-87.6051882,41.8881977],[-87.6051386,41.8882376],[-87.6050336,41.8882399],[-87.6050244,41.8882402],[-87.6025749,41.8882808],[-87.6025422,41.8882816],[-87.6025203,41.8882864],[-87.6025046,41.8882931],[-87.6024929,41.888303],[-87.6024825,41.8883144],[-87.6024771,41.8883272],[-87.6024757,41.8883401],[-87.6024799,41.8883543],[-87.6024873,41.8883663],[-87.6024971,41.8883758],[-87.6025099,41.8883833],[-87.6025222,41.8883878],[-87.6025407,41.8883919],[-87.6025653,41.8883929],[-87.6050328,41.8883528],[-87.6050707,41.8883522],[-87.6050711,41.8883437],[-87.6050882,41.8883435],[-87.605089,41.8883516],[-87.6051444,41.8883502],[-87.6051503,41.8884581],[-87.6051514,41.8885675],[-87.6050966,41.8885683],[-87.6050971,41.8885779],[-87.6050791,41.8885781],[-87.6050783,41.8885686],[-87.605037,41.8885692],[-87.6047777,41.8885729],[-87.6047642,41.888574],[-87.6047488,41.8885753],[-87.6047264,41.8885829],[-87.6047095,41.8885921],[-87.6046974,41.8886049],[-87.6046905,41.8886202],[-87.6046887,41.8886353],[-87.6046926,41.8886523],[-87.6047007,41.8886671],[-87.6047166,41.8886774],[-87.6047344,41.8886831],[-87.6047556,41.8886862],[-87.6047647,41.888686],[-87.6050459,41.88868],[-87.6051528,41.8886788],[-87.6052054,41.8887174],[-87.6054502,41.8887112],[-87.6054475,41.8886707],[-87.6058687,41.8886645],[-87.607429,41.8886416],[-87.6075457,41.8886399],[-87.6075989,41.8886763],[-87.607685,41.8886752],[-87.6076948,41.8890308],[-87.6077,41.889222],[-87.6076766,41.889223],[-87.6076433,41.8892308],[-87.6076248,41.8892423],[-87.6075998,41.8892607],[-87.6075961,41.889278],[-87.6075964,41.8893056],[-87.6076002,41.8893258],[-87.6076096,41.8893535],[-87.6076182,41.889373],[-87.607641,41.8893995],[-87.6076855,41.8894122],[-87.607733,41.8894089],[-87.6077714,41.8893929],[-87.6077877,41.8894155],[-87.6077865,41.8894438],[-87.6095161,41.8894608],[-87.6095144,41.8893475],[-87.6095143,41.8893256],[-87.6095141,41.8893023],[-87.6095139,41.8892695],[-87.6109419,41.8892789],[-87.6113031,41.8892771],[-87.6113014,41.8893633],[-87.6113783,41.8896589],[-87.6114326,41.8898575],[-87.611442,41.8899846],[-87.6114864,41.8906361],[-87.6115384,41.8906347],[-87.6116569,41.8906314],[-87.6117433,41.8906291],[-87.6135727,41.8905789],[-87.6135713,41.8905349],[-87.6135701,41.8904256],[-87.6136148,41.8904253],[-87.6137956,41.8904217],[-87.6144141,41.8904094],[-87.6144186,41.8905537],[-87.6145857,41.8905516],[-87.6155751,41.8905394],[-87.6156145,41.8905388],[-87.6162981,41.8905279],[-87.6170052,41.8905166],[-87.6170372,41.8905161],[-87.6173525,41.8905128],[-87.6173493,41.8904303],[-87.6199125,41.8904153],[-87.6199091,41.8901089],[-87.619796,41.8901104],[-87.6175611,41.89014],[-87.6175331,41.8901405],[-87.6173314,41.8901439],[-87.6173407,41.8901801],[-87.6170473,41.8901916],[-87.6162597,41.8902056],[-87.6153835,41.8902062],[-87.6144667,41.8902175],[-87.6144285,41.890218],[-87.6144118,41.8902182],[-87.6143639,41.8902187],[-87.6137084,41.8902253],[-87.6136779,41.8902256],[-87.6136136,41.8902263],[-87.6127143,41.8902402],[-87.6126839,41.8902314],[-87.6125967,41.890177],[-87.6125389,41.8890906],[-87.6136162,41.8889112],[-87.6135948,41.8884086],[-87.613733,41.8884067],[-87.6164491,41.888369],[-87.6176507,41.8883526],[-87.6203156,41.888576],[-87.6226207,41.8888005],[-87.6245958,41.8888887],[-87.6252036,41.8887883],[-87.6252968,41.8887419],[-87.6277714,41.8875606],[-87.6293534,41.8875448],[-87.6317497,41.8875319],[-87.6341378,41.887516],[-87.6355963,41.8875109],[-87.6375505,41.8865413],[-87.6377617,41.8863953],[-87.6377931,41.8861587],[-87.6377542,41.8856313],[-87.6379271,41.8845873],[-87.6379477,41.8843452],[-87.6380876,41.8832895],[-87.6381869,41.8824039],[-87.6382474,41.8817893],[-87.6382329,41.8805201],[-87.6381054,41.8792423],[-87.6377348,41.8782001],[-87.6374212,41.8766991],[-87.6368648,41.8757994],[-87.6363831,41.875224],[-87.6360269,41.8745676],[-87.6358928,41.8739672],[-87.6354858,41.8721382],[-87.6351589,41.8704712],[-87.635062,41.8699773],[-87.6349819,41.8694479],[-87.6347424,41.8674637],[-87.6347233,41.8673],[-87.6219114,41.8674902],[-87.620718,41.8675065],[-87.6190298,41.8675295],[-87.618331,41.8682743],[-87.6153744,41.8683055],[-87.6154001,41.8683522],[-87.6154402,41.8684084],[-87.615451,41.8684199],[-87.615459,41.8684294],[-87.6155083,41.868479],[-87.6155549,41.8685223],[-87.6156239,41.8685829],[-87.6156365,41.8685933],[-87.6156481,41.8686028],[-87.6156697,41.8686192],[-87.6157233,41.8686566],[-87.6158295,41.8687229],[-87.6160007,41.8688162],[-87.6161182,41.868864],[-87.6162361,41.8689015],[-87.6162436,41.8693053],[-87.616252,41.8696865],[-87.6162542,41.869783],[-87.6162563,41.8698704],[-87.6162961,41.871584],[-87.6162611,41.8716349],[-87.616262,41.8716834],[-87.616263,41.8717334],[-87.6162991,41.8717824],[-87.6162986,41.8719751],[-87.6162178,41.8719753],[-87.6162663,41.8739559],[-87.6162431,41.8739561],[-87.6162241,41.8745004],[-87.6162038,41.8751015],[-87.6162043,41.8751727],[-87.6162043,41.8752034],[-87.6162043,41.8752934],[-87.6162043,41.8753288],[-87.616205,41.8753774],[-87.61621,41.8757497],[-87.6162105,41.8757713],[-87.6162116,41.8758112],[-87.6162122,41.8758332],[-87.6162129,41.8758587],[-87.6162135,41.8758791],[-87.6162142,41.8759026],[-87.6162148,41.8759247],[-87.6162228,41.8762218],[-87.6162396,41.8765198],[-87.616317,41.8776417],[-87.6163281,41.8778297],[-87.6163521,41.8778299],[-87.616372,41.8786576],[-87.6163722,41.878667],[-87.6163937,41.8797864],[-87.6164771,41.8797854],[-87.6164839,41.8799929],[-87.6164869,41.8800807],[-87.61649,41.8801709],[-87.6164906,41.8801956],[-87.6164951,41.8803502],[-87.6164998,41.8805068],[-87.6165019,41.8805607],[-87.6163927,41.8805621],[-87.6163855,41.8805621],[-87.6163652,41.8805624],[-87.6163599,41.8805624],[-87.6163554,41.8805625],[-87.6162444,41.8805638],[-87.6162389,41.8805639],[-87.6162331,41.8805639],[-87.6161925,41.8805644],[-87.6161347,41.8805651],[-87.6161295,41.8805654],[-87.6161234,41.8805654],[-87.6160828,41.8805658],[-87.6157384,41.8805706],[-87.6157593,41.8814236],[-87.615846,41.8814227],[-87.6158857,41.8814222],[-87.6158974,41.881422],[-87.6159429,41.8814215],[-87.6159499,41.8814214],[-87.6159663,41.8814211],[-87.6159815,41.8814208],[-87.6159873,41.8814207],[-87.6160369,41.8814202],[-87.6160421,41.8814202],[-87.616076,41.8814199],[-87.6160836,41.8814198],[-87.6161268,41.8814194],[-87.6161332,41.8814193],[-87.6161758,41.8814189],[-87.6161805,41.8814189],[-87.6162324,41.8814184],[-87.6162365,41.8814183],[-87.6162891,41.8814178],[-87.6163073,41.8814177],[-87.6163347,41.8814173],[-87.6163591,41.8814169],[-87.616402,41.8814161],[-87.6164113,41.8814159],[-87.6164582,41.8814151],[-87.6165196,41.8814147],[-87.6165206,41.8814443],[-87.6165251,41.8817392],[-87.6165222,41.8817796],[-87.6164999,41.8818642],[-87.6164711,41.8819394],[-87.6164341,41.8820077],[-87.6163837,41.8820831],[-87.6163338,41.8821407],[-87.6162746,41.8821999],[-87.6162005,41.8822606],[-87.6161104,41.8823184],[-87.6160166,41.8823688],[-87.6159213,41.8824077],[-87.6158415,41.8824348],[-87.6157342,41.882463],[-87.615643,41.8824816],[-87.6155666,41.8824923],[-87.6155055,41.8824965],[-87.6152601,41.8825028],[-87.6152353,41.882503],[-87.6152115,41.8825036],[-87.6147651,41.8825157],[-87.6146403,41.8825255],[-87.6145075,41.8825425],[-87.6143855,41.8825635],[-87.6142728,41.8825873],[-87.6141693,41.8826112],[-87.614055,41.8826411],[-87.6139668,41.8826686],[-87.6138826,41.8826971],[-87.6137997,41.8827285],[-87.613706,41.8827679],[-87.613585,41.8828277],[-87.6135106,41.8828663],[-87.6134376,41.882907],[-87.6133534,41.8829599],[-87.6132847,41.8830082],[-87.6132315,41.8830474],[-87.613154,41.8831087],[-87.6131054,41.8831543],[-87.6130517,41.8832021],[-87.6130129,41.8832422],[-87.6129707,41.8832952],[-87.6129137,41.8833784],[-87.6129098,41.8833849],[-87.6128744,41.8834433],[-87.6128623,41.8834649],[-87.6128348,41.883514],[-87.6128107,41.8835764],[-87.6127951,41.8836208],[-87.6127821,41.8836651],[-87.6127729,41.8837133],[-87.6127671,41.8837651],[-87.6127655,41.8837943],[-87.6127641,41.8838187],[-87.6127616,41.8838716],[-87.6127644,41.8840592],[-87.6123128,41.8840616],[-87.6109589,41.884069],[-87.6109393,41.8840761],[-87.6106942,41.8840815],[-87.6103125,41.8840798],[-87.6101283,41.884083],[-87.6100395,41.8840842],[-87.6100224,41.8840845],[-87.6099982,41.8840847]]]}},{"type":"Feature","properties":{"layer":"city","location_id":"CA-montreal","city_name":"Milton-Parc","order":0,"color":"#2563eb"},"geometry":{"type":"Polygon","coordinates":[[[-73.5694354,45.5124988],[-73.5685499,45.514478],[-73.5685363,45.5145025],[-73.5684833,45.5146269],[-73.568212,45.5152263],[-73.5679487,45.5158218],[-73.567462,45.5169099],[-73.5670574,45.5178055],[-73.5668889,45.5181965],[-73.5665684,45.5189352],[-73.5665504,45.5189757],[-73.5663227,45.5194707],[-73.5661588,45.5198442],[-73.5660882,45.5199928],[-73.5657193,45.5207803],[-73.5655925,45.5211228],[-73.5655484,45.5213649],[-73.5654323,45.5230519],[-73.56426,45.5269237],[-73.5642524,45.5269465],[-73.5642416,45.5269788],[-73.5642286,45.5270174],[-73.564205,45.527093],[-73.5641948,45.5271256],[-73.5639353,45.5279502],[-73.5634782,45.5293726],[-73.5633086,45.5299066],[-73.5633008,45.5299312],[-73.5632805,45.5299951],[-73.5632602,45.5300591],[-73.5632515,45.5300864],[-73.5630709,45.5306614],[-73.563041,45.5307491],[-73.5630135,45.5308305],[-73.5630066,45.5308543],[-73.5627734,45.5315328],[-73.5625373,45.5323681],[-73.5624894,45.5325181],[-73.5624789,45.5325499],[-73.5613476,45.5359164],[-73.5603466,45.5378511],[-73.5592251,45.5398991],[-73.561818,45.5401865],[-73.5640522,45.5404063],[-73.5661788,45.5406054],[-73.5681845,45.5408095],[-73.5694495,45.5409463],[-73.5709616,45.5410984],[-73.5735285,45.5413386],[-73.5735819,45.5413458],[-73.5742647,45.5413947],[-73.5754933,45.5414907],[-73.5761069,45.5415455],[-73.5764979,45.5415642],[-73.5769913,45.5415921],[-73.577317,45.5415961],[-73.5773814,45.5415969],[-73.5779301,45.5415855],[-73.5783818,45.5415556],[-73.5786018,45.5415403],[-73.5790223,45.5415045],[-73.579265,45.5414693],[-73.5796534,45.541413],[-73.5800793,45.5413413],[-73.580501,45.5412587],[-73.5810674,45.5411382],[-73.5815528,45.5410148],[-73.5820681,45.5408309],[-73.5824716,45.5406809],[-73.5829786,45.5404949],[-73.5833725,45.540312],[-73.5837522,45.5401346],[-73.5838482,45.5400898],[-73.5841351,45.5399275],[-73.5841879,45.5398976],[-73.5850895,45.5393239],[-73.5851766,45.5392684],[-73.5853999,45.5391205],[-73.5856567,45.5389212],[-73.5863814,45.5383247],[-73.5865132,45.5382115],[-73.5873278,45.5375045],[-73.5877555,45.537131],[-73.5885744,45.5364262],[-73.5894554,45.5356748],[-73.5904264,45.5348474],[-73.5920621,45.5334995],[-73.5938455,45.5320274],[-73.5942984,45.5316412],[-73.5945783,45.531403],[-73.5947147,45.5312874],[-73.5949699,45.5310748],[-73.5950741,45.5309855],[-73.5952117,45.5308818],[-73.5954599,45.5306957],[-73.5958569,45.5304252],[-73.5960366,45.5303144],[-73.5962075,45.5302111],[-73.5964111,45.5300938],[-73.5965458,45.5300158],[-73.596643,45.5299623],[-73.5970093,45.5297777],[-73.5971508,45.5297116],[-73.5972922,45.5296521],[-73.5975144,45.5295529],[-73.5976927,45.5294804],[-73.5978631,45.5294094],[-73.5982091,45.5292832],[-73.598358,45.5292396],[-73.5985566,45.5291831],[-73.5987509,45.5291271],[-73.598861,45.5290936],[-73.5990601,45.5290374],[-73.5992547,45.5289804],[-73.5994085,45.528939],[-73.5996121,45.5288871],[-73.5999145,45.5288177],[-73.6000514,45.5287894],[-73.6001961,45.5287629],[-73.6005152,45.5287014],[-73.6007264,45.5286717],[-73.6008819,45.5286484],[-73.6011555,45.5286125],[-73.601357,45.5285881],[-73.6018513,45.5285353],[-73.6021705,45.5285099],[-73.6024165,45.5284949],[-73.6026522,45.5284614],[-73.6028567,45.5284331],[-73.6029959,45.5284112],[-73.6031461,45.5283996],[-73.6033834,45.5283941],[-73.6036583,45.5283986],[-73.6042447,45.5284097],[-73.6044308,45.5284138],[-73.6049152,45.5284248],[-73.6051069,45.5284291],[-73.6052997,45.5284409],[-73.6059258,45.5284439],[-73.6067673,45.5283959],[-73.6070318,45.5283555],[-73.6072753,45.5283204],[-73.6075365,45.5282485],[-73.6081259,45.5280267],[-73.6086783,45.5277899],[-73.6109548,45.5265463],[-73.6124648,45.5257221],[-73.6121188,45.5255732],[-73.6109674,45.5250763],[-73.6109237,45.5250574],[-73.6108413,45.525022],[-73.6060215,45.5228807],[-73.6028568,45.5214734],[-73.597079,45.5189241],[-73.5967974,45.5187999],[-73.5967546,45.518781],[-73.5967288,45.5187696],[-73.5966188,45.5187197],[-73.5966936,45.5186331],[-73.5965763,45.5185832],[-73.5965457,45.5185698],[-73.5962591,45.518444],[-73.5959796,45.5183195],[-73.5958783,45.5182758],[-73.5953823,45.5180655],[-73.5952668,45.5180138],[-73.5949591,45.5178896],[-73.5946238,45.5177542],[-73.5946587,45.5177207],[-73.5943038,45.517574],[-73.5941305,45.5175023],[-73.5940481,45.5174682],[-73.5932402,45.517134],[-73.5918681,45.5164844],[-73.5914602,45.5162677],[-73.591215,45.5161836],[-73.5908988,45.5160891],[-73.5902655,45.5157881],[-73.5898192,45.5162604],[-73.5895022,45.5165958],[-73.5893161,45.5167861],[-73.5847194,45.5146619],[-73.5824736,45.5136189],[-73.5822384,45.5135092],[-73.5794755,45.5122302],[-73.5793635,45.5119638],[-73.5793247,45.5118145],[-73.5793011,45.5117452],[-73.5792655,45.5116592],[-73.5792343,45.5115944],[-73.5791988,45.511528],[-73.5791655,45.5114775],[-73.5791138,45.5114074],[-73.5790622,45.5113418],[-73.5789869,45.5112619],[-73.5789212,45.5111917],[-73.5788857,45.5111525],[-73.5788492,45.511105],[-73.5786474,45.5110226],[-73.5787215,45.5108661],[-73.578709,45.5108101],[-73.5786964,45.5107454],[-73.5786847,45.5106772],[-73.5786795,45.5106108],[-73.5786791,45.5105388],[-73.5786838,45.5104598],[-73.5786917,45.5104062],[-73.5787063,45.5103502],[-73.5787273,45.5102942],[-73.5787528,45.510233],[-73.5787807,45.5101763],[-73.578815,45.5101162],[-73.5788584,45.5100487],[-73.5789038,45.5099917],[-73.5789539,45.5099359],[-73.5794468,45.5094216],[-73.5794903,45.5093689],[-73.5795402,45.5092915],[-73.5795686,45.5092453],[-73.5798404,45.5087521],[-73.5800004,45.5084616],[-73.5800874,45.5082886],[-73.5801205,45.5082165],[-73.5800486,45.5081849],[-73.5799727,45.5081483],[-73.5799162,45.5081152],[-73.579881,45.508095],[-73.579848,45.5080779],[-73.5785904,45.5074598],[-73.5778125,45.5070767],[-73.5763653,45.5063881],[-73.5749241,45.5056701],[-73.574852,45.5056348],[-73.5745753,45.5054991],[-73.573667,45.5050719],[-73.5734646,45.5049733],[-73.5734052,45.505033],[-73.5731648,45.5052795],[-73.5730196,45.5054471],[-73.5729421,45.5055614],[-73.5725332,45.506242],[-73.5722815,45.506658],[-73.572079,45.5069868],[-73.5716694,45.5076788],[-73.5712994,45.5083011],[-73.5712732,45.5083455],[-73.5712322,45.5084135],[-73.5711901,45.508488],[-73.5710799,45.5086928],[-73.5709943,45.5088638],[-73.5708861,45.5091003],[-73.5707975,45.5093037],[-73.5707503,45.509425],[-73.5705368,45.5099352],[-73.5703056,45.5104475],[-73.5700203,45.5111134],[-73.5697026,45.5118677],[-73.5696494,45.5119864],[-73.5694354,45.5124988]]]}},{"type":"Feature","properties":{"layer":"city","location_id":"CO-cali","city_name":"Cali","order":0,"color":"#2563eb"},"geometry":{"type":"Polygon","coordinates":[[[-76.5197481,3.4324586],[-76.5199116,3.4309087],[-76.520094,3.4291805],[-76.5200991,3.4291058],[-76.5167117,3.428745],[-76.5166163,3.4297796],[-76.5165315,3.4307023],[-76.5164191,3.4317742],[-76.5163836,3.4320864],[-76.5163374,3.4322848],[-76.5161572,3.4325017],[-76.5158752,3.4327554],[-76.5153344,3.4335367],[-76.5154187,3.4335637],[-76.5154698,3.4335733],[-76.5158677,3.4336486],[-76.5161213,3.4337045],[-76.5162537,3.4337336],[-76.516276,3.4335679],[-76.5168343,3.4336435],[-76.5173741,3.4337564],[-76.5177344,3.433964],[-76.5182813,3.4346264],[-76.5184852,3.4348016],[-76.5186715,3.4349249],[-76.5188821,3.4349946],[-76.5190633,3.4350331],[-76.5192373,3.4350645],[-76.5193061,3.4350769],[-76.5194426,3.4350945],[-76.5195167,3.4344191],[-76.5195703,3.4339359],[-76.5197067,3.4326869],[-76.5197481,3.4324586]]]}},{"type":"Feature","properties":{"layer":"city","location_id":"DE-hamburg","city_name":"Hamburg","order":0,"color":"#2563eb"},"geometry":{"type":"Polygon","coordinates":[[[10.0067916,53.545413],[10.0072066,53.5462279],[10.0073146,53.5467746],[10.0074053,53.5475722],[10.0073304,53.5481352],[10.0070261,53.5481419],[10.0063979,53.5483722],[10.0060344,53.5485054],[10.0061242,53.5488699],[10.0062255,53.5492691],[10.0062601,53.5494009],[10.0063026,53.5496691],[10.0063469,53.5500408],[10.0063626,53.550183],[10.0061897,53.5508026],[10.0057874,53.5518332],[10.0054474,53.5526138],[10.0052981,53.5528229],[10.0038526,53.5539435],[10.0056269,53.5545512],[10.0063106,53.5547753],[10.0053466,53.5554678],[10.0047506,53.5557237],[10.0040992,53.5560098],[10.0035936,53.556162],[10.0030947,53.5563069],[10.0023112,53.5564941],[10.0011938,53.5567143],[10.0010867,53.5568079],[9.9984398,53.5569329],[9.9977818,53.557067],[9.9974811,53.5571285],[9.9973681,53.5569902],[9.9944673,53.5526654],[9.9938311,53.5523823],[9.9917218,53.5514698],[9.9910295,53.5511971],[9.9868489,53.5495113],[9.9864936,53.5493305],[9.986245,53.5492021],[9.986157,53.5491051],[9.9848705,53.5477386],[9.9839035,53.546469],[9.9836594,53.5459766],[9.9836205,53.5453831],[9.9838536,53.5441166],[9.9852593,53.5442649],[9.9873381,53.5443095],[9.9880825,53.5443303],[9.9899411,53.5443621],[9.9926292,53.5443398],[9.9938437,53.5448084],[9.9945732,53.5451457],[9.9966735,53.5459479],[9.997277,53.5461105],[9.9982968,53.5463383],[9.9998036,53.5465814],[10.0012997,53.5469165],[10.0021273,53.5468979],[10.0065727,53.5455086],[10.0067916,53.545413]]]}},{"type":"Feature","properties":{"layer":"city","location_id":"DE-hamburg","city_name":"Neustadt","order":1,"color":"#22c55e"},"geometry":{"type":"Polygon","coordinates":[[[9.9868489,53.5495113],[9.9910295,53.5511971],[9.9917218,53.5514698],[9.9938311,53.5523823],[9.9944673,53.5526654],[9.9973681,53.5569902],[9.9950667,53.557564],[9.9943988,53.5577191],[9.9936025,53.5580031],[9.9936099,53.5581145],[9.9933452,53.5582409],[9.993094,53.5582485],[9.9920778,53.5587355],[9.9920161,53.5587755],[9.9920322,53.5588752],[9.9916152,53.5591037],[9.9913415,53.5591892],[9.9910113,53.5594035],[9.9904773,53.559781],[9.9904474,53.5599346],[9.9902942,53.5600495],[9.9900953,53.5598043],[9.9895019,53.5599779],[9.9892404,53.5601053],[9.988211,53.5608349],[9.9880799,53.5609395],[9.9879719,53.5609699],[9.9877613,53.56103],[9.9873326,53.5610484],[9.9869219,53.5609626],[9.985604,53.5606394],[9.9842914,53.5603043],[9.9821418,53.5597413],[9.9817108,53.5596305],[9.9803654,53.5592745],[9.9791297,53.558929],[9.9789871,53.5588488],[9.9786904,53.558669],[9.9772206,53.5578211],[9.9766538,53.5574751],[9.9760957,53.5570895],[9.9755943,53.5567078],[9.9751841,53.5564142],[9.9747975,53.5560797],[9.974333,53.5555779],[9.9721586,53.5532915],[9.9710488,53.5521601],[9.9701118,53.5509853],[9.9699467,53.5507303],[9.9696371,53.5503398],[9.9694941,53.5500662],[9.9695424,53.5498881],[9.9710486,53.5477565],[9.9711253,53.5475919],[9.9711268,53.5474275],[9.9711004,53.5473304],[9.9710014,53.5471698],[9.970445,53.5467733],[9.9698863,53.5464299],[9.9697285,53.546296],[9.9696046,53.5461902],[9.9695458,53.5461177],[9.9723422,53.5454056],[9.9706714,53.5431746],[9.9803816,53.5405532],[9.981629,53.5424836],[9.9820433,53.5430938],[9.9823935,53.5436098],[9.9828611,53.5438849],[9.9838536,53.5441166],[9.9836205,53.5453831],[9.9836594,53.5459766],[9.9839035,53.546469],[9.9848705,53.5477386],[9.986157,53.5491051],[9.986245,53.5492021],[9.9864936,53.5493305],[9.9868489,53.5495113]]]}},{"type":"Feature","properties":{"layer":"admin","location_id":"DE-hamburg","admin_name":"Altstadt","admin_level":10,"color":"#dc2626"},"geometry":{"type":"Polygon","coordinates":[[[10.0067916,53.545413],[10.0072066,53.5462279],[10.0073146,53.5467746],[10.0074053,53.5475722],[10.0073304,53.5481352],[10.0070261,53.5481419],[10.0063979,53.5483722],[10.0060344,53.5485054],[10.0061242,53.5488699],[10.0062255,53.5492691],[10.0062601,53.5494009],[10.0063026,53.5496691],[10.0063469,53.5500408],[10.0063626,53.550183],[10.0061897,53.5508026],[10.0057874,53.5518332],[10.0054474,53.5526138],[10.0052981,53.5528229],[10.0038526,53.5539435],[10.0056269,53.5545512],[10.0063106,53.5547753],[10.0053466,53.5554678],[10.0047506,53.5557237],[10.0040992,53.5560098],[10.0035936,53.556162],[10.0030947,53.5563069],[10.0023112,53.5564941],[10.0011938,53.5567143],[10.0010867,53.5568079],[9.9984398,53.5569329],[9.9977818,53.557067],[9.9974811,53.5571285],[9.9973681,53.5569902],[9.9944673,53.5526654],[9.9938311,53.5523823],[9.9917218,53.5514698],[9.9910295,53.5511971],[9.9868489,53.5495113],[9.9864936,53.5493305],[9.986245,53.5492021],[9.986157,53.5491051],[9.9848705,53.5477386],[9.9839035,53.546469],[9.9836594,53.5459766],[9.9836205,53.5453831],[9.9838536,53.5441166],[9.9852593,53.5442649],[9.9873381,53.5443095],[9.9880825,53.5443303],[9.9899411,53.5443621],[9.9926292,53.5443398],[9.9938437,53.5448084],[9.9945732,53.5451457],[9.9966735,53.5459479],[9.997277,53.5461105],[9.9982968,53.5463383],[9.9998036,53.5465814],[10.0012997,53.5469165],[10.0021273,53.5468979],[10.0065727,53.5455086],[10.0067916,53.545413]]]}},{"type":"Feature","properties":{"layer":"city","location_id":"GB-edinburgh","city_name":"Edinburgh","order":0,"color":"#2563eb"},"geometry":{"type":"Polygon","coordinates":[[[-3.2058063,55.9504271],[-3.2034592,55.9508308],[-3.198983,55.9516008],[-3.1947352,55.9523315],[-3.1897323,55.9532132],[-3.1873128,55.9536093],[-3.1871728,55.9534282],[-3.1871138,55.953254],[-3.1869797,55.9531398],[-3.186792,55.9530197],[-3.1865457,55.9529284],[-3.1863922,55.952898],[-3.1860251,55.95288],[-3.1827901,55.9527351],[-3.1806651,55.9532077],[-3.1802527,55.9532532],[-3.1789492,55.9534642],[-3.1785066,55.9535678],[-3.1779058,55.9537871],[-3.1774016,55.9540138],[-3.1768571,55.9542316],[-3.1751539,55.9549103],[-3.1732255,55.9557013],[-3.1728901,55.9558968],[-3.1722866,55.9563019],[-3.1722834,55.9563388],[-3.1723283,55.9564503],[-3.1725039,55.9565414],[-3.1725983,55.9566443],[-3.1726443,55.9567625],[-3.1726387,55.9568704],[-3.1725816,55.9569931],[-3.172448,55.9571561],[-3.1720123,55.9573887],[-3.172046,55.9574502],[-3.1718869,55.9575379],[-3.1718446,55.9576608],[-3.1722934,55.9576918],[-3.1737687,55.9577273],[-3.1741276,55.9577359],[-3.1743602,55.9577415],[-3.1747586,55.9577509],[-3.1769544,55.9578029],[-3.1783102,55.9578382],[-3.1791799,55.9578612],[-3.1797783,55.9578875],[-3.1803578,55.9579193],[-3.1813833,55.9579156],[-3.1838541,55.9579792],[-3.184075,55.9580635],[-3.184285,55.9582194],[-3.1839131,55.9586113],[-3.1834872,55.9590618],[-3.1833403,55.9592066],[-3.1833205,55.9592243],[-3.1825208,55.9599372],[-3.1821413,55.9602318],[-3.1820504,55.9603017],[-3.1813628,55.9608145],[-3.1809891,55.9610912],[-3.1807921,55.9612557],[-3.180116,55.9617785],[-3.1799513,55.9619101],[-3.1799067,55.9619458],[-3.1799047,55.9619474],[-3.1802896,55.9620877],[-3.1803385,55.9621058],[-3.1806843,55.9622347],[-3.1811087,55.9624046],[-3.1811569,55.9624246],[-3.1812275,55.9624615],[-3.1814146,55.9625614],[-3.1817579,55.9627718],[-3.1820827,55.9629836],[-3.1823775,55.9631857],[-3.1833289,55.9638477],[-3.1840327,55.9643136],[-3.1851045,55.965057],[-3.1856144,55.9654022],[-3.1857101,55.9654717],[-3.1857311,55.9654868],[-3.1858366,55.9655537],[-3.186068,55.9657002],[-3.1865811,55.9660675],[-3.1869377,55.9663073],[-3.1871262,55.9664349],[-3.187326,55.9665827],[-3.1881699,55.9671927],[-3.1884249,55.9673682],[-3.1886815,55.9675466],[-3.1889745,55.9677419],[-3.1893486,55.9679913],[-3.1893591,55.9679983],[-3.189548,55.9681092],[-3.1895533,55.9681081],[-3.1896475,55.9680867],[-3.1901757,55.9679673],[-3.1901904,55.9679643],[-3.1904825,55.9679152],[-3.1908386,55.9678562],[-3.1909823,55.9678181],[-3.191222,55.9677558],[-3.1915827,55.9676129],[-3.1917424,55.9675642],[-3.1919331,55.9675096],[-3.1919384,55.967509],[-3.1919972,55.9675041],[-3.192212,55.9674811],[-3.1925842,55.9674984],[-3.1926535,55.9675078],[-3.1927535,55.967523],[-3.1930975,55.9675753],[-3.1931385,55.9675816],[-3.1932118,55.9675822],[-3.1935611,55.9675852],[-3.1940317,55.9675819],[-3.1943746,55.9675603],[-3.1948296,55.967535],[-3.1948337,55.9675343],[-3.1950206,55.9675004],[-3.195636,55.9673504],[-3.1962798,55.9670232],[-3.1981198,55.9662366],[-3.198388,55.9660655],[-3.1989566,55.9653389],[-3.1990102,55.9646543],[-3.1991014,55.9639427],[-3.1994609,55.9631921],[-3.1997827,55.9629429],[-3.2000286,55.9629652],[-3.2001743,55.9629008],[-3.1996571,55.962605],[-3.2009736,55.962018],[-3.2012579,55.9621532],[-3.2012472,55.9623123],[-3.2013116,55.9623093],[-3.2034091,55.9625555],[-3.2047126,55.9624804],[-3.2060858,55.9624106],[-3.2058171,55.9614479],[-3.2058836,55.96139],[-3.2051257,55.9599581],[-3.2058928,55.959838],[-3.205806,55.9596404],[-3.2051133,55.9589571],[-3.2050181,55.9589906],[-3.2049761,55.9589577],[-3.2049218,55.9586519],[-3.2047716,55.9586549],[-3.2044337,55.9586278],[-3.2040045,55.9585468],[-3.2036129,55.9583996],[-3.2034144,55.9582885],[-3.203275,55.9582134],[-3.2025025,55.956787],[-3.2036236,55.9569432],[-3.2039938,55.9569702],[-3.2042888,55.9569642],[-3.2046482,55.9569522],[-3.2049487,55.9569492],[-3.2053027,55.9569912],[-3.2068959,55.9572465],[-3.2077006,55.9570513],[-3.2080868,55.9569432],[-3.2094762,55.9562464],[-3.2097337,55.9561233],[-3.210136,55.9560182],[-3.2102189,55.9561267],[-3.2106871,55.9564135],[-3.2110247,55.9561994],[-3.2113328,55.9557572],[-3.2115469,55.9555046],[-3.2118634,55.9548259],[-3.2122925,55.9540331],[-3.2126072,55.9531722],[-3.2130972,55.9528257],[-3.2138625,55.9528478],[-3.2142429,55.9528837],[-3.2140003,55.952603],[-3.2137817,55.9523484],[-3.2136436,55.9522231],[-3.2135041,55.952148],[-3.2132788,55.9520744],[-3.2122166,55.95175],[-3.2106663,55.9512259],[-3.2103257,55.9511012],[-3.2096766,55.9508234],[-3.2085152,55.9503008],[-3.208365,55.9502723],[-3.2082872,55.9502753],[-3.2081611,55.9502963],[-3.2080726,55.9503443],[-3.2080351,55.9503999],[-3.2080243,55.950481],[-3.2080565,55.9505636],[-3.2061146,55.9509],[-3.2059108,55.9505576],[-3.2058063,55.9504271]]]}},{"type":"Feature","properties":{"layer":"admin","location_id":"GB-edinburgh","admin_name":"Old Town","admin_level":10,"color":"#dc2626"},"geometry":{"type":"Polygon","coordinates":[[[-3.1674479,55.9573261],[-3.1680457,55.9573799],[-3.1680961,55.9573831],[-3.1684554,55.9574058],[-3.1688567,55.9574185],[-3.1691371,55.9574284],[-3.1696253,55.9574444],[-3.1696986,55.9574523],[-3.170133,55.9574995],[-3.1701801,55.9575046],[-3.1702402,55.9573888],[-3.1702403,55.9573883],[-3.1700279,55.9573568],[-3.1700055,55.9573236],[-3.1700366,55.9572946],[-3.1703922,55.9572409],[-3.1706168,55.9571997],[-3.1707632,55.9571691],[-3.1709052,55.9571343],[-3.1711072,55.9570786],[-3.1712865,55.9570221],[-3.1713212,55.9570194],[-3.1713353,55.9570189],[-3.1713372,55.9570181],[-3.1714262,55.9569848],[-3.1714455,55.9569544],[-3.1715829,55.9568984],[-3.1717391,55.9568183],[-3.171776,55.9568211],[-3.1718595,55.9567762],[-3.1718507,55.9567489],[-3.171999,55.9566432],[-3.1723004,55.9564445],[-3.1723149,55.9564475],[-3.1723283,55.9564503],[-3.1722834,55.9563388],[-3.1722866,55.9563019],[-3.1728901,55.9558968],[-3.1732255,55.9557013],[-3.1751539,55.9549103],[-3.1768571,55.9542316],[-3.1774016,55.9540138],[-3.1779058,55.9537871],[-3.1785066,55.9535678],[-3.1789492,55.9534642],[-3.1802527,55.9532532],[-3.1806651,55.9532077],[-3.1827901,55.9527351],[-3.1860251,55.95288],[-3.1863922,55.952898],[-3.1865457,55.9529284],[-3.186792,55.9530197],[-3.1869797,55.9531398],[-3.1871138,55.953254],[-3.1871728,55.9534282],[-3.1873128,55.9536093],[-3.1897323,55.9532132],[-3.1947352,55.9523315],[-3.198983,55.9516008],[-3.2034592,55.9508308],[-3.2058063,55.9504271],[-3.2053797,55.9503849],[-3.2051946,55.9502062],[-3.2048647,55.9501882],[-3.2046957,55.9502828],[-3.2039796,55.9501071],[-3.2036014,55.9499313],[-3.2033975,55.9498142],[-3.2031856,55.9496175],[-3.2031454,55.9494943],[-3.2029684,55.9491789],[-3.2031347,55.9490348],[-3.2032446,55.948847],[-3.2033358,55.9486112],[-3.2033519,55.9483769],[-3.2033573,55.9483244],[-3.2034646,55.9482253],[-3.2023917,55.9478017],[-3.2015307,55.9474443],[-3.201372,55.9473885],[-3.2011702,55.9473176],[-3.2009701,55.9472745],[-3.2007851,55.947261],[-3.1987372,55.9472839],[-3.198414,55.946762],[-3.1983,55.9466539],[-3.1979379,55.9467857],[-3.1976094,55.9464482],[-3.1975329,55.9463201],[-3.1974095,55.9461654],[-3.1969589,55.9461503],[-3.1968623,55.9461398],[-3.1967631,55.9461173],[-3.1967094,55.9460963],[-3.1962964,55.9458575],[-3.1956929,55.9454264],[-3.195194,55.9450554],[-3.1951216,55.9449743],[-3.1951018,55.944927],[-3.1950223,55.9449367],[-3.1949982,55.9449127],[-3.1948721,55.9449187],[-3.1942418,55.9449769],[-3.1937832,55.9450332],[-3.1937389,55.9450603],[-3.1937195,55.9450888],[-3.1937215,55.9451234],[-3.1937295,55.9451699],[-3.1937134,55.9451744],[-3.1936531,55.9451301],[-3.1936088,55.945105],[-3.1935538,55.9450828],[-3.1934948,55.945067],[-3.1924099,55.9451891],[-3.1916374,55.9452747],[-3.1914174,55.9453318],[-3.1912887,55.9453918],[-3.1912538,55.9454489],[-3.1912216,55.945506],[-3.1911009,55.9455045],[-3.1910688,55.9454639],[-3.1910151,55.9454369],[-3.1909588,55.9454234],[-3.1908867,55.9454204],[-3.1908515,55.9454534],[-3.1901193,55.9455751],[-3.1899288,55.9456232],[-3.1897303,55.9457088],[-3.1895077,55.9458379],[-3.1895345,55.945877],[-3.1894836,55.94591],[-3.1894165,55.94591],[-3.18932,55.9459611],[-3.1889203,55.946266],[-3.1889498,55.946296],[-3.1889069,55.9463306],[-3.1887996,55.9463246],[-3.1885314,55.9465243],[-3.1883249,55.9466054],[-3.1881961,55.946637],[-3.1880513,55.946652],[-3.1879064,55.946646],[-3.1878099,55.946631],[-3.1877224,55.9466099],[-3.187665,55.9465874],[-3.1867828,55.9467384],[-3.186787,55.946746],[-3.1859243,55.9468713],[-3.1860852,55.9471642],[-3.1852403,55.9474045],[-3.1852081,55.9473774],[-3.1851652,55.9473894],[-3.1851867,55.9474195],[-3.1846127,55.9475772],[-3.1845429,55.9476132],[-3.1828755,55.9481232],[-3.1822309,55.9483115],[-3.1820351,55.9482696],[-3.1819653,55.9482831],[-3.1814745,55.9483251],[-3.1814799,55.9483747],[-3.1814423,55.9483792],[-3.1814493,55.9484267],[-3.1807744,55.9485159],[-3.1804016,55.9485609],[-3.1805169,55.9487411],[-3.1805733,55.9487456],[-3.1806001,55.9488222],[-3.1805491,55.9488283],[-3.1805599,55.9488673],[-3.1802997,55.9488921],[-3.1800824,55.9489018],[-3.1799242,55.9488763],[-3.1797686,55.9488808],[-3.1797659,55.9489018],[-3.1791383,55.9489063],[-3.1791356,55.9489454],[-3.1787521,55.9489529],[-3.178803,55.9494846],[-3.1788486,55.9495762],[-3.1789264,55.9496588],[-3.1790954,55.9498525],[-3.1773895,55.9504412],[-3.17736,55.9504277],[-3.1771964,55.9504833],[-3.1772017,55.9505088],[-3.1761825,55.9509008],[-3.1761396,55.9509023],[-3.1760591,55.9509368],[-3.176035,55.9509691],[-3.1754771,55.9512101],[-3.1754127,55.9512131],[-3.1752921,55.95126],[-3.1752786,55.9512908],[-3.1747985,55.9514474],[-3.1735995,55.9505839],[-3.1736693,55.9505523],[-3.1731317,55.9501637],[-3.1725401,55.9503511],[-3.1722477,55.9504637],[-3.1721753,55.9505223],[-3.1721511,55.9505809],[-3.172135,55.950668],[-3.1721458,55.9507251],[-3.1720036,55.9507356],[-3.1719151,55.9507626],[-3.1718266,55.9507145],[-3.1717595,55.9506965],[-3.1715986,55.9506875],[-3.1713706,55.950695],[-3.1710917,55.9507311],[-3.1702094,55.9509042],[-3.169257,55.9510645],[-3.1671247,55.9514219],[-3.1653759,55.9517267],[-3.1647885,55.9518288],[-3.1637317,55.9520406],[-3.1632623,55.9521457],[-3.1629136,55.9522373],[-3.1624979,55.952365],[-3.1622756,55.9524593],[-3.1620532,55.9525536],[-3.1619448,55.9525996],[-3.1614464,55.952811],[-3.1604062,55.9532905],[-3.1593226,55.9538003],[-3.1585126,55.9542178],[-3.1578834,55.9545637],[-3.1578822,55.9545887],[-3.157893,55.9546127],[-3.1579198,55.9546292],[-3.1579602,55.9546447],[-3.1593094,55.9546582],[-3.1612593,55.9546808],[-3.1618709,55.9547799],[-3.1624314,55.9548084],[-3.162697,55.9548189],[-3.1626863,55.9548534],[-3.1626514,55.9548564],[-3.1626138,55.9549015],[-3.1623161,55.9550366],[-3.1620237,55.9551387],[-3.1615624,55.9552093],[-3.1610769,55.9552138],[-3.161085,55.9554015],[-3.1616134,55.9554391],[-3.1633622,55.9555517],[-3.1645343,55.9556358],[-3.165178,55.9556838],[-3.1657735,55.9557139],[-3.1662938,55.9557259],[-3.1668678,55.9557289],[-3.1677937,55.9556958],[-3.1680319,55.9557754],[-3.1685292,55.9558793],[-3.16817,55.9562189],[-3.1678307,55.9564707],[-3.1673908,55.9566719],[-3.1672621,55.9567529],[-3.1671977,55.9568536],[-3.1671655,55.9571494],[-3.167423,55.9571704],[-3.1674479,55.9573261]]]}},{"type":"Feature","properties":{"layer":"admin","location_id":"GB-glasgow","admin_name":"Glasgow City","admin_level":6,"color":"#dc2626"},"geometry":{"type":"Polygon","coordinates":[[[-4.2507545,55.78489],[-4.2506131,55.7848171],[-4.2501481,55.7848849],[-4.2496193,55.7849725],[-4.2491616,55.785041],[-4.2483766,55.7851969],[-4.2475731,55.7853985],[-4.246174,55.7859741],[-4.2434484,55.7871429],[-4.2428644,55.7868632],[-4.2430151,55.7867643],[-4.2428479,55.7866882],[-4.2428252,55.7864577],[-4.2425266,55.786314],[-4.2421714,55.7865433],[-4.2412214,55.7860843],[-4.2406593,55.7857674],[-4.2404661,55.7856793],[-4.2401484,55.7855358],[-4.2393494,55.785119],[-4.2391874,55.7850771],[-4.2391337,55.7851122],[-4.2380367,55.7849794],[-4.2370182,55.7846312],[-4.236604,55.7844438],[-4.2360701,55.7839501],[-4.235835,55.7839383],[-4.2361344,55.7826512],[-4.2350262,55.7828763],[-4.2339625,55.7829343],[-4.2333806,55.7829664],[-4.2332848,55.7831595],[-4.2314003,55.7826869],[-4.2300341,55.7823442],[-4.2295297,55.7822129],[-4.2283844,55.7819148],[-4.2280336,55.781719],[-4.2272257,55.7813956],[-4.226712,55.7812791],[-4.2258262,55.7826379],[-4.2255999,55.7829215],[-4.2255294,55.7833623],[-4.2245206,55.7842722],[-4.2253607,55.7846829],[-4.2257375,55.7849152],[-4.229937,55.7859184],[-4.2296846,55.7863023],[-4.2285296,55.7878897],[-4.2281486,55.7877538],[-4.22548,55.790439],[-4.2239438,55.791948],[-4.2217107,55.7929878],[-4.2205746,55.7935161],[-4.2201472,55.7937143],[-4.2143863,55.7963779],[-4.2141438,55.7964911],[-4.2090486,55.7988691],[-4.2083601,55.7991062],[-4.2059164,55.7998214],[-4.2042989,55.8004499],[-4.211163,55.800361],[-4.2115588,55.8030571],[-4.2116111,55.8034139],[-4.2116623,55.8037625],[-4.211748,55.8043463],[-4.211699,55.8043534],[-4.2122353,55.809419],[-4.2126584,55.8101241],[-4.2138872,55.8133188],[-4.214097,55.8136556],[-4.2141483,55.813732],[-4.2141942,55.8138145],[-4.2143686,55.8141592],[-4.2144976,55.814546],[-4.2146293,55.8154331],[-4.2151379,55.815313],[-4.2155553,55.8151589],[-4.2158403,55.8151016],[-4.2163661,55.8150139],[-4.2168484,55.8149063],[-4.2177868,55.8145658],[-4.2197834,55.8135538],[-4.2205459,55.8132389],[-4.2255017,55.8121741],[-4.2282779,55.8173797],[-4.2283048,55.8174026],[-4.2283598,55.8173872],[-4.2286848,55.8176563],[-4.2290577,55.8178958],[-4.2286959,55.8180444],[-4.2279835,55.8180645],[-4.2278961,55.8181272],[-4.2278763,55.8182282],[-4.2308962,55.8184745],[-4.2337658,55.8186579],[-4.2336037,55.8191174],[-4.2335687,55.8193055],[-4.2335692,55.8195336],[-4.2335773,55.8196224],[-4.2336122,55.8198911],[-4.2336376,55.8200002],[-4.2337233,55.8202903],[-4.233726,55.8202981],[-4.2346826,55.8230451],[-4.2349666,55.8238425],[-4.2333537,55.8234449],[-4.2328598,55.8233793],[-4.2325639,55.8233546],[-4.2324341,55.8233897],[-4.2319673,55.8234629],[-4.2301752,55.8239493],[-4.2288827,55.8244643],[-4.229188,55.8257269],[-4.2293109,55.8260608],[-4.2292697,55.826067],[-4.2293348,55.8263669],[-4.2307436,55.8325939],[-4.2337825,55.8336532],[-4.2319837,55.8354249],[-4.2321869,55.8358499],[-4.2326278,55.8363524],[-4.2305384,55.8378786],[-4.2313164,55.8382168],[-4.2304105,55.8388236],[-4.228352,55.8402957],[-4.2282328,55.8403703],[-4.2281279,55.8404443],[-4.2275736,55.8408071],[-4.2259492,55.840046],[-4.2239051,55.8393523],[-4.2231175,55.8390124],[-4.2225908,55.8387119],[-4.2224258,55.8385342],[-4.2223226,55.8383213],[-4.2222937,55.837956],[-4.2224876,55.8372398],[-4.2230486,55.8358204],[-4.2232152,55.8355208],[-4.2232629,55.8352099],[-4.2231724,55.8346867],[-4.2227847,55.8342461],[-4.2221401,55.8336682],[-4.221911,55.833515],[-4.2211656,55.8331861],[-4.2208977,55.8331082],[-4.2204472,55.8331056],[-4.2198355,55.8332155],[-4.2195371,55.8333036],[-4.2189012,55.8335793],[-4.2181181,55.8341291],[-4.215787,55.8355965],[-4.2145626,55.8361946],[-4.2137552,55.8365156],[-4.2130906,55.8367091],[-4.2118216,55.8370016],[-4.210866,55.8370934],[-4.2066917,55.8374793],[-4.2051623,55.8377153],[-4.2046103,55.8378393],[-4.2039247,55.8380565],[-4.2035194,55.8382318],[-4.2032641,55.8384063],[-4.2027685,55.838878],[-4.2025286,55.839266],[-4.2025024,55.8397644],[-4.2025947,55.8400962],[-4.2027961,55.8403541],[-4.2033686,55.8408166],[-4.2038238,55.8410152],[-4.2048069,55.8412258],[-4.205217,55.8413605],[-4.2057431,55.8416251],[-4.2059655,55.8418],[-4.2063673,55.8422952],[-4.2064957,55.842673],[-4.2064409,55.8430874],[-4.206345,55.8432545],[-4.2055479,55.8442413],[-4.2052804,55.8443701],[-4.2046877,55.8444239],[-4.2041277,55.8444366],[-4.2036524,55.8443364],[-4.2030211,55.844132],[-4.2023986,55.8437459],[-4.2001053,55.8421422],[-4.1986236,55.8411622],[-4.1973779,55.8403738],[-4.1966749,55.8400017],[-4.1955561,55.8392784],[-4.1952805,55.8390092],[-4.1950685,55.8386751],[-4.1950188,55.8383317],[-4.1952329,55.837795],[-4.1954557,55.8375555],[-4.1957857,55.8373465],[-4.1966397,55.83697],[-4.1975785,55.8366548],[-4.1979869,55.8364758],[-4.1985756,55.8361256],[-4.1991534,55.8356111],[-4.199329,55.8353266],[-4.199309,55.8350583],[-4.1994465,55.8346091],[-4.1994352,55.8343514],[-4.1993835,55.8341708],[-4.1992456,55.8339926],[-4.1990499,55.8338065],[-4.1987027,55.8335691],[-4.1968978,55.8327691],[-4.194296,55.8317398],[-4.1938932,55.8316769],[-4.1934231,55.8316943],[-4.1930734,55.8317796],[-4.1923463,55.8320253],[-4.1912231,55.8324399],[-4.1910552,55.8326622],[-4.1908956,55.8332034],[-4.1911098,55.8338889],[-4.1911625,55.8343715],[-4.1910816,55.8347504],[-4.190894,55.8350782],[-4.1905376,55.8353281],[-4.1883756,55.836357],[-4.1872944,55.8367276],[-4.1866824,55.8368059],[-4.1861649,55.8368052],[-4.1854408,55.8366806],[-4.180932,55.8357612],[-4.1805035,55.8356107],[-4.1801786,55.8354537],[-4.1797889,55.8351686],[-4.1795063,55.8348851],[-4.179385,55.8347138],[-4.1792242,55.8342376],[-4.1790074,55.8330452],[-4.1789841,55.8307449],[-4.1788553,55.8301837],[-4.1786528,55.8299042],[-4.1785521,55.8296165],[-4.1782944,55.829178],[-4.1779179,55.8288117],[-4.1774614,55.8281008],[-4.1770111,55.8269566],[-4.1764388,55.825802],[-4.176163,55.824865],[-4.1758551,55.8243258],[-4.175372,55.8238239],[-4.1745934,55.823347],[-4.1739237,55.8231323],[-4.1733548,55.8230363],[-4.1725208,55.8229684],[-4.1723458,55.8229787],[-4.1720707,55.8230267],[-4.1712438,55.8232579],[-4.1695524,55.823818],[-4.1682716,55.8245856],[-4.167214,55.8249754],[-4.1648368,55.8257525],[-4.1643081,55.8260062],[-4.163602,55.8262586],[-4.1622072,55.8267298],[-4.161124,55.8270338],[-4.1607756,55.8271711],[-4.1599766,55.8273622],[-4.1585003,55.8276604],[-4.1571878,55.8277743],[-4.1567267,55.8278677],[-4.155449,55.827918],[-4.1547917,55.8280158],[-4.1514699,55.8281764],[-4.1504962,55.8282671],[-4.1488363,55.8283078],[-4.147837,55.8281968],[-4.146911,55.8281393],[-4.1465314,55.8281477],[-4.1461718,55.8281998],[-4.1453818,55.8283789],[-4.1443493,55.8287385],[-4.1431929,55.8292242],[-4.1415184,55.8300173],[-4.1406357,55.8303121],[-4.139008,55.8307098],[-4.1375523,55.8309517],[-4.1368745,55.8311424],[-4.1364911,55.8312847],[-4.1350505,55.8319496],[-4.1338106,55.8324601],[-4.1330192,55.8327057],[-4.1318116,55.8329899],[-4.1309941,55.8332252],[-4.1306107,55.8332813],[-4.1301216,55.8332727],[-4.1297313,55.833203],[-4.1293309,55.8330931],[-4.1278557,55.8325444],[-4.1274814,55.8323567],[-4.127399,55.8321919],[-4.1269509,55.8319112],[-4.125645,55.8313613],[-4.1243679,55.8309277],[-4.1235624,55.8305057],[-4.1227166,55.8299865],[-4.1217578,55.8295339],[-4.1201583,55.8291013],[-4.119528,55.8289019],[-4.1189896,55.8286613],[-4.1183284,55.8282764],[-4.1176877,55.828034],[-4.1171561,55.8277717],[-4.1167753,55.8276399],[-4.1163379,55.8274057],[-4.1155311,55.8270726],[-4.1144437,55.8266887],[-4.1139311,55.8264522],[-4.1135665,55.8262356],[-4.1130667,55.8260572],[-4.112504,55.8259267],[-4.1114721,55.8258581],[-4.1111646,55.8258697],[-4.1109402,55.8259122],[-4.1106559,55.8260276],[-4.1105128,55.8261874],[-4.110441,55.8263351],[-4.1104518,55.8265928],[-4.1106211,55.8268299],[-4.1118306,55.8277878],[-4.1120577,55.8280598],[-4.1121415,55.8284287],[-4.1120672,55.8291489],[-4.111974,55.8294031],[-4.1115141,55.8300508],[-4.1108392,55.8306205],[-4.1101889,55.8309957],[-4.109504,55.8313211],[-4.10987,55.8317408],[-4.1097578,55.8319395],[-4.1097293,55.8322689],[-4.1096373,55.8325743],[-4.1094196,55.8328009],[-4.1088526,55.8332411],[-4.1085238,55.8333906],[-4.1081167,55.8334811],[-4.107889,55.8335821],[-4.1074038,55.8342662],[-4.1070448,55.8346543],[-4.1069107,55.8348921],[-4.1066552,55.83569],[-4.1066422,55.8359212],[-4.1066849,55.8360319],[-4.1069597,55.836358],[-4.1075568,55.8369166],[-4.1080418,55.8370548],[-4.1081277,55.8371072],[-4.1082333,55.8373166],[-4.108187,55.8374657],[-4.1079945,55.8375975],[-4.106252,55.8381549],[-4.1061063,55.838179],[-4.1058672,55.8381867],[-4.1055679,55.838146],[-4.1042786,55.8378113],[-4.1036488,55.8377124],[-4.1032468,55.8377507],[-4.1027111,55.8379747],[-4.1026524,55.83807],[-4.1026475,55.8383047],[-4.1027216,55.838494],[-4.1026619,55.8387493],[-4.1027213,55.8389927],[-4.1028183,55.839072],[-4.10305,55.839104],[-4.1045876,55.8390084],[-4.1055408,55.8390622],[-4.1057782,55.8391409],[-4.1058144,55.8392481],[-4.1057213,55.8394761],[-4.1053989,55.8397755],[-4.1045929,55.8401398],[-4.1038241,55.8407803],[-4.1035954,55.8411302],[-4.1032023,55.8419251],[-4.1031058,55.8420301],[-4.1026573,55.8423326],[-4.1023307,55.8424667],[-4.1019878,55.8425642],[-4.1009633,55.84273],[-4.1000241,55.8426993],[-4.0995677,55.8426478],[-4.0985157,55.8424509],[-4.0977415,55.8423707],[-4.0971721,55.842357],[-4.0969066,55.8424397],[-4.0957378,55.8429809],[-4.0946976,55.8432404],[-4.0946126,55.8433533],[-4.0947072,55.8435377],[-4.0946571,55.8436464],[-4.0945321,55.8437267],[-4.0942109,55.8437843],[-4.0937893,55.8437555],[-4.0929697,55.8435439],[-4.0923742,55.8431937],[-4.0921443,55.8431365],[-4.0918472,55.8431352],[-4.0915607,55.8432138],[-4.0912232,55.8433831],[-4.090789,55.8436565],[-4.090301,55.844027],[-4.089887,55.8442299],[-4.0890754,55.844436],[-4.0884601,55.8446379],[-4.0876573,55.8448286],[-4.0872343,55.8448645],[-4.0863367,55.8448357],[-4.0856088,55.8450242],[-4.0852404,55.8451841],[-4.0848629,55.8452642],[-4.0846314,55.8452358],[-4.0844757,55.8451333],[-4.0843605,55.844711],[-4.0841072,55.8445158],[-4.0838574,55.8444437],[-4.0829085,55.8444418],[-4.0827153,55.8444136],[-4.0825362,55.8443214],[-4.082137,55.8439354],[-4.0819498,55.8438397],[-4.0817799,55.8437994],[-4.0814459,55.8439147],[-4.0800719,55.8446273],[-4.0798101,55.8446892],[-4.079435,55.8447243],[-4.078535,55.8450406],[-4.0782129,55.8449616],[-4.0774252,55.8445678],[-4.0773383,55.8444964],[-4.077051,55.8440519],[-4.0768623,55.8438969],[-4.0763974,55.8438661],[-4.0747163,55.8441219],[-4.0751232,55.8448924],[-4.0757834,55.8456811],[-4.0766834,55.8464721],[-4.0776946,55.8471326],[-4.0782029,55.847408],[-4.0790001,55.8477684],[-4.0802087,55.8482036],[-4.081523,55.8485535],[-4.083106,55.8488511],[-4.0826995,55.8492543],[-4.0826695,55.8493501],[-4.0836067,55.8508917],[-4.0834507,55.8509033],[-4.0842021,55.8512716],[-4.086065,55.8520785],[-4.0872437,55.8526364],[-4.0878196,55.8530373],[-4.0882504,55.8535037],[-4.0884044,55.8538434],[-4.088436,55.8541934],[-4.0883678,55.8545001],[-4.0880294,55.8553111],[-4.0867813,55.8575413],[-4.0863904,55.8581483],[-4.0859629,55.8586984],[-4.0829945,55.8587073],[-4.0826266,55.8587328],[-4.0810427,55.8588428],[-4.080724,55.8587709],[-4.0804299,55.8587974],[-4.0801576,55.858936],[-4.0792035,55.8590815],[-4.0771841,55.8594787],[-4.0767935,55.8595859],[-4.0737615,55.8605619],[-4.073712,55.860533],[-4.0736087,55.860542],[-4.0736116,55.8606273],[-4.0735654,55.8606595],[-4.0717169,55.8612676],[-4.0735004,55.8621093],[-4.0743632,55.8621964],[-4.0749967,55.8624184],[-4.0763991,55.8630591],[-4.0768519,55.8635043],[-4.0770422,55.8638542],[-4.0771445,55.8640358],[-4.0772266,55.8650032],[-4.077452,55.8659332],[-4.0775574,55.8659305],[-4.078075,55.8666452],[-4.0783953,55.8669867],[-4.0793415,55.8677041],[-4.0797727,55.8682675],[-4.0798333,55.8684426],[-4.0798333,55.868652],[-4.0795449,55.8699555],[-4.0794365,55.8707077],[-4.0793028,55.8738276],[-4.0793169,55.8740925],[-4.0801343,55.8771801],[-4.0794726,55.8783488],[-4.0784323,55.8805404],[-4.0788184,55.8816015],[-4.080188,55.8814408],[-4.0818207,55.8839777],[-4.0819337,55.8841533],[-4.0847389,55.8831082],[-4.0848325,55.8830733],[-4.0870613,55.8822429],[-4.0872323,55.8822113],[-4.0883526,55.8816953],[-4.0893425,55.8815221],[-4.0918102,55.8823174],[-4.0925186,55.8825457],[-4.0929737,55.8823564],[-4.094893,55.884149],[-4.0950612,55.8844805],[-4.0949565,55.8852381],[-4.0966279,55.8851863],[-4.0971718,55.8853999],[-4.09756,55.8851856],[-4.1028587,55.8850889],[-4.1061487,55.8844853],[-4.1071283,55.8872474],[-4.1072028,55.8874124],[-4.1073041,55.887452],[-4.112875,55.8867381],[-4.1138911,55.8864286],[-4.114243,55.8863704],[-4.114554,55.8863316],[-4.1156857,55.8863527],[-4.1168951,55.8864208],[-4.117646,55.8864959],[-4.1185038,55.8859485],[-4.1184806,55.8858961],[-4.1184973,55.8858302],[-4.1185887,55.8857373],[-4.1187067,55.8856668],[-4.1187891,55.8856411],[-4.1188951,55.8856307],[-4.1190548,55.8856266],[-4.1191999,55.8856341],[-4.1193303,55.8856504],[-4.1195985,55.8857285],[-4.119705,55.8857723],[-4.1199284,55.885759],[-4.120532,55.8857504],[-4.1205327,55.8857585],[-4.1205486,55.8857588],[-4.1207344,55.8857575],[-4.1208002,55.8857571],[-4.1209224,55.8857562],[-4.1211105,55.8857483],[-4.1212027,55.8857478],[-4.1213217,55.8857473],[-4.1214718,55.8857508],[-4.1216696,55.8857556],[-4.1217266,55.8857458],[-4.1217421,55.8857431],[-4.1217737,55.8857375],[-4.121815,55.8857303],[-4.1220543,55.8856947],[-4.1223896,55.8856458],[-4.1225746,55.8856532],[-4.1226172,55.8856619],[-4.1227685,55.8856928],[-4.1228344,55.8857259],[-4.1231824,55.8856827],[-4.1232334,55.8856647],[-4.1234294,55.8855939],[-4.1235368,55.8855758],[-4.123622,55.8855618],[-4.1237041,55.8855355],[-4.1237958,55.8855338],[-4.1239124,55.8855317],[-4.1239102,55.885521],[-4.1240114,55.8855191],[-4.124176,55.8855159],[-4.1243241,55.8855132],[-4.1243501,55.8855128],[-4.1244402,55.8856194],[-4.1249269,55.8856141],[-4.1249511,55.8857048],[-4.1250142,55.8857002],[-4.1250215,55.8857342],[-4.1250318,55.8857644],[-4.1253065,55.8857527],[-4.1252135,55.8854526],[-4.1255177,55.8854006],[-4.1257792,55.8854168],[-4.1260513,55.8854804],[-4.1261855,55.8855661],[-4.1263938,55.8856308],[-4.1267195,55.8856513],[-4.1267212,55.8856827],[-4.126833,55.8856808],[-4.1270028,55.8855682],[-4.1271469,55.8853096],[-4.1273142,55.8852752],[-4.1273667,55.8852644],[-4.1287016,55.8852306],[-4.1290068,55.8853718],[-4.1293277,55.8854498],[-4.1295416,55.8854443],[-4.1287154,55.8833502],[-4.1296051,55.8834136],[-4.1306545,55.8834883],[-4.1310281,55.8834486],[-4.1323558,55.8838965],[-4.1326838,55.8839016],[-4.1398752,55.8830708],[-4.1414909,55.8828841],[-4.1433177,55.8835016],[-4.1440928,55.8837636],[-4.1454956,55.8837715],[-4.1466458,55.8838683],[-4.1477867,55.8836237],[-4.1485467,55.8840957],[-4.1488245,55.8845222],[-4.1490403,55.8847225],[-4.1490357,55.8848708],[-4.1489639,55.8850186],[-4.1491037,55.8854062],[-4.149227,55.885555],[-4.1494615,55.8856031],[-4.1496051,55.8857407],[-4.1495438,55.8858757],[-4.1496793,55.8859551],[-4.1496989,55.8861939],[-4.1499603,55.8865542],[-4.1501138,55.8866414],[-4.1502456,55.8866534],[-4.1504597,55.8867369],[-4.1506223,55.8869012],[-4.1507589,55.8869716],[-4.1508854,55.8871473],[-4.1508847,55.8873073],[-4.1516722,55.8871489],[-4.1519332,55.8870679],[-4.1523275,55.8867662],[-4.1524682,55.8865058],[-4.1525866,55.8855547],[-4.1526599,55.8854052],[-4.1528511,55.8852499],[-4.1529934,55.8849886],[-4.152907,55.8846135],[-4.1531166,55.884529],[-4.153585,55.8844687],[-4.1538611,55.8843722],[-4.1540956,55.884333],[-4.1543319,55.8843558],[-4.1549196,55.8844867],[-4.1550871,55.8844801],[-4.1565619,55.8837982],[-4.1584311,55.8858712],[-4.1626734,55.8841754],[-4.1643944,55.8835816],[-4.1663886,55.8847922],[-4.1690001,55.8859729],[-4.1695839,55.8861849],[-4.1696873,55.8862232],[-4.1616336,55.8876753],[-4.1632624,55.8896167],[-4.1621386,55.8899986],[-4.1602754,55.8900826],[-4.1623395,55.8945478],[-4.1631189,55.8962338],[-4.1612806,55.8965986],[-4.1615265,55.8979702],[-4.1626778,55.8977334],[-4.1664349,55.896846],[-4.1666326,55.8967993],[-4.1681958,55.8965794],[-4.169175,55.8965846],[-4.1705998,55.8969505],[-4.1708096,55.897042],[-4.1709536,55.8970405],[-4.1733546,55.897016],[-4.1735184,55.8975007],[-4.1736603,55.8979206],[-4.1736728,55.8979576],[-4.174815,55.8980165],[-4.1749735,55.8981356],[-4.1755113,55.8985399],[-4.1762166,55.8991845],[-4.1764064,55.899358],[-4.1775127,55.9003711],[-4.1776882,55.9026463],[-4.1794669,55.9020432],[-4.179671,55.9025168],[-4.1801601,55.9030501],[-4.1800814,55.9031297],[-4.1794126,55.9033572],[-4.1793479,55.9034303],[-4.179344,55.903531],[-4.179756,55.9042876],[-4.1802549,55.9048252],[-4.1804293,55.9049111],[-4.1806555,55.9047507],[-4.1811451,55.904068],[-4.1816583,55.9035493],[-4.1819511,55.9032934],[-4.1823258,55.9030432],[-4.1826659,55.9028888],[-4.1829382,55.9028391],[-4.1835444,55.902609],[-4.1843037,55.9023996],[-4.1905599,55.9011156],[-4.1906914,55.9010648],[-4.19088,55.9009203],[-4.1910158,55.9007184],[-4.1910493,55.9005182],[-4.1912953,55.9004833],[-4.1909195,55.8995787],[-4.1912898,55.8995065],[-4.1916337,55.8995354],[-4.1916378,55.899494],[-4.191856,55.8994488],[-4.1922746,55.8994395],[-4.1922494,55.899333],[-4.1926073,55.8993267],[-4.1925802,55.8993838],[-4.1927159,55.8994083],[-4.1928435,55.8992595],[-4.1933474,55.8993171],[-4.1937018,55.8992478],[-4.1941049,55.8991058],[-4.1944411,55.8988563],[-4.1944983,55.898849],[-4.1952466,55.8988994],[-4.1958428,55.8987513],[-4.1960144,55.898786],[-4.1962549,55.8987116],[-4.1962815,55.8986437],[-4.1965256,55.8986331],[-4.196977,55.8988093],[-4.1971126,55.8986882],[-4.1969053,55.8986155],[-4.1970591,55.8984789],[-4.1972361,55.8985251],[-4.197419,55.8983646],[-4.1976416,55.8984262],[-4.1978487,55.8983551],[-4.1980272,55.8983708],[-4.1988495,55.8981188],[-4.1988828,55.8979718],[-4.1990795,55.8981129],[-4.1998828,55.8980626],[-4.2000532,55.8980209],[-4.2002303,55.8982667],[-4.2007547,55.8984029],[-4.2009307,55.8983562],[-4.2014157,55.8982731],[-4.2022449,55.8981103],[-4.2042413,55.8978013],[-4.2068745,55.897498],[-4.209077,55.8974405],[-4.2108526,55.8976099],[-4.2106919,55.8973441],[-4.2112891,55.8972138],[-4.2115373,55.8974431],[-4.2116898,55.8974529],[-4.2118293,55.8975142],[-4.212359,55.8974624],[-4.2125569,55.8974831],[-4.2128901,55.8972677],[-4.213162,55.8974363],[-4.2133916,55.8974232],[-4.2134513,55.8976288],[-4.2138292,55.8976068],[-4.213832,55.8976283],[-4.2139279,55.8976275],[-4.2138678,55.8975539],[-4.2141597,55.8975397],[-4.214266,55.8976663],[-4.2143036,55.8976638],[-4.2148429,55.8976281],[-4.2149012,55.8976684],[-4.2152139,55.8976546],[-4.2160169,55.897571],[-4.216014,55.8975468],[-4.2160792,55.8975411],[-4.2160616,55.897456],[-4.2164978,55.8974194],[-4.216599,55.8977367],[-4.2261885,55.8967331],[-4.2259739,55.8960863],[-4.2278626,55.8962751],[-4.2280075,55.8964315],[-4.2282129,55.8963873],[-4.2348197,55.896734],[-4.2363725,55.8968397],[-4.2355862,55.8974903],[-4.2363787,55.8983099],[-4.2364289,55.898487],[-4.2364721,55.8992366],[-4.2365753,55.8995853],[-4.2376073,55.9014215],[-4.237791,55.9015566],[-4.2380891,55.901677],[-4.2383161,55.9017016],[-4.2386677,55.9016682],[-4.2387149,55.9017366],[-4.2383789,55.9018748],[-4.2376765,55.9019559],[-4.2370837,55.9020799],[-4.2374743,55.9040015],[-4.2375685,55.903998],[-4.2377152,55.9047664],[-4.2410523,55.9046248],[-4.2412147,55.9045275],[-4.2411859,55.9043051],[-4.2412074,55.90427],[-4.2412327,55.9042288],[-4.2455905,55.9037279],[-4.2462792,55.9035481],[-4.2467741,55.9036685],[-4.2487397,55.9061733],[-4.2491634,55.9065278],[-4.2486376,55.9073939],[-4.2495218,55.9081848],[-4.2496374,55.9087882],[-4.251262,55.9087821],[-4.2516587,55.9087803],[-4.2531487,55.9098899],[-4.251099,55.9110212],[-4.2513548,55.9112385],[-4.2555648,55.9130577],[-4.2562126,55.9140983],[-4.2596506,55.9131039],[-4.2602666,55.9129257],[-4.2618327,55.9154964],[-4.263673,55.9185171],[-4.2633527,55.9185966],[-4.263663,55.9188956],[-4.2660952,55.9198467],[-4.2688091,55.92022],[-4.2688514,55.9204789],[-4.2691259,55.9209026],[-4.2691519,55.9210198],[-4.269117,55.9211885],[-4.2688237,55.9216757],[-4.2688185,55.9218879],[-4.2690929,55.9223106],[-4.2698157,55.9230379],[-4.2698781,55.9231733],[-4.2698802,55.9233458],[-4.2697603,55.9237048],[-4.2693873,55.9243885],[-4.2684673,55.9251352],[-4.2680958,55.9255429],[-4.2682946,55.9261791],[-4.2681931,55.9264138],[-4.2680372,55.9265137],[-4.2678924,55.9265559],[-4.2679421,55.9269945],[-4.2678875,55.9271294],[-4.2677909,55.9272013],[-4.2676361,55.9272374],[-4.2674101,55.9272317],[-4.2672155,55.9271885],[-4.2671089,55.9272831],[-4.2671717,55.9275362],[-4.2674939,55.9279267],[-4.2683981,55.9284969],[-4.2688655,55.9286599],[-4.2690508,55.9286538],[-4.2697343,55.9284336],[-4.2703173,55.9280831],[-4.2704944,55.9280457],[-4.2707904,55.9280421],[-4.2711556,55.9281009],[-4.2712925,55.9281433],[-4.2721685,55.9286134],[-4.2728212,55.9287973],[-4.2733748,55.9290099],[-4.2741688,55.9292281],[-4.2750979,55.9294023],[-4.2758258,55.9296109],[-4.2763589,55.9296388],[-4.2773317,55.929521],[-4.2777451,55.929499],[-4.2779146,55.9294419],[-4.2780371,55.9293462],[-4.2779546,55.9291958],[-4.2776275,55.9290239],[-4.2775588,55.9288886],[-4.2776088,55.9288131],[-4.2779721,55.9286212],[-4.2782666,55.9285933],[-4.2789873,55.9285979],[-4.2792763,55.9285584],[-4.2803877,55.9282916],[-4.2815726,55.9278346],[-4.2819938,55.927728],[-4.2842802,55.9275993],[-4.287897,55.9279069],[-4.2951164,55.9284412],[-4.2959007,55.928467],[-4.2965519,55.928623],[-4.2980652,55.9291708],[-4.2980846,55.9290034],[-4.2982235,55.9278042],[-4.2984889,55.9255689],[-4.29914,55.9207511],[-4.2995672,55.9207215],[-4.2997304,55.9190325],[-4.3002825,55.9179986],[-4.3003231,55.9179227],[-4.3004594,55.9174339],[-4.300768,55.9170702],[-4.3011612,55.9166395],[-4.3012234,55.9165272],[-4.3012543,55.9164714],[-4.301325,55.9163436],[-4.2998301,55.9159555],[-4.2976212,55.9153822],[-4.2960941,55.9149858],[-4.2919914,55.9143172],[-4.2907272,55.9125641],[-4.2905606,55.9123334],[-4.2904543,55.9121861],[-4.290436,55.9117955],[-4.2905843,55.9116499],[-4.2907071,55.9115892],[-4.2909439,55.9115066],[-4.2911358,55.9114787],[-4.2920365,55.9115015],[-4.2931901,55.9116355],[-4.2935609,55.9116286],[-4.2937764,55.9115922],[-4.2939831,55.9114877],[-4.2941172,55.9113477],[-4.2943223,55.9109197],[-4.2944355,55.9104781],[-4.2945449,55.910299],[-4.2947687,55.91016],[-4.2957372,55.9097078],[-4.2966379,55.9094349],[-4.2977639,55.9093447],[-4.2990938,55.9091599],[-4.2999793,55.9090894],[-4.3006558,55.90895],[-4.3008841,55.9088604],[-4.301181,55.9085771],[-4.3012244,55.9081755],[-4.3010773,55.9075572],[-4.3009677,55.9073543],[-4.300551,55.90683],[-4.300381,55.9065528],[-4.3002876,55.9062714],[-4.3001992,55.9057797],[-4.3003279,55.905629],[-4.3004347,55.9055677],[-4.3005811,55.9055272],[-4.3009669,55.9055038],[-4.3016233,55.9055661],[-4.302561,55.9057832],[-4.3031668,55.9059902],[-4.3035824,55.9060457],[-4.3036861,55.9060596],[-4.3044389,55.9059925],[-4.3065777,55.9056909],[-4.3068318,55.9056887],[-4.3070191,55.9056871],[-4.307384,55.905798],[-4.3076335,55.9059308],[-4.3082212,55.9063961],[-4.3087303,55.9067245],[-4.3089327,55.9068187],[-4.3092466,55.9069045],[-4.3094729,55.9069443],[-4.309965,55.9069593],[-4.3120189,55.9069783],[-4.3133477,55.9070989],[-4.3139995,55.9070291],[-4.3146733,55.9068169],[-4.3152579,55.9065866],[-4.3157008,55.9063401],[-4.3161262,55.9059609],[-4.3165767,55.9053314],[-4.3170406,55.9048482],[-4.3173737,55.9044249],[-4.3176206,55.904245],[-4.3179622,55.9040723],[-4.318596,55.9036738],[-4.3195973,55.9029728],[-4.320035,55.9022932],[-4.3202211,55.9018736],[-4.320149,55.9016296],[-4.3198708,55.9013382],[-4.3197657,55.9012656],[-4.3194608,55.9011959],[-4.3240886,55.9006565],[-4.3278408,55.8996978],[-4.3279686,55.8999738],[-4.3299846,55.9011535],[-4.330818,55.901446],[-4.3318441,55.90215],[-4.3317665,55.9021892],[-4.3329048,55.9030287],[-4.3340719,55.9035746],[-4.3348868,55.9038503],[-4.3359324,55.9040785],[-4.3367954,55.9041961],[-4.3406356,55.9041779],[-4.3409842,55.904201],[-4.3416221,55.9042994],[-4.3428643,55.904682],[-4.3433302,55.9049787],[-4.3436228,55.9051088],[-4.3444071,55.9052997],[-4.3450835,55.9055331],[-4.3455859,55.9056385],[-4.3460271,55.9056328],[-4.3462316,55.9056811],[-4.3463337,55.9057807],[-4.3471093,55.9058809],[-4.3474531,55.905878],[-4.3477665,55.9057947],[-4.3479364,55.9056944],[-4.3482677,55.9053789],[-4.3485008,55.9052378],[-4.3489416,55.9062046],[-4.3486234,55.9087739],[-4.3487717,55.9090138],[-4.3494164,55.9100323],[-4.3484248,55.911066],[-4.347601,55.9119247],[-4.3477015,55.9120287],[-4.348234,55.912583],[-4.3484118,55.9126831],[-4.3475202,55.9138433],[-4.34775,55.9139126],[-4.3479205,55.9140334],[-4.3486881,55.915162],[-4.3481047,55.9158346],[-4.3476409,55.915998],[-4.3467261,55.9162474],[-4.3462306,55.916495],[-4.346809,55.9166655],[-4.3471869,55.9167221],[-4.3480706,55.9166999],[-4.3484662,55.91681],[-4.3489516,55.917056],[-4.3497713,55.917115],[-4.3500741,55.9171124],[-4.350192,55.9171114],[-4.3508473,55.9174135],[-4.3511916,55.9174429],[-4.3523897,55.9180671],[-4.3537905,55.9188654],[-4.3562012,55.9201638],[-4.3570322,55.920591],[-4.3572523,55.9206821],[-4.3575631,55.9207408],[-4.3579892,55.920694],[-4.3582723,55.9207155],[-4.3591901,55.9208858],[-4.3610673,55.920671],[-4.3612638,55.9205854],[-4.361505,55.920366],[-4.3619146,55.9205226],[-4.3620437,55.9205399],[-4.3625662,55.9207887],[-4.3632893,55.9208602],[-4.3641778,55.9211002],[-4.3654529,55.9209858],[-4.3659897,55.9208641],[-4.3661794,55.9208514],[-4.3707549,55.9207113],[-4.3762049,55.9207635],[-4.3790254,55.9210038],[-4.3791316,55.9210386],[-4.3796324,55.9209831],[-4.3794733,55.9209206],[-4.3794973,55.9207637],[-4.3797458,55.920536],[-4.3798037,55.9203569],[-4.3799177,55.9202586],[-4.3797989,55.9202006],[-4.3799119,55.9199037],[-4.3797377,55.9197506],[-4.3797301,55.9196795],[-4.3797231,55.9196134],[-4.379679,55.9191984],[-4.3796734,55.9191461],[-4.3797941,55.9190617],[-4.3799404,55.9189594],[-4.3799977,55.9188135],[-4.3800069,55.91879],[-4.3814802,55.9184901],[-4.383172,55.9180745],[-4.383411,55.9180573],[-4.3834594,55.9180793],[-4.3835229,55.9181082],[-4.3837488,55.918051],[-4.3839343,55.918004],[-4.3843739,55.9180216],[-4.3845495,55.9179614],[-4.3846244,55.9179357],[-4.3846545,55.9179254],[-4.3847829,55.9179579],[-4.3849249,55.9178995],[-4.3850282,55.9178944],[-4.3851378,55.9178891],[-4.3851675,55.9178876],[-4.3853402,55.9178035],[-4.3855078,55.9177219],[-4.3857294,55.9176984],[-4.3857988,55.9176911],[-4.385915,55.9176133],[-4.3859356,55.9175995],[-4.386074,55.917586],[-4.3862252,55.9174941],[-4.3863093,55.9174873],[-4.3865166,55.9174705],[-4.3869251,55.9173182],[-4.3872238,55.9172069],[-4.3872929,55.9170584],[-4.3873044,55.9170337],[-4.3874606,55.9169704],[-4.3874872,55.9169035],[-4.387516,55.9168311],[-4.3875243,55.9168101],[-4.3878072,55.9166222],[-4.3878097,55.9166142],[-4.3878352,55.9165308],[-4.3878887,55.9164879],[-4.388037,55.916369],[-4.3880488,55.9163595],[-4.3880661,55.9162513],[-4.3879502,55.9161358],[-4.3880265,55.9159969],[-4.3879489,55.9158294],[-4.3879569,55.9158034],[-4.388041,55.9155301],[-4.3879662,55.9154336],[-4.388027,55.91533],[-4.387971,55.9152259],[-4.3880348,55.9151698],[-4.3880349,55.9150934],[-4.3881405,55.915015],[-4.3880659,55.9148951],[-4.3880948,55.914853],[-4.3881173,55.9148204],[-4.3881174,55.914691],[-4.3882485,55.914612],[-4.3882793,55.9144622],[-4.3883187,55.9144187],[-4.3883662,55.9143662],[-4.3885177,55.9143309],[-4.3885159,55.9142858],[-4.3885122,55.9141899],[-4.3885994,55.9141495],[-4.3885698,55.9140584],[-4.3886811,55.9139439],[-4.3886105,55.9138105],[-4.3887032,55.9134959],[-4.3886743,55.913261],[-4.3887338,55.913161],[-4.3886598,55.9130249],[-4.3886789,55.9129194],[-4.3885379,55.9126813],[-4.3880309,55.9122435],[-4.3878968,55.9120151],[-4.3876266,55.9117849],[-4.3870356,55.9115429],[-4.38701,55.9114792],[-4.386892,55.9111853],[-4.386931,55.9108628],[-4.3881069,55.9107474],[-4.3895703,55.9105642],[-4.3899679,55.9105144],[-4.3806956,55.9039992],[-4.379805,55.903434],[-4.378987,55.9029824],[-4.3783644,55.9026637],[-4.3778691,55.902444],[-4.3781081,55.9022974],[-4.3764296,55.9016343],[-4.3762263,55.9015276],[-4.3760522,55.9013967],[-4.3758904,55.901189],[-4.3758494,55.9010676],[-4.3758772,55.9005287],[-4.3757422,55.9003614],[-4.375638,55.9002948],[-4.3755375,55.9002305],[-4.3754898,55.9000274],[-4.3755951,55.8999445],[-4.3789427,55.9000911],[-4.3803931,55.8979931],[-4.3800282,55.8974681],[-4.3802412,55.8974191],[-4.3803144,55.897361],[-4.3803708,55.8967677],[-4.3805038,55.8968226],[-4.3806634,55.8968177],[-4.3817656,55.8965061],[-4.3806772,55.8953453],[-4.3812008,55.8950673],[-4.3818129,55.8948245],[-4.3823968,55.8946685],[-4.3832029,55.8945369],[-4.3831568,55.894412],[-4.3827021,55.8938051],[-4.3833859,55.8935312],[-4.3833657,55.8934103],[-4.3834206,55.8932627],[-4.3836501,55.8932232],[-4.3836417,55.8931901],[-4.3832325,55.8929869],[-4.3831545,55.8928877],[-4.3833725,55.8927127],[-4.3833945,55.8926539],[-4.38329,55.8924375],[-4.3834954,55.8922654],[-4.3836058,55.8920845],[-4.3838989,55.8920644],[-4.3841985,55.8921242],[-4.3842295,55.8921092],[-4.3852463,55.8923879],[-4.3859335,55.8926406],[-4.3865855,55.8921615],[-4.3872319,55.8912547],[-4.3856324,55.8909136],[-4.3856222,55.8907745],[-4.3853815,55.8906309],[-4.3851785,55.8903463],[-4.3851771,55.8902708],[-4.385334,55.8901438],[-4.3855241,55.890061],[-4.385795,55.890045],[-4.3860323,55.8900817],[-4.3871849,55.8904117],[-4.3876424,55.8903866],[-4.3878498,55.8904051],[-4.3884629,55.8905702],[-4.3887236,55.8907782],[-4.3888341,55.8907275],[-4.3889804,55.8905584],[-4.3891564,55.8905343],[-4.3895546,55.890585],[-4.3901358,55.8907507],[-4.3904796,55.8907504],[-4.3906765,55.8906817],[-4.3910183,55.89033],[-4.3914514,55.8901688],[-4.3919445,55.8897872],[-4.3927797,55.8894042],[-4.3932006,55.8891489],[-4.390743,55.8885855],[-4.3860263,55.8876389],[-4.3833315,55.8868544],[-4.3824342,55.8865132],[-4.3801664,55.8854399],[-4.3780932,55.8846172],[-4.377144,55.8841843],[-4.3768312,55.8840888],[-4.3764215,55.8840581],[-4.3762665,55.8840071],[-4.3740271,55.8829745],[-4.3733753,55.8825395],[-4.3728069,55.8822386],[-4.3708605,55.8814448],[-4.3691571,55.8805447],[-4.3681469,55.8801309],[-4.3674236,55.8796208],[-4.3640101,55.8780462],[-4.3637382,55.8780433],[-4.363179,55.8778671],[-4.3619076,55.8772283],[-4.3613629,55.8769736],[-4.3607017,55.876722],[-4.360013,55.8763847],[-4.3587352,55.875905],[-4.357472,55.8753738],[-4.3552636,55.8746243],[-4.3534484,55.8737414],[-4.3541809,55.8729014],[-4.3550259,55.8731549],[-4.3554545,55.8731574],[-4.3555744,55.87321],[-4.3562716,55.8731876],[-4.3559682,55.8716368],[-4.3557773,55.8713609],[-4.3556751,55.871119],[-4.35563,55.8709343],[-4.3557126,55.8707724],[-4.3558506,55.8707073],[-4.3559269,55.8706713],[-4.3560176,55.8704821],[-4.3560515,55.8702151],[-4.3559808,55.8699441],[-4.3558459,55.869696],[-4.3558633,55.8691654],[-4.3556997,55.8690247],[-4.3557673,55.8688212],[-4.3557508,55.8686274],[-4.3553598,55.8671069],[-4.3553892,55.8668529],[-4.3551473,55.865762],[-4.3548846,55.865225],[-4.3545466,55.8649223],[-4.3539101,55.8645203],[-4.3534665,55.8642402],[-4.3532858,55.8640531],[-4.3531293,55.8638709],[-4.3531067,55.8635766],[-4.3567235,55.8635235],[-4.3585469,55.8622098],[-4.3604983,55.8608348],[-4.3614377,55.8599081],[-4.3615207,55.8597562],[-4.3617383,55.8593577],[-4.3627506,55.8578445],[-4.3646862,55.8553267],[-4.3659511,55.855421],[-4.3684468,55.8557073],[-4.3718169,55.8560243],[-4.372687,55.8561424],[-4.3748031,55.8562804],[-4.376492,55.8564356],[-4.3765592,55.856464],[-4.3775907,55.8562418],[-4.3784519,55.8563177],[-4.3808871,55.8563443],[-4.3808925,55.8562229],[-4.3805525,55.8556021],[-4.3798835,55.8541734],[-4.3792308,55.8526707],[-4.3798888,55.8510465],[-4.3771872,55.8515194],[-4.3766411,55.8515254],[-4.3762632,55.851486],[-4.3758955,55.8514023],[-4.3756295,55.8512852],[-4.3754989,55.851188],[-4.3751246,55.8507359],[-4.3749024,55.8505766],[-4.3746581,55.8504744],[-4.3739351,55.8503032],[-4.3743668,55.8492083],[-4.3748939,55.8486561],[-4.3727889,55.8478807],[-4.3724369,55.847794],[-4.3713725,55.8476294],[-4.3715966,55.8473231],[-4.3709659,55.8470656],[-4.3710945,55.8469211],[-4.3703646,55.846688],[-4.3702588,55.8469444],[-4.3696718,55.8470375],[-4.3697089,55.84707],[-4.3692299,55.847153],[-4.3691761,55.8470569],[-4.3687804,55.8471176],[-4.3686002,55.8468856],[-4.3680443,55.8454421],[-4.3681155,55.8452274],[-4.3681249,55.8451916],[-4.3687957,55.8452685],[-4.3692887,55.8438069],[-4.3698703,55.8421111],[-4.3697366,55.841489],[-4.369679,55.8414092],[-4.3698081,55.8411416],[-4.370918,55.8407445],[-4.3706465,55.8401413],[-4.3707126,55.8397589],[-4.3706292,55.8397012],[-4.3705896,55.8395753],[-4.3703238,55.8395112],[-4.3702544,55.8394478],[-4.3709128,55.8389812],[-4.3710785,55.8384496],[-4.3717441,55.83839],[-4.3720357,55.8383259],[-4.3724605,55.8381676],[-4.3734992,55.8378618],[-4.3738329,55.8377035],[-4.374029,55.8375658],[-4.3747887,55.8364582],[-4.3747041,55.835908],[-4.3747781,55.8356288],[-4.3750352,55.8354189],[-4.3754491,55.8351611],[-4.375756,55.8350356],[-4.3761321,55.8349951],[-4.3753099,55.8346865],[-4.3762701,55.8329962],[-4.3768712,55.8319379],[-4.3786078,55.8288805],[-4.3780465,55.8282667],[-4.3777243,55.827775],[-4.3775067,55.8271401],[-4.3775731,55.8267892],[-4.3786133,55.8259908],[-4.3789186,55.825708],[-4.379109,55.8251912],[-4.3793108,55.8248098],[-4.379591,55.8245347],[-4.380019,55.8241714],[-4.3814286,55.8231526],[-4.3808978,55.8229318],[-4.3804419,55.822707],[-4.3780349,55.8213317],[-4.3771986,55.8208913],[-4.3764432,55.8204934],[-4.375649,55.8201151],[-4.373288,55.8190425],[-4.3729515,55.81889],[-4.372931,55.8188832],[-4.3726208,55.8187813],[-4.3721537,55.8186861],[-4.3715226,55.8186012],[-4.3715129,55.8185996],[-4.3709154,55.8185914],[-4.3706687,55.8185754],[-4.3703127,55.8185238],[-4.3700534,55.8184848],[-4.3698606,55.81844],[-4.3691904,55.8182354],[-4.3685919,55.8180016],[-4.3680692,55.817831],[-4.3674676,55.817705],[-4.3676028,55.8166706],[-4.3676302,55.8165964],[-4.36778,55.8164084],[-4.3679551,55.8162684],[-4.3682814,55.8160949],[-4.3683354,55.8160651],[-4.3686719,55.8159805],[-4.36906,55.8159326],[-4.3705696,55.8158711],[-4.3707538,55.8158819],[-4.371383,55.8159911],[-4.3716706,55.8159963],[-4.3718241,55.8159754],[-4.3720191,55.8159267],[-4.3721895,55.8158408],[-4.3722702,55.8157502],[-4.3723298,55.8156268],[-4.3723408,55.815179],[-4.3724149,55.8150607],[-4.3725962,55.814891],[-4.372744,55.814801],[-4.3728903,55.8147397],[-4.3733666,55.814593],[-4.3737702,55.8144306],[-4.3739457,55.8143256],[-4.3740671,55.8141948],[-4.3741981,55.8139622],[-4.3742313,55.8135894],[-4.3742735,55.813469],[-4.3743516,55.8133633],[-4.374413,55.8131392],[-4.3743141,55.8130108],[-4.3743618,55.8128238],[-4.3748001,55.8126311],[-4.3751908,55.8123881],[-4.3752585,55.8123455],[-4.375497,55.8121745],[-4.375628,55.8120453],[-4.3758597,55.8117092],[-4.3760087,55.8110125],[-4.3760679,55.8108567],[-4.3759852,55.8105473],[-4.3758966,55.8104295],[-4.3757024,55.8102822],[-4.3755519,55.8101674],[-4.3751825,55.8099993],[-4.3749684,55.8098111],[-4.3748061,55.8097162],[-4.3747515,55.809658],[-4.3746579,55.8094846],[-4.3746232,55.8093333],[-4.3746166,55.8091187],[-4.3744315,55.8087528],[-4.3744301,55.8087034],[-4.374423,55.8086676],[-4.3744197,55.8086389],[-4.3744186,55.8085958],[-4.3744264,55.8085651],[-4.3744294,55.8085354],[-4.3744286,55.8084698],[-4.3744285,55.8084158],[-4.3744248,55.8083296],[-4.3744163,55.8082166],[-4.3744211,55.8081626],[-4.3744306,55.8081102],[-4.3744669,55.8079999],[-4.3744682,55.8079944],[-4.3744695,55.8079899],[-4.3744709,55.8079854],[-4.374475,55.8079745],[-4.3744779,55.8079709],[-4.3744794,55.8079682],[-4.3744824,55.8079636],[-4.3744852,55.8079582],[-4.3744881,55.8079545],[-4.3744956,55.8079454],[-4.374497,55.8079427],[-4.3745208,55.8079135],[-4.3746251,55.8077918],[-4.3741349,55.8076576],[-4.373873,55.8074972],[-4.3740119,55.8074199],[-4.3741822,55.8073331],[-4.3742766,55.8072863],[-4.3742846,55.8072853],[-4.373177,55.8066551],[-4.3721289,55.8062151],[-4.3717574,55.8060371],[-4.3717375,55.8059997],[-4.3717016,55.8059339],[-4.3716034,55.8058675],[-4.3710201,55.8054816],[-4.3708934,55.8053977],[-4.370717,55.8052916],[-4.3699376,55.8048229],[-4.3691602,55.8042932],[-4.368713,55.804025],[-4.3677967,55.8033623],[-4.3684771,55.8033986],[-4.3690091,55.803383],[-4.3692045,55.8033684],[-4.3693333,55.8033588],[-4.3710712,55.8031508],[-4.3714207,55.8030489],[-4.3720585,55.8027256],[-4.3722821,55.8025712],[-4.3723312,55.8025378],[-4.3698558,55.8021901],[-4.3698198,55.8021738],[-4.3720267,55.800863],[-4.3726076,55.8003674],[-4.3729833,55.8001965],[-4.3732613,55.7999925],[-4.3734631,55.7997685],[-4.3735672,55.7996973],[-4.373788,55.7996013],[-4.3739861,55.7995786],[-4.374309,55.7996146],[-4.3746572,55.7995935],[-4.3749584,55.7995364],[-4.3750414,55.7995357],[-4.3754022,55.7995907],[-4.3757514,55.7997198],[-4.3764686,55.7999144],[-4.3770829,55.7999673],[-4.3774925,55.7999593],[-4.3780907,55.7999036],[-4.3780542,55.799881],[-4.3766119,55.7989166],[-4.3772705,55.7985956],[-4.3773077,55.7985778],[-4.3727824,55.7956103],[-4.3725852,55.7954623],[-4.3721071,55.7947884],[-4.3720739,55.7947693],[-4.3719803,55.7947765],[-4.3716132,55.7949327],[-4.3633529,55.794549],[-4.3605732,55.7944335],[-4.3602945,55.7944694],[-4.3602723,55.7944725],[-4.3602281,55.7944779],[-4.3558536,55.7950346],[-4.3469963,55.7950404],[-4.343709,55.7950286],[-4.3424244,55.7947565],[-4.3420267,55.7946715],[-4.3382859,55.7938781],[-4.3365978,55.7935283],[-4.3350114,55.7931997],[-4.3343717,55.7930672],[-4.3334623,55.7928786],[-4.3325541,55.7935367],[-4.3304988,55.7950237],[-4.3302177,55.7952052],[-4.3300494,55.7953252],[-4.3286461,55.7963242],[-4.322809,55.8005142],[-4.322786,55.8005308],[-4.322763,55.8005465],[-4.3227309,55.8005705],[-4.3227032,55.8005872],[-4.3227328,55.8006019],[-4.3229346,55.8006943],[-4.3228351,55.8021324],[-4.3228231,55.8026261],[-4.322846,55.8028512],[-4.3229727,55.8033971],[-4.3230812,55.8036925],[-4.3232373,55.8039826],[-4.3235746,55.8044184],[-4.3238715,55.8048496],[-4.3243006,55.8052477],[-4.3248591,55.8056227],[-4.3261035,55.8065518],[-4.3272741,55.8076352],[-4.3262435,55.8079639],[-4.3262374,55.8080745],[-4.3262682,55.8081899],[-4.3262519,55.80845],[-4.3257847,55.808297],[-4.3248888,55.8080731],[-4.3244033,55.8080149],[-4.3238822,55.8080005],[-4.319904,55.808249],[-4.3195119,55.8082853],[-4.319317,55.8083608],[-4.3152316,55.8086337],[-4.3150568,55.8086451],[-4.3152433,55.8096096],[-4.3148547,55.8095962],[-4.3144348,55.8096213],[-4.3139646,55.809684],[-4.3132213,55.8098544],[-4.3131605,55.8099837],[-4.3126432,55.8110849],[-4.3124885,55.8112775],[-4.3123246,55.8114198],[-4.3121854,55.8114934],[-4.3120074,55.8115876],[-4.3118475,55.8115303],[-4.3118314,55.8115001],[-4.3117372,55.8113392],[-4.3115701,55.8111572],[-4.3116216,55.8111382],[-4.3115637,55.8110852],[-4.3113044,55.8108476],[-4.3107875,55.8104831],[-4.3105204,55.8103239],[-4.3104742,55.8102972],[-4.3103762,55.8102404],[-4.3100277,55.8100691],[-4.3092527,55.8097574],[-4.3087613,55.8095994],[-4.3079943,55.8093954],[-4.3071607,55.8092502],[-4.3067096,55.8091256],[-4.3066877,55.8091872],[-4.3056726,55.8090785],[-4.3056994,55.8093692],[-4.3057609,55.8096539],[-4.3057731,55.8099143],[-4.3057254,55.8100309],[-4.305682,55.8102712],[-4.305661,55.8103878],[-4.3055476,55.8104462],[-4.3020828,55.8105291],[-4.3017185,55.8105215],[-4.3012919,55.8105133],[-4.3008224,55.8104825],[-4.3003772,55.8104019],[-4.2999114,55.8102704],[-4.299542,55.8101524],[-4.2993562,55.8100588],[-4.299243,55.80998],[-4.2988267,55.8096867],[-4.2985221,55.8094722],[-4.2982206,55.8096109],[-4.2979318,55.8096936],[-4.2977309,55.8097513],[-4.2973503,55.8099543],[-4.2973766,55.8099682],[-4.2971991,55.8100982],[-4.2970222,55.8102651],[-4.2968513,55.8106701],[-4.2966805,55.8109114],[-4.2964318,55.8111353],[-4.2958358,55.8117999],[-4.2958358,55.8118008],[-4.2953592,55.8122699],[-4.2950778,55.81256],[-4.2949859,55.8126264],[-4.2943806,55.8129721],[-4.2936372,55.8134398],[-4.2934405,55.8135433],[-4.2931903,55.8136297],[-4.2927754,55.8138235],[-4.292694,55.8138754],[-4.2926387,55.8139402],[-4.292424,55.8137653],[-4.2920538,55.8135763],[-4.2915804,55.8132598],[-4.2911694,55.8130032],[-4.2909178,55.8127958],[-4.2902921,55.8125234],[-4.289719,55.8124946],[-4.2893877,55.8124522],[-4.2891097,55.8124466],[-4.2875296,55.8123124],[-4.2873877,55.8123141],[-4.2871829,55.8122775],[-4.2868907,55.8122767],[-4.2866855,55.8122598],[-4.2859629,55.8121331],[-4.2854089,55.8119942],[-4.2850882,55.8119139],[-4.2841063,55.8118261],[-4.2832664,55.8117923],[-4.283051,55.8117674],[-4.2824997,55.8115926],[-4.2820799,55.8114278],[-4.2818824,55.8112706],[-4.2815573,55.8111706],[-4.2812289,55.810987],[-4.2810053,55.8107943],[-4.2808575,55.8106937],[-4.2800715,55.810436],[-4.2779366,55.8097359],[-4.2778395,55.8096847],[-4.277522,55.8094425],[-4.2770332,55.8098704],[-4.2753787,55.8094148],[-4.2746159,55.8092536],[-4.2746096,55.8092529],[-4.2745708,55.8092446],[-4.2744739,55.8092248],[-4.2744739,55.8092247],[-4.2736729,55.8090653],[-4.2720665,55.8087476],[-4.2720584,55.808746],[-4.2720423,55.8087436],[-4.2720335,55.8087428],[-4.2719732,55.8087305],[-4.2719729,55.8087309],[-4.2719027,55.8088122],[-4.271695,55.8090551],[-4.2716626,55.8091041],[-4.2715368,55.8090926],[-4.2714585,55.8090866],[-4.2714225,55.8090898],[-4.2713593,55.8090942],[-4.2713446,55.8090948],[-4.271304,55.8090974],[-4.2712333,55.809103],[-4.2712301,55.8091032],[-4.2712248,55.809104],[-4.2710449,55.8091278],[-4.2708632,55.8091541],[-4.2708565,55.809155],[-4.2708561,55.8091547],[-4.2707988,55.809095],[-4.270455,55.8087679],[-4.2704543,55.8087682],[-4.2704541,55.8087679],[-4.2701287,55.8088792],[-4.2701549,55.808901],[-4.2701648,55.8089095],[-4.2698533,55.8090141],[-4.2697351,55.8090549],[-4.2695813,55.8091135],[-4.2687974,55.8093953],[-4.2686075,55.8094644],[-4.268348,55.8095587],[-4.2682481,55.8095956],[-4.2681989,55.809614],[-4.2681497,55.8096333],[-4.2680772,55.8096634],[-4.2680275,55.8096859],[-4.2679794,55.8097093],[-4.2678941,55.8097526],[-4.2678477,55.8097777],[-4.2678064,55.8098013],[-4.2678013,55.8098037],[-4.2677967,55.809807],[-4.2677582,55.8098302],[-4.267715,55.809857],[-4.2676674,55.809888],[-4.2675907,55.8099425],[-4.2674747,55.8100331],[-4.2674365,55.8100626],[-4.2674108,55.810086],[-4.2673305,55.8101603],[-4.2673078,55.8101823],[-4.2672724,55.8102184],[-4.2672462,55.8102481],[-4.2671831,55.8103158],[-4.2674284,55.8104025],[-4.2674372,55.8104171],[-4.2674245,55.8104251],[-4.2673733,55.8104574],[-4.2673157,55.8104958],[-4.2672873,55.8105143],[-4.2672596,55.8105328],[-4.2672443,55.8105434],[-4.2672297,55.810554],[-4.2672129,55.8105669],[-4.2671992,55.8105784],[-4.2671849,55.810592],[-4.2671833,55.8105935],[-4.2670507,55.8107137],[-4.2670088,55.8107481],[-4.2669388,55.8108079],[-4.2669274,55.8108166],[-4.2669221,55.8108212],[-4.2669192,55.8108227],[-4.2669036,55.8108332],[-4.2668721,55.8108536],[-4.2668365,55.810874],[-4.2668149,55.8108852],[-4.2667939,55.810895],[-4.2667628,55.8109086],[-4.2667456,55.8109157],[-4.266712,55.810928],[-4.2667003,55.8109318],[-4.2666893,55.8109356],[-4.2666712,55.8109404],[-4.266608,55.8109506],[-4.266593,55.8109535],[-4.2665772,55.8109565],[-4.2665591,55.81096],[-4.2665377,55.8109626],[-4.2665067,55.8109655],[-4.2664844,55.8109668],[-4.266463,55.8109681],[-4.2664406,55.8109685],[-4.2664135,55.8109685],[-4.2662797,55.8109723],[-4.2661705,55.8109753],[-4.2661226,55.8109748],[-4.2660402,55.8109718],[-4.2659634,55.8109674],[-4.2659474,55.8109668],[-4.2659306,55.8109662],[-4.2659026,55.8109649],[-4.2658495,55.8109578],[-4.265786,55.8109504],[-4.2657087,55.8109384],[-4.2656588,55.8109312],[-4.265621,55.8109252],[-4.2655531,55.8109102],[-4.2654584,55.8108887],[-4.2654544,55.8108878],[-4.2653464,55.8108687],[-4.2653125,55.810863],[-4.265269,55.8108562],[-4.2651846,55.810846],[-4.2651004,55.8108377],[-4.2650707,55.8108347],[-4.2650594,55.8108335],[-4.2650482,55.8108328],[-4.2650362,55.8108321],[-4.2650083,55.8108327],[-4.2649836,55.8108327],[-4.2649553,55.8108332],[-4.2649548,55.8108332],[-4.2649538,55.8108332],[-4.2645789,55.8108657],[-4.2641857,55.8108998],[-4.2641831,55.8109],[-4.2641787,55.8109004],[-4.264137,55.810904],[-4.2640273,55.8109203],[-4.263883,55.8109401],[-4.26372,55.8109642],[-4.263527,55.8109939],[-4.2633245,55.8110245],[-4.2632659,55.8110328],[-4.2631876,55.8110446],[-4.2630917,55.8110571],[-4.2630657,55.8110626],[-4.2630168,55.811066],[-4.2628265,55.8110791],[-4.2626382,55.8110929],[-4.2625426,55.8110965],[-4.2624941,55.8110987],[-4.2624368,55.8111008],[-4.2624185,55.8111019],[-4.2624054,55.8111016],[-4.2623642,55.811102],[-4.2622939,55.8111019],[-4.2621669,55.8110984],[-4.2620323,55.8110929],[-4.2620309,55.8110928],[-4.2619931,55.8110908],[-4.2613836,55.8110568],[-4.2611861,55.8110437],[-4.2610113,55.8110347],[-4.2607051,55.8110188],[-4.2606971,55.8110185],[-4.2607004,55.8110155],[-4.2608527,55.8109039],[-4.2608662,55.8108945],[-4.2608659,55.8108943],[-4.2607494,55.8108198],[-4.2606163,55.810727],[-4.2607223,55.8106783],[-4.2607244,55.8106774],[-4.260697,55.8106455],[-4.2606887,55.8106399],[-4.2605075,55.810516],[-4.2603742,55.8104223],[-4.2603037,55.8103728],[-4.2600937,55.8102324],[-4.2599361,55.8101194],[-4.2599355,55.8101189],[-4.2599471,55.8101138],[-4.2602282,55.809996],[-4.2602432,55.8099897],[-4.2603491,55.8099451],[-4.260628,55.8098271],[-4.2606669,55.8098106],[-4.2609435,55.8096938],[-4.260943,55.8096934],[-4.2609434,55.8096933],[-4.2608975,55.8096586],[-4.2607482,55.8095472],[-4.260609,55.8094442],[-4.2606372,55.8094301],[-4.2606721,55.8094105],[-4.2606914,55.8093984],[-4.2606915,55.8093982],[-4.2607133,55.809387],[-4.2607455,55.8093613],[-4.2607546,55.8093549],[-4.2607714,55.8093414],[-4.2608088,55.809312],[-4.2608228,55.8092998],[-4.2608323,55.8092922],[-4.2608344,55.8092897],[-4.2608484,55.8092775],[-4.2608606,55.8092655],[-4.2608959,55.809226],[-4.2609293,55.8091836],[-4.2609361,55.8091748],[-4.2609805,55.8091143],[-4.2609845,55.8091092],[-4.2609909,55.8091011],[-4.2610332,55.8090455],[-4.26105,55.8090251],[-4.2610554,55.8090187],[-4.2610828,55.8089911],[-4.2610859,55.8089873],[-4.2610912,55.8089834],[-4.2611309,55.8089497],[-4.2611614,55.8089253],[-4.2611995,55.8088945],[-4.2612721,55.808842],[-4.2612943,55.8088259],[-4.2613827,55.8087672],[-4.261389,55.8087625],[-4.2613985,55.808757],[-4.2614899,55.8087004],[-4.2615697,55.8086547],[-4.261654,55.8086101],[-4.2616566,55.8086088],[-4.2616622,55.8086056],[-4.2616768,55.808599],[-4.2618185,55.8085307],[-4.2620046,55.8084407],[-4.2622036,55.8083521],[-4.2623692,55.8082844],[-4.2624087,55.8082665],[-4.2624088,55.8082659],[-4.2624078,55.8082652],[-4.2624092,55.8082643],[-4.2624124,55.8082624],[-4.2624155,55.808261],[-4.2624186,55.8082591],[-4.2624217,55.8082568],[-4.2624239,55.8082545],[-4.2624247,55.8082532],[-4.2624271,55.8082401],[-4.2624344,55.8081625],[-4.2624345,55.8081613],[-4.2624606,55.808121],[-4.2625222,55.8080244],[-4.2625304,55.808014],[-4.2625725,55.8079539],[-4.2625986,55.8079224],[-4.2626106,55.8079105],[-4.2626251,55.807893],[-4.262655,55.8078549],[-4.2626929,55.8078011],[-4.2627292,55.8077533],[-4.2627619,55.8077127],[-4.2627672,55.8077072],[-4.2627919,55.80768],[-4.2627942,55.807677],[-4.2627966,55.807675],[-4.2628259,55.8076468],[-4.2628465,55.8076293],[-4.26301,55.8074961],[-4.2630376,55.807473],[-4.2630664,55.8074604],[-4.2630976,55.8074463],[-4.2631886,55.8074055],[-4.263283,55.8073651],[-4.2633255,55.8073464],[-4.2633352,55.8073431],[-4.2633474,55.8073383],[-4.2634138,55.8073133],[-4.2634835,55.80729],[-4.2635541,55.8072689],[-4.2635524,55.8072669],[-4.2635932,55.8072558],[-4.2636596,55.8072401],[-4.2637324,55.8072253],[-4.2638068,55.8072127],[-4.2638582,55.8072045],[-4.263925,55.8071956],[-4.2639989,55.8071875],[-4.2640729,55.8071816],[-4.2641248,55.8071793],[-4.2641536,55.8071783],[-4.2642082,55.8071782],[-4.264262,55.8071804],[-4.2643062,55.8071832],[-4.2643545,55.8071873],[-4.2644094,55.8071939],[-4.2644553,55.8072008],[-4.2644631,55.8072014],[-4.2644727,55.8072038],[-4.2645,55.807209],[-4.2645211,55.8072135],[-4.2646095,55.8072345],[-4.2646598,55.8072479],[-4.2648529,55.8072988],[-4.2648761,55.8072814],[-4.2649473,55.807228],[-4.2650769,55.8071245],[-4.2650914,55.8071131],[-4.2650927,55.8071119],[-4.265093,55.8071116],[-4.2650932,55.8071114],[-4.265117,55.8070889],[-4.2651364,55.8070684],[-4.2651431,55.8070611],[-4.2651669,55.8070329],[-4.2651859,55.8070067],[-4.265188,55.8070018],[-4.2651881,55.8070017],[-4.2651887,55.8070011],[-4.2651893,55.8069995],[-4.2652133,55.8069386],[-4.2652143,55.8069343],[-4.2652155,55.8069138],[-4.2652153,55.8068963],[-4.2652117,55.8068488],[-4.2652104,55.8068258],[-4.2652114,55.8068023],[-4.2652144,55.8067722],[-4.2652232,55.8067027],[-4.2652323,55.8066535],[-4.2652323,55.8066534],[-4.2652324,55.8066531],[-4.2652407,55.8066204],[-4.2652477,55.8066004],[-4.2652609,55.8065664],[-4.2652752,55.8065386],[-4.2652774,55.8065345],[-4.2652853,55.8065209],[-4.2652866,55.8065176],[-4.2652886,55.806516],[-4.2652998,55.8065023],[-4.265309,55.8064934],[-4.2653131,55.80649],[-4.2653325,55.8064773],[-4.2653489,55.8064678],[-4.2653535,55.8064652],[-4.265374,55.8064553],[-4.265404,55.8064414],[-4.2655931,55.8063546],[-4.2658016,55.8064183],[-4.2661067,55.806515],[-4.2666053,55.8066645],[-4.2668965,55.8067593],[-4.2670976,55.8068145],[-4.2671117,55.8068019],[-4.2672403,55.8066878],[-4.2673056,55.8066309],[-4.2673786,55.8065689],[-4.2673951,55.8065562],[-4.2674038,55.8065495],[-4.2674174,55.8065376],[-4.2674835,55.8064806],[-4.267574,55.806403],[-4.2676667,55.806324],[-4.2677725,55.8062349],[-4.2678516,55.8061692],[-4.2678988,55.8061301],[-4.2679323,55.8061016],[-4.2679364,55.8060974],[-4.2679594,55.8060742],[-4.267976,55.8060586],[-4.2680426,55.8059949],[-4.2680902,55.805923],[-4.2681114,55.8058889],[-4.2681772,55.8057852],[-4.2682458,55.8056752],[-4.2683327,55.8055379],[-4.2684145,55.805407],[-4.2684884,55.8052928],[-4.2686018,55.805115],[-4.2687348,55.8049054],[-4.2689341,55.8045867],[-4.2690256,55.8044457],[-4.2690834,55.8043552],[-4.2691474,55.8042489],[-4.2692155,55.8041303],[-4.2692698,55.8040363],[-4.2692927,55.8039971],[-4.2693032,55.8039791],[-4.2692922,55.8039685],[-4.2692628,55.8039421],[-4.2692399,55.80392],[-4.2692331,55.803913],[-4.2692245,55.8039014],[-4.2692147,55.8038854],[-4.2692122,55.8038828],[-4.2692101,55.8038768],[-4.2691915,55.8038226],[-4.269191,55.8038203],[-4.2691855,55.8037934],[-4.269181,55.8037845],[-4.2691801,55.8037823],[-4.2691757,55.8037765],[-4.2691715,55.8037725],[-4.2691568,55.8037656],[-4.2691543,55.8037643],[-4.2691379,55.803757],[-4.2691339,55.8037562],[-4.2691161,55.8037529],[-4.2691113,55.8037521],[-4.2691008,55.8037496],[-4.2691018,55.8037425],[-4.2691126,55.8036653],[-4.269169,55.8036468],[-4.2691768,55.8036439],[-4.2691838,55.8036407],[-4.2691853,55.8036393],[-4.2691899,55.8036356],[-4.2691908,55.8036345],[-4.2691914,55.8036338],[-4.2691957,55.8036261],[-4.2691971,55.803622],[-4.2691975,55.8036161],[-4.2691968,55.8036031],[-4.2693466,55.8033406],[-4.2693668,55.8033038],[-4.2693713,55.8032979],[-4.269383,55.8032802],[-4.2693971,55.8032615],[-4.2694313,55.8032195],[-4.2695233,55.803114],[-4.26963,55.802992],[-4.2696475,55.802972],[-4.2696473,55.8029719],[-4.2696475,55.8029715],[-4.269257,55.8028151],[-4.2692558,55.8028156],[-4.2692556,55.8028155],[-4.2692244,55.8028286],[-4.2689832,55.8029296],[-4.2686926,55.8030509],[-4.2683552,55.8031922],[-4.2682483,55.8032355],[-4.2680223,55.8033287],[-4.2677377,55.8034431],[-4.2672423,55.8036491],[-4.2670677,55.8037206],[-4.2668419,55.8038136],[-4.2666666,55.8038856],[-4.266645,55.803894],[-4.2666312,55.8038982],[-4.266615,55.803902],[-4.2665758,55.8039097],[-4.2665694,55.803911],[-4.2664518,55.8039325],[-4.2664065,55.8039418],[-4.2663664,55.8039517],[-4.2662499,55.803979],[-4.2661083,55.804013],[-4.2658989,55.8040625],[-4.2658856,55.8040661],[-4.2658652,55.8040705],[-4.2657706,55.8040921],[-4.2657375,55.8040995],[-4.2656075,55.8041307],[-4.2656072,55.8041087],[-4.2656095,55.8040005],[-4.2656162,55.8038399],[-4.2656159,55.8038089],[-4.2656125,55.8037497],[-4.2656102,55.8037245],[-4.2656014,55.8036546],[-4.265593,55.8036193],[-4.2655762,55.8035643],[-4.2655752,55.8035607],[-4.2655466,55.8034808],[-4.265507,55.803375],[-4.2654738,55.8033021],[-4.2654731,55.8033001],[-4.2654715,55.8032977],[-4.265458,55.8032739],[-4.265451,55.8032637],[-4.2654152,55.8032105],[-4.2653985,55.8031838],[-4.2653368,55.8030829],[-4.2653205,55.8030626],[-4.2652942,55.8030319],[-4.2652905,55.8030276],[-4.2652812,55.803018],[-4.265198,55.8029384],[-4.2651185,55.8028686],[-4.2650108,55.8027721],[-4.2649711,55.8027351],[-4.2649161,55.80268],[-4.2648803,55.8026411],[-4.2648522,55.8026079],[-4.2648503,55.8026061],[-4.2648481,55.8026029],[-4.2648201,55.8025667],[-4.2647888,55.8025214],[-4.2647782,55.8025036],[-4.2647539,55.8024626],[-4.2647101,55.8023885],[-4.2646761,55.8023258],[-4.2646159,55.8022505],[-4.2645494,55.8021502],[-4.2644363,55.8019865],[-4.2644345,55.8019838],[-4.2646541,55.802003],[-4.264656,55.8019959],[-4.2646938,55.8018334],[-4.2647335,55.8016749],[-4.2647385,55.8016555],[-4.2647469,55.8016216],[-4.2647601,55.8015877],[-4.2647607,55.8015854],[-4.264798,55.8015394],[-4.2648792,55.8014408],[-4.2649645,55.8013477],[-4.2649655,55.8013466],[-4.264968,55.8013441],[-4.2651045,55.8012107],[-4.265143,55.8011749],[-4.2652222,55.8010957],[-4.2653128,55.8009942],[-4.2653927,55.8008997],[-4.2655109,55.8007506],[-4.2655205,55.8007387],[-4.2656643,55.8005361],[-4.265759,55.8003946],[-4.2657818,55.80036],[-4.2658113,55.800306],[-4.2658135,55.8003015],[-4.2658168,55.8002897],[-4.2658221,55.8002717],[-4.2658242,55.8002537],[-4.2658227,55.8002384],[-4.2658232,55.8002353],[-4.2658218,55.8002327],[-4.2658213,55.8002303],[-4.2658193,55.8002236],[-4.2658165,55.8002174],[-4.2658138,55.8002107],[-4.2658094,55.8002045],[-4.2658059,55.8001983],[-4.2658007,55.8001921],[-4.2657964,55.8001863],[-4.2657904,55.8001801],[-4.2657786,55.8001687],[-4.2657552,55.8001493],[-4.2657309,55.800133],[-4.2657295,55.8001318],[-4.2657281,55.8001311],[-4.2657005,55.8001144],[-4.2656905,55.8001083],[-4.26567,55.8000979],[-4.2656274,55.8000789],[-4.2656118,55.8000723],[-4.2656061,55.8000694],[-4.2655946,55.8000651],[-4.2655481,55.8000457],[-4.2654829,55.8000213],[-4.2654674,55.8000162],[-4.2654462,55.8000094],[-4.2654122,55.7999993],[-4.2653758,55.7999914],[-4.2653701,55.7999902],[-4.2653073,55.7999801],[-4.2652366,55.7999715],[-4.2651652,55.7999647],[-4.265146,55.7999633],[-4.2648615,55.7999407],[-4.2646808,55.7999345],[-4.264541,55.7999246],[-4.2643452,55.7999106],[-4.2640801,55.79988],[-4.2640153,55.7998696],[-4.2639819,55.7998643],[-4.2638225,55.7998459],[-4.2635624,55.7998138],[-4.2634347,55.7997966],[-4.2631829,55.7997622],[-4.2629564,55.7997358],[-4.2627372,55.7997115],[-4.2625211,55.7996849],[-4.2622848,55.7996556],[-4.2621662,55.7996461],[-4.262091,55.7996416],[-4.2618502,55.7996281],[-4.2618324,55.799627],[-4.261831,55.7996268],[-4.2618292,55.7996267],[-4.2618234,55.7996255],[-4.2616794,55.7996011],[-4.2616552,55.7995966],[-4.2615899,55.7995861],[-4.2614962,55.7995649],[-4.2614692,55.7995546],[-4.261438,55.7995381],[-4.261409,55.7995207],[-4.2613883,55.7995076],[-4.2613701,55.7994958],[-4.2613426,55.7994761],[-4.2613175,55.7994554],[-4.2613141,55.7994523],[-4.2612921,55.7994298],[-4.2612672,55.7993996],[-4.2612656,55.799398],[-4.2612643,55.7993959],[-4.2612456,55.7993705],[-4.2612194,55.7993314],[-4.2611937,55.7992878],[-4.2611757,55.7992522],[-4.2611344,55.7991398],[-4.2611167,55.7990875],[-4.2610708,55.7989663],[-4.2610696,55.798963],[-4.261067,55.7989593],[-4.2609167,55.7987515],[-4.2608555,55.7986703],[-4.2607325,55.7984966],[-4.2606099,55.798327],[-4.2606053,55.7983216],[-4.2604907,55.7981971],[-4.2603933,55.798087],[-4.2603466,55.7980231],[-4.2603191,55.7979895],[-4.2603159,55.7979752],[-4.2603178,55.7979536],[-4.2603182,55.7979324],[-4.2603204,55.7979158],[-4.2603222,55.797905],[-4.2603283,55.7978864],[-4.2603311,55.7978805],[-4.2603444,55.7978559],[-4.2603448,55.7978538],[-4.2603475,55.7978506],[-4.2603667,55.7978197],[-4.2603837,55.7977964],[-4.2604127,55.7977599],[-4.2604464,55.7977225],[-4.2604517,55.7977174],[-4.2604735,55.7976955],[-4.2605014,55.7976695],[-4.2605015,55.7976693],[-4.2605018,55.7976692],[-4.2606331,55.7975866],[-4.2607196,55.7975359],[-4.2607551,55.7975155],[-4.2608083,55.797483],[-4.2608513,55.7974495],[-4.2608548,55.7974467],[-4.2608997,55.7974095],[-4.2610806,55.7973053],[-4.2610827,55.7973041],[-4.2611568,55.7972623],[-4.2612215,55.7972215],[-4.2612414,55.7972077],[-4.261299,55.7971693],[-4.2613114,55.7971602],[-4.2613159,55.7971574],[-4.2613229,55.7971505],[-4.2613462,55.7971294],[-4.2613795,55.7970995],[-4.2613871,55.7970918],[-4.2614206,55.7970651],[-4.261457,55.7970321],[-4.2615475,55.7969423],[-4.2616676,55.7968264],[-4.2617897,55.7967033],[-4.2619051,55.7965879],[-4.2620131,55.7964749],[-4.2620151,55.7964728],[-4.2620194,55.7964686],[-4.2620269,55.7964604],[-4.2620314,55.7964557],[-4.2621488,55.7963345],[-4.2622706,55.7962055],[-4.2623775,55.7960813],[-4.2624887,55.7959359],[-4.2625211,55.795889],[-4.262532,55.7958713],[-4.2625409,55.795859],[-4.2625564,55.7958385],[-4.2625585,55.795834],[-4.2625656,55.7958176],[-4.2625701,55.7958001],[-4.2625877,55.7957036],[-4.2626127,55.7955714],[-4.26262,55.7954909],[-4.2626256,55.7954432],[-4.262628,55.7954224],[-4.2626279,55.7954211],[-4.262623,55.7953636],[-4.2626143,55.7952825],[-4.2626027,55.7952067],[-4.2625849,55.7950642],[-4.2625791,55.7949227],[-4.2625752,55.794774],[-4.2625732,55.7947673],[-4.2625457,55.7946766],[-4.2625503,55.7946565],[-4.2625703,55.7945512],[-4.2625982,55.7944411],[-4.2626136,55.7944035],[-4.2626657,55.7942852],[-4.2627207,55.7941728],[-4.2627305,55.794151],[-4.2628519,55.793937],[-4.2628845,55.7938768],[-4.2628997,55.7938495],[-4.2629306,55.7937982],[-4.262936,55.7937886],[-4.2629379,55.7937865],[-4.2629641,55.793749],[-4.2630034,55.7936984],[-4.2630383,55.7936542],[-4.2630772,55.793609],[-4.2630885,55.793598],[-4.2631172,55.7935701],[-4.2631491,55.793543],[-4.2631721,55.7935264],[-4.2632005,55.7935079],[-4.2632314,55.7934907],[-4.263264,55.7934743],[-4.2632858,55.7934649],[-4.2633248,55.7934503],[-4.2633656,55.7934379],[-4.2634072,55.7934268],[-4.2634319,55.7934208],[-4.2634347,55.79342],[-4.263443,55.7934184],[-4.2636018,55.7933854],[-4.263884,55.7933276],[-4.2641381,55.7932794],[-4.2644214,55.7932265],[-4.2646408,55.7931874],[-4.2648587,55.7931488],[-4.2650503,55.7931516],[-4.2653737,55.7931568],[-4.2656882,55.7931609],[-4.2660418,55.7931643],[-4.2663261,55.7931721],[-4.2664548,55.7931756],[-4.2665826,55.7931786],[-4.2666393,55.7931793],[-4.2666711,55.7931783],[-4.2666978,55.7931778],[-4.266711,55.7931776],[-4.2667586,55.7931731],[-4.2668069,55.7931686],[-4.2668513,55.7931624],[-4.2669051,55.7931556],[-4.266971,55.7931499],[-4.2670345,55.7931451],[-4.267102,55.7931403],[-4.2671378,55.7931373],[-4.2672116,55.7931319],[-4.2672856,55.7931256],[-4.2673045,55.7931239],[-4.2673529,55.7931194],[-4.2673735,55.7931168],[-4.2673869,55.7931143],[-4.2673908,55.7931134],[-4.2674049,55.793109],[-4.2674315,55.7931],[-4.2674387,55.7930976],[-4.2674441,55.7930962],[-4.267447,55.7930944],[-4.267479,55.7930803],[-4.2675139,55.7930634],[-4.267517,55.793062],[-4.2675433,55.7930472],[-4.2675726,55.7930296],[-4.2676493,55.7929769],[-4.2677124,55.792933],[-4.2677245,55.7929257],[-4.2677319,55.7929192],[-4.2677627,55.7928966],[-4.2678038,55.7928635],[-4.2678213,55.7928479],[-4.2678439,55.7928259],[-4.2678521,55.7928154],[-4.267855,55.7928109],[-4.2678658,55.7927909],[-4.2678708,55.79278],[-4.2678756,55.7927674],[-4.2678893,55.7927141],[-4.2678949,55.792687],[-4.2678959,55.792678],[-4.2679025,55.7926123],[-4.2679045,55.7925981],[-4.2679115,55.7925488],[-4.2679185,55.7925041],[-4.2679255,55.7924726],[-4.2679346,55.7924378],[-4.2679364,55.7924283],[-4.2679407,55.7923923],[-4.2679461,55.7923607],[-4.2679518,55.7923355],[-4.2679603,55.792303],[-4.2679935,55.7921891],[-4.2680039,55.7921624],[-4.268008,55.792153],[-4.2680161,55.7921183],[-4.2680165,55.7921042],[-4.2680181,55.7920907],[-4.2680193,55.7920839],[-4.2680241,55.7920699],[-4.2680316,55.7920482],[-4.2680445,55.7920237],[-4.2681024,55.791922],[-4.2681094,55.7919111],[-4.2681624,55.7918287],[-4.2682019,55.7917664],[-4.2682134,55.791746],[-4.2682283,55.7917143],[-4.2682496,55.791668],[-4.2682602,55.7916445],[-4.2682607,55.7916404],[-4.2682604,55.7916346],[-4.2682562,55.7916302],[-4.2682528,55.7916271],[-4.2682409,55.7916143],[-4.2681379,55.7915164],[-4.2681133,55.7914917],[-4.2681023,55.7914807],[-4.2680846,55.7914639],[-4.2680732,55.7914545],[-4.2680695,55.7914507],[-4.2680651,55.791448],[-4.2680403,55.7914292],[-4.2680212,55.7914161],[-4.2679715,55.7913842],[-4.2679204,55.7913568],[-4.2678684,55.7913272],[-4.267853,55.7913184],[-4.2678387,55.7913103],[-4.2678239,55.7913016],[-4.2677975,55.7912863],[-4.2677568,55.7912596],[-4.2677567,55.7912596],[-4.2677194,55.7912329],[-4.2676693,55.7911952],[-4.2676051,55.7911461],[-4.267548,55.7910981],[-4.2674886,55.7910502],[-4.2674661,55.7910327],[-4.2674376,55.7910094],[-4.2674022,55.7909759],[-4.2673564,55.7909291],[-4.2673241,55.7908951],[-4.2673068,55.7908721],[-4.2673025,55.7908667],[-4.267284,55.7908374],[-4.2672717,55.7908158],[-4.2672663,55.7908063],[-4.2672619,55.7907996],[-4.2672516,55.7907863],[-4.2672464,55.7907801],[-4.2672295,55.7907629],[-4.267193,55.7907241],[-4.2671835,55.7907139],[-4.2671769,55.790708],[-4.2671661,55.7906994],[-4.2671576,55.7906933],[-4.267151,55.7906889],[-4.2671137,55.7906644],[-4.2670763,55.790639],[-4.2670459,55.7906104],[-4.2670225,55.7905915],[-4.2670158,55.7905862],[-4.2669881,55.7905625],[-4.2669856,55.7905603],[-4.2669662,55.7905418],[-4.2669567,55.7905298],[-4.2669549,55.7905271],[-4.266947,55.7905138],[-4.266945,55.7905094],[-4.2669442,55.7905076],[-4.266936,55.7904902],[-4.2669343,55.790488],[-4.2669036,55.79044],[-4.2668906,55.7904218],[-4.2668794,55.7904081],[-4.2668672,55.7903903],[-4.2668552,55.7903753],[-4.2668521,55.7903721],[-4.2668382,55.7903576],[-4.2668202,55.7903364],[-4.2668047,55.7903156],[-4.2667907,55.7902956],[-4.2667837,55.7902849],[-4.266742,55.790212],[-4.2667271,55.7901885],[-4.2667253,55.7901849],[-4.2666889,55.7901074],[-4.2666813,55.7900868],[-4.2666717,55.7900592],[-4.2666609,55.7900239],[-4.2666296,55.7899247],[-4.2666199,55.7898943],[-4.2666123,55.7898733],[-4.266612,55.7898728],[-4.2665737,55.7897999],[-4.2665363,55.7897318],[-4.2665132,55.7896922],[-4.2664847,55.7896406],[-4.2664448,55.7895722],[-4.2664184,55.7895295],[-4.2663863,55.7894852],[-4.2663476,55.7894356],[-4.2663186,55.7894033],[-4.2663067,55.7893914],[-4.2662659,55.7893476],[-4.26623,55.7893056],[-4.2661525,55.7892221],[-4.2660991,55.7891678],[-4.2660618,55.7891299],[-4.2659611,55.7890297],[-4.265866,55.7889299],[-4.2657874,55.7888406],[-4.2657122,55.7887539],[-4.2656755,55.7887119],[-4.2656363,55.7886686],[-4.2655977,55.788636],[-4.2655333,55.7885851],[-4.2655149,55.7885697],[-4.2654376,55.7885033],[-4.2653482,55.7884195],[-4.2653389,55.7884107],[-4.2652785,55.7883502],[-4.2652746,55.7883463],[-4.2652619,55.7883305],[-4.2651793,55.7882245],[-4.2651539,55.7881912],[-4.2650926,55.7881101],[-4.2650382,55.7880392],[-4.265001,55.7879882],[-4.2649993,55.787986],[-4.264971,55.7879524],[-4.2649514,55.7879312],[-4.2648923,55.7878752],[-4.2648138,55.7877993],[-4.2647734,55.7877637],[-4.2647583,55.78775],[-4.2647306,55.7877272],[-4.2646821,55.7876901],[-4.2646605,55.7876736],[-4.2646505,55.7876653],[-4.2646419,55.7876551],[-4.2646375,55.7876485],[-4.2646348,55.7876436],[-4.2646285,55.7876297],[-4.2646245,55.7876172],[-4.2646232,55.7875934],[-4.2646243,55.7875849],[-4.2646245,55.787575],[-4.2646268,55.7875601],[-4.2646318,55.7875497],[-4.2646325,55.7875483],[-4.2646469,55.787533],[-4.2647318,55.787445],[-4.2648322,55.7873904],[-4.2649901,55.7873003],[-4.2650534,55.7872494],[-4.2650568,55.7872467],[-4.2650282,55.7872202],[-4.2649958,55.7871853],[-4.264989,55.7871769],[-4.264984,55.787169],[-4.2649832,55.7871677],[-4.264983,55.7871675],[-4.264974,55.7871532],[-4.2649547,55.7871217],[-4.2649414,55.7870991],[-4.2649342,55.7870858],[-4.2649222,55.7870577],[-4.2649103,55.78703],[-4.2649012,55.7870113],[-4.2648994,55.7870078],[-4.2648862,55.7869869],[-4.2648767,55.7869745],[-4.2648716,55.7869678],[-4.2648572,55.7869533],[-4.2648447,55.7869425],[-4.2648437,55.7869409],[-4.2648362,55.7869369],[-4.2647941,55.7869113],[-4.2647718,55.7868987],[-4.2647117,55.7868652],[-4.2645973,55.7868048],[-4.2644698,55.786738],[-4.2643662,55.7866832],[-4.2643349,55.7866672],[-4.2643193,55.7866594],[-4.2643011,55.786649],[-4.2642805,55.7866367],[-4.2642458,55.7866149],[-4.2641283,55.7865429],[-4.2640095,55.7864732],[-4.2639087,55.7864135],[-4.2638971,55.786407],[-4.2638711,55.7863926],[-4.2638617,55.7863874],[-4.2638527,55.786381],[-4.2638176,55.7863563],[-4.2637411,55.7863016],[-4.2636533,55.7862448],[-4.2635572,55.7861836],[-4.2634676,55.7861237],[-4.2634313,55.7861019],[-4.2634255,55.7860984],[-4.263398,55.7860791],[-4.2633347,55.7860327],[-4.2633306,55.7860301],[-4.2633174,55.7860231],[-4.26331,55.7860196],[-4.2632903,55.7860092],[-4.2632813,55.7860049],[-4.2632747,55.7860019],[-4.263256,55.785995],[-4.2632381,55.78599],[-4.2632099,55.7859851],[-4.2631906,55.7859823],[-4.2631794,55.7859812],[-4.2631401,55.7859774],[-4.2631394,55.7859773],[-4.2630721,55.7859752],[-4.2629861,55.7859753],[-4.2628783,55.7859741],[-4.2627784,55.7859697],[-4.2627473,55.7859698],[-4.2627449,55.7859698],[-4.2627225,55.7859676],[-4.2627096,55.785966],[-4.2626911,55.7859632],[-4.2626372,55.7859438],[-4.2626031,55.7859316],[-4.2625563,55.7859214],[-4.2624235,55.7858926],[-4.2624174,55.7858914],[-4.262302,55.7858674],[-4.2622228,55.7858505],[-4.2621413,55.7858331],[-4.2620572,55.7858135],[-4.26199,55.7857972],[-4.2619074,55.785774],[-4.2618295,55.7857521],[-4.2617833,55.785739],[-4.2617647,55.785734],[-4.2617566,55.7857319],[-4.2617331,55.7857265],[-4.2616469,55.7857101],[-4.2616284,55.7857073],[-4.2616243,55.7857069],[-4.261581,55.7857023],[-4.2615559,55.7857003],[-4.2615546,55.7857001],[-4.2615539,55.7857001],[-4.2615538,55.7857001],[-4.2615386,55.7856999],[-4.2615067,55.7856996],[-4.2614884,55.7857],[-4.261455,55.7857028],[-4.2614329,55.7857055],[-4.2614054,55.7857097],[-4.2613988,55.7857101],[-4.2613935,55.7857116],[-4.2613783,55.7857141],[-4.261354,55.7857204],[-4.2613281,55.7857276],[-4.2613124,55.7857324],[-4.261291,55.78574],[-4.2612843,55.7857419],[-4.2612817,55.7857435],[-4.2612617,55.7857522],[-4.2612416,55.7857625],[-4.2612162,55.7857796],[-4.2611979,55.7857938],[-4.2611872,55.7858021],[-4.2611841,55.785804],[-4.2611818,55.7858066],[-4.261166,55.7858205],[-4.2611622,55.7858246],[-4.261145,55.7858438],[-4.2611361,55.7858552],[-4.2611334,55.7858591],[-4.2611302,55.7858625],[-4.2611292,55.7858653],[-4.26112,55.7858798],[-4.2611017,55.7859131],[-4.2611053,55.7860866],[-4.2611153,55.7861547],[-4.2611168,55.7861647],[-4.2611175,55.7861702],[-4.2611184,55.7861748],[-4.2611264,55.7861969],[-4.2611376,55.7862255],[-4.2611424,55.7862398],[-4.2611467,55.7862576],[-4.2611474,55.7862707],[-4.2611474,55.7862846],[-4.2611445,55.7863035],[-4.2611414,55.786318],[-4.2611336,55.7863352],[-4.2611242,55.7863524],[-4.2611134,55.7863724],[-4.2611001,55.7863906],[-4.261098,55.7863936],[-4.2610958,55.7863979],[-4.2610922,55.7864007],[-4.2610762,55.7864171],[-4.2610648,55.7864277],[-4.2610625,55.7864295],[-4.2610435,55.7864451],[-4.2610313,55.7864544],[-4.261022,55.7864604],[-4.2610051,55.7864701],[-4.2610047,55.7864703],[-4.2610043,55.7864706],[-4.2610037,55.7864707],[-4.2609903,55.7864771],[-4.2609762,55.7864814],[-4.260955,55.7864868],[-4.2609384,55.7864902],[-4.2609305,55.7864917],[-4.2609092,55.7864948],[-4.2609035,55.7864941],[-4.2608589,55.7864882],[-4.2608384,55.7864721],[-4.2608082,55.7864296],[-4.2607674,55.7863584],[-4.2606882,55.7862397],[-4.2606285,55.7862276],[-4.2605468,55.7862201],[-4.2604694,55.7862328],[-4.2602927,55.7863021],[-4.2602793,55.7863037],[-4.2602651,55.7863067],[-4.2602321,55.7863158],[-4.2602227,55.7863187],[-4.2601874,55.7863292],[-4.2601812,55.7863316],[-4.2601617,55.7863396],[-4.2601454,55.7863475],[-4.2601147,55.7863674],[-4.2600731,55.7863938],[-4.2600624,55.7864016],[-4.2600528,55.7864111],[-4.2600518,55.7864117],[-4.2600514,55.7864126],[-4.2600466,55.7864181],[-4.2600377,55.7864299],[-4.260029,55.7864445],[-4.2600218,55.7864576],[-4.2600176,55.7864681],[-4.2600158,55.7864784],[-4.2600165,55.7864892],[-4.2600158,55.7865028],[-4.2600157,55.786504],[-4.2600153,55.7865108],[-4.260012,55.786523],[-4.2600053,55.7865312],[-4.259997,55.7865385],[-4.2599832,55.7865491],[-4.2599724,55.7865556],[-4.2598968,55.7865997],[-4.2598603,55.7866224],[-4.2597009,55.7867231],[-4.2597006,55.7867233],[-4.2596794,55.7867426],[-4.2596606,55.7867627],[-4.2596592,55.7867658],[-4.2596518,55.7867759],[-4.2596436,55.7867846],[-4.2596193,55.7868052],[-4.2595652,55.7868494],[-4.2594686,55.7869311],[-4.2593749,55.787007],[-4.2593543,55.7870227],[-4.2593397,55.7870324],[-4.2593211,55.7870421],[-4.2592862,55.787059],[-4.2592621,55.7870688],[-4.2592491,55.7870735],[-4.2592449,55.787075],[-4.2592255,55.7870807],[-4.2592253,55.7870807],[-4.2590958,55.787116],[-4.2590855,55.7871188],[-4.2590502,55.7871285],[-4.2590499,55.7871285],[-4.2589328,55.7871486],[-4.2589294,55.7871491],[-4.2589024,55.7871518],[-4.2588818,55.7871545],[-4.2587917,55.7871407],[-4.2586234,55.7870723],[-4.2585457,55.7870408],[-4.2583273,55.7869811],[-4.258302,55.7869637],[-4.258296,55.7869383],[-4.2582939,55.7869354],[-4.2582905,55.7869272],[-4.258287,55.7869223],[-4.258274,55.786905],[-4.2582508,55.7868749],[-4.2582482,55.7868722],[-4.2582381,55.786863],[-4.2582281,55.7868546],[-4.2582181,55.7868481],[-4.2581866,55.7868275],[-4.2581627,55.7868145],[-4.2581439,55.7868054],[-4.2581324,55.7868007],[-4.2581086,55.7867894],[-4.2580881,55.786779],[-4.2580597,55.786771],[-4.2580565,55.786771],[-4.2579943,55.7867574],[-4.2579733,55.7867528],[-4.2579307,55.7867459],[-4.2579152,55.7867445],[-4.2579066,55.7867437],[-4.257824,55.7867353],[-4.2577495,55.7867295],[-4.2577165,55.7867252],[-4.2576836,55.7867213],[-4.2576587,55.7867177],[-4.2576104,55.7867105],[-4.2575822,55.7867052],[-4.2575574,55.7867014],[-4.2575348,55.7866986],[-4.257497,55.7866946],[-4.2574801,55.786692],[-4.2574471,55.7866881],[-4.2574456,55.7866879],[-4.2574438,55.7866877],[-4.2574336,55.7866863],[-4.2574327,55.7866863],[-4.2572448,55.7866916],[-4.257203,55.7866991],[-4.2571887,55.7867011],[-4.2570699,55.7867212],[-4.2570609,55.7867233],[-4.2570472,55.7867268],[-4.2569874,55.7867453],[-4.2569458,55.78676],[-4.256898,55.7867757],[-4.2568496,55.7867932],[-4.2567972,55.7868108],[-4.2567517,55.7868242],[-4.2566961,55.7868423],[-4.2566389,55.7868591],[-4.2566043,55.7868683],[-4.2565588,55.7868817],[-4.2565125,55.7868942],[-4.2564686,55.7869081],[-4.2564129,55.7869239],[-4.2563667,55.7869382],[-4.2563558,55.786942],[-4.2563232,55.7869584],[-4.2562992,55.7869714],[-4.2562938,55.7869742],[-4.2562907,55.7869756],[-4.2562845,55.7869779],[-4.2562375,55.7869936],[-4.2561897,55.7870089],[-4.2561407,55.7870261],[-4.2561342,55.7870283],[-4.2561077,55.7870383],[-4.2561031,55.7870395],[-4.2561006,55.7870402],[-4.2560904,55.7870426],[-4.256073,55.7870456],[-4.2560612,55.7870472],[-4.256039,55.7870494],[-4.2560028,55.787055],[-4.2560026,55.787055],[-4.2559979,55.7870569],[-4.255944,55.7870754],[-4.2559032,55.787087],[-4.2558295,55.7871094],[-4.2557896,55.7871223],[-4.2557386,55.7871381],[-4.2556978,55.7871496],[-4.2556868,55.7871516],[-4.25566,55.7871579],[-4.2556466,55.78716],[-4.2556418,55.7871605],[-4.2556268,55.7871617],[-4.2556061,55.787163],[-4.2555878,55.7871637],[-4.2555726,55.7871631],[-4.2555358,55.7871611],[-4.2555142,55.7871593],[-4.2554821,55.7871571],[-4.2554485,55.7871551],[-4.255414,55.7871512],[-4.2553659,55.7871462],[-4.2553257,55.7871411],[-4.2552887,55.7871355],[-4.2552493,55.7871309],[-4.2552172,55.7871274],[-4.2551948,55.7871247],[-4.2551675,55.7871216],[-4.2551441,55.787118],[-4.2551256,55.7871143],[-4.255095,55.787109],[-4.2550724,55.7871045],[-4.2550474,55.7870995],[-4.2550327,55.7870948],[-4.2550274,55.7870927],[-4.2550271,55.7870927],[-4.2550266,55.7870924],[-4.2550262,55.7870923],[-4.2550147,55.7870871],[-4.2550123,55.7870862],[-4.2550026,55.7870833],[-4.2549919,55.7870785],[-4.2549474,55.7870537],[-4.2549351,55.7870472],[-4.2549251,55.7870411],[-4.2549168,55.7870345],[-4.2549151,55.7870332],[-4.2549003,55.7870258],[-4.2548978,55.7870241],[-4.2548703,55.787003],[-4.2548527,55.7869889],[-4.2548286,55.786971],[-4.2548069,55.7869552],[-4.2547902,55.786942],[-4.2547585,55.7869183],[-4.254739,55.7869035],[-4.2547288,55.7868957],[-4.2546993,55.7868722],[-4.2546833,55.7868586],[-4.2546683,55.7868467],[-4.2546558,55.7868384],[-4.2546451,55.7868314],[-4.2546336,55.7868262],[-4.254632,55.7868254],[-4.2546149,55.7868194],[-4.2545969,55.7868121],[-4.2545928,55.7868099],[-4.2545788,55.7868034],[-4.2545748,55.7868017],[-4.2545259,55.7867842],[-4.2544827,55.7867675],[-4.2544591,55.7867607],[-4.2544372,55.7867544],[-4.2544218,55.7867497],[-4.2544065,55.7867464],[-4.2544039,55.7867463],[-4.2542538,55.7867402],[-4.2542379,55.7867409],[-4.2542052,55.7867415],[-4.2541638,55.7867418],[-4.2541543,55.7867429],[-4.2541229,55.7867463],[-4.2541146,55.7867472],[-4.2540686,55.7867512],[-4.2540456,55.786753],[-4.2540281,55.7867547],[-4.2540067,55.7867555],[-4.2539819,55.7867551],[-4.2539412,55.7867549],[-4.2539409,55.7867549],[-4.2539405,55.7867549],[-4.2539398,55.7867549],[-4.253914,55.7867536],[-4.2538868,55.7867514],[-4.2538644,55.78675],[-4.2538339,55.7867466],[-4.2537705,55.786741],[-4.2537369,55.7867384],[-4.2537096,55.7867353],[-4.2536751,55.7867319],[-4.2535925,55.7867231],[-4.2535499,55.7867176],[-4.2535161,55.7867133],[-4.2534656,55.7867075],[-4.2534334,55.7867027],[-4.2534149,55.7867003],[-4.2533643,55.786694],[-4.2533279,55.786689],[-4.2533273,55.7866889],[-4.2533269,55.7866889],[-4.2532493,55.7866858],[-4.253245,55.7866855],[-4.2531978,55.7866827],[-4.2531513,55.78668],[-4.2530681,55.7866748],[-4.2530049,55.7866705],[-4.2529641,55.786669],[-4.2529074,55.7866678],[-4.2528628,55.7866686],[-4.2528436,55.7866685],[-4.2528124,55.7866664],[-4.2527485,55.7866649],[-4.252699,55.7866636],[-4.2526812,55.786663],[-4.252651,55.7866618],[-4.2526464,55.7866622],[-4.2526216,55.7866623],[-4.2525849,55.7866629],[-4.2525658,55.7866637],[-4.2525523,55.7866649],[-4.2525468,55.7866654],[-4.2525341,55.7866666],[-4.2525222,55.7866681],[-4.2525048,55.7866698],[-4.2524993,55.7866713],[-4.2524961,55.7866722],[-4.2524828,55.7866756],[-4.2524669,55.7866777],[-4.2524567,55.7866792],[-4.2524233,55.7866835],[-4.2524076,55.7866855],[-4.2523728,55.7866902],[-4.2523166,55.7866975],[-4.2522912,55.7867002],[-4.2522467,55.7867033],[-4.2521943,55.7867074],[-4.2521514,55.78671],[-4.2521086,55.7867148],[-4.2520697,55.7867173],[-4.2520523,55.7867194],[-4.2520427,55.7867199],[-4.252034,55.7867207],[-4.2520301,55.7867203],[-4.2520228,55.7867204],[-4.2520044,55.7867199],[-4.2519155,55.7867134],[-4.2518988,55.7867133],[-4.2518306,55.7867069],[-4.251796,55.7867003],[-4.2517437,55.7866936],[-4.2517051,55.7866885],[-4.2516714,55.7866846],[-4.2516626,55.786683],[-4.2516254,55.7866742],[-4.2515987,55.786668],[-4.2515792,55.7866625],[-4.2515655,55.7866587],[-4.2515508,55.7866531],[-4.2515372,55.7866472],[-4.2515368,55.7866471],[-4.2515141,55.7866327],[-4.2515038,55.786627],[-4.2514674,55.7866043],[-4.2514409,55.7865864],[-4.2514202,55.7865733],[-4.2513952,55.7865558],[-4.2513761,55.7865422],[-4.2513642,55.7865298],[-4.2513473,55.7865131],[-4.2513311,55.7864945],[-4.2513082,55.7864711],[-4.2512826,55.7864424],[-4.2512538,55.7864128],[-4.2512505,55.7864087],[-4.251234,55.7863884],[-4.2512197,55.7863748],[-4.2511796,55.78634],[-4.2511422,55.7863039],[-4.2511394,55.7863022],[-4.2511281,55.7862933],[-4.2511223,55.7862894],[-4.2511107,55.7862819],[-4.2510818,55.7862658],[-4.2510498,55.7862489],[-4.2510308,55.7862385],[-4.2510168,55.7862311],[-4.2510038,55.7862273],[-4.2509851,55.7862195],[-4.2509557,55.7862088],[-4.2509387,55.7862042],[-4.2509298,55.7862021],[-4.2509081,55.7861989],[-4.2508887,55.7861952],[-4.2508885,55.7861952],[-4.2508424,55.7861947],[-4.2508417,55.7861947],[-4.2507906,55.7861948],[-4.2507301,55.7861959],[-4.2506974,55.7861956],[-4.2506726,55.7861942],[-4.2506438,55.7861925],[-4.2506212,55.786188],[-4.2505477,55.7861763],[-4.2505012,55.7861642],[-4.2504298,55.786141],[-4.2503859,55.7861217],[-4.2503428,55.7860948],[-4.2503137,55.7860709],[-4.2502781,55.7860329],[-4.2502653,55.7860192],[-4.2502551,55.7860082],[-4.2502489,55.7860006],[-4.250238,55.7859874],[-4.2502312,55.7859803],[-4.2502308,55.7859785],[-4.2502386,55.785937],[-4.2502404,55.785933],[-4.2502437,55.7859217],[-4.2502456,55.7859127],[-4.250245,55.7859023],[-4.2502414,55.7858943],[-4.2502352,55.785885],[-4.2502275,55.7858748],[-4.250219,55.7858655],[-4.2502089,55.7858567],[-4.2501972,55.7858484],[-4.250186,55.7858401],[-4.2501855,55.7858396],[-4.2501852,55.7858395],[-4.2501848,55.7858392],[-4.2501667,55.7858296],[-4.2501503,55.7858218],[-4.2501348,55.7858163],[-4.2501185,55.7858107],[-4.2501039,55.7858056],[-4.2500877,55.7858019],[-4.2500764,55.7857994],[-4.2499803,55.7857671],[-4.249895,55.7857384],[-4.2497542,55.7856893],[-4.2496765,55.7856597],[-4.2496417,55.7856465],[-4.249544,55.7856123],[-4.2495331,55.785609],[-4.2495327,55.7856089],[-4.2495147,55.785602],[-4.2494999,55.7855942],[-4.2494982,55.7855916],[-4.2494865,55.7855819],[-4.2494778,55.7855704],[-4.2494758,55.7855632],[-4.2494768,55.7855533],[-4.249481,55.7855424],[-4.2494823,55.7855379],[-4.2494895,55.7855243],[-4.249529,55.7854903],[-4.2495757,55.7854673],[-4.249715,55.7853953],[-4.2499539,55.7852794],[-4.2499709,55.785272],[-4.2500441,55.78524],[-4.2500851,55.7852173],[-4.2501075,55.7852052],[-4.2501307,55.7851931],[-4.2501463,55.7851856],[-4.2501594,55.7851789],[-4.2501618,55.7851777],[-4.2501942,55.7851648],[-4.2503103,55.785126],[-4.2503368,55.7851156],[-4.2503867,55.7850954],[-4.2504699,55.7850588],[-4.2505197,55.7850367],[-4.2505793,55.785006],[-4.2506141,55.7849874],[-4.2506327,55.7849772],[-4.2506411,55.7849721],[-4.250648,55.784967],[-4.2506603,55.7849591],[-4.2506718,55.7849513],[-4.2507339,55.784907],[-4.2507391,55.7849011],[-4.250746,55.7848955],[-4.2507545,55.78489]]]}},{"type":"Feature","properties":{"layer":"admin","location_id":"GB-aberdeen","admin_name":"City Centre","admin_level":10,"color":"#dc2626"},"geometry":{"type":"Polygon","coordinates":[[[-2.113612,57.1438338],[-2.1136482,57.1428698],[-2.1135805,57.142869],[-2.1135803,57.1428716],[-2.1117571,57.1428566],[-2.1118401,57.1427534],[-2.1118561,57.1427335],[-2.1120431,57.1425009],[-2.1120711,57.1424668],[-2.112099,57.1424325],[-2.1123057,57.14218],[-2.1124637,57.141987],[-2.1125356,57.141899],[-2.1125681,57.1418595],[-2.1126585,57.1417491],[-2.1126991,57.1416994],[-2.11271,57.1416861],[-2.1127126,57.1416828],[-2.1127253,57.1416673],[-2.1127256,57.141667],[-2.1127258,57.1416668],[-2.1127355,57.1416549],[-2.1127541,57.1416322],[-2.113103,57.141227],[-2.1131901,57.1411107],[-2.1132189,57.1410526],[-2.1132934,57.1408629],[-2.1133168,57.1407941],[-2.1134986,57.1403061],[-2.1135159,57.1402531],[-2.1135387,57.1401838],[-2.1107477,57.1400193],[-2.1104983,57.140012],[-2.1103186,57.1400208],[-2.1100128,57.1400513],[-2.1078958,57.1403268],[-2.1057829,57.140565],[-2.1057481,57.140549],[-2.1010864,57.1409842],[-2.1008665,57.1410628],[-2.0991096,57.1412316],[-2.0987903,57.1412427],[-2.097681,57.1413059],[-2.0968548,57.1413528],[-2.0962406,57.1413896],[-2.0953349,57.1417297],[-2.0952265,57.1417677],[-2.0938471,57.1422507],[-2.0924272,57.142755],[-2.0956901,57.1454325],[-2.094501,57.1458677],[-2.0942632,57.1460081],[-2.0939665,57.1464004],[-2.0938002,57.1465692],[-2.0936124,57.1466856],[-2.0933066,57.1468195],[-2.0925771,57.1470901],[-2.0936247,57.1479823],[-2.0933656,57.1480538],[-2.0933733,57.1483124],[-2.0936063,57.1492038],[-2.093723,57.1498892],[-2.0941779,57.1499616],[-2.0944592,57.1500241],[-2.0948055,57.1501217],[-2.0954983,57.1503388],[-2.0957436,57.1504365],[-2.0960829,57.150593],[-2.0963502,57.1507966],[-2.0965093,57.1509767],[-2.0965232,57.1510027],[-2.0984525,57.1505544],[-2.0983387,57.1504093],[-2.0988698,57.1502435],[-2.0991648,57.1502173],[-2.0994357,57.150242],[-2.0998622,57.1503453],[-2.1000661,57.1497299],[-2.1001814,57.1495989],[-2.1006213,57.1494185],[-2.1014206,57.1491915],[-2.1016,57.1491681],[-2.1016325,57.1491639],[-2.1019034,57.1495771],[-2.102295,57.1495058],[-2.1030728,57.1497881],[-2.1036227,57.1496877],[-2.1046326,57.1494991],[-2.1046387,57.1494997],[-2.1046417,57.1494998],[-2.1049387,57.1495227],[-2.105131,57.1494798],[-2.1052555,57.149371],[-2.1048227,57.1490445],[-2.1046736,57.1489142],[-2.1046852,57.1487625],[-2.1047996,57.1486406],[-2.1050998,57.1485095],[-2.1054276,57.1484201],[-2.1056132,57.1483487],[-2.1056949,57.1482714],[-2.1059897,57.1481285],[-2.106783,57.147952],[-2.106797,57.147949],[-2.1074509,57.1478034],[-2.1088144,57.1474882],[-2.1106601,57.1471071],[-2.1117383,57.1468128],[-2.1123243,57.1465868],[-2.1124947,57.146524],[-2.1125128,57.1465174],[-2.1130029,57.146337],[-2.1130675,57.1463131],[-2.1130774,57.1463092],[-2.113325,57.146213],[-2.1152749,57.1455767],[-2.1158777,57.1454206],[-2.1164012,57.1452936],[-2.1164417,57.1452838],[-2.1170574,57.1451343],[-2.1171392,57.1451143],[-2.1171382,57.145113],[-2.1171312,57.1451043],[-2.1167924,57.1447796],[-2.1163682,57.1443661],[-2.1162472,57.1442394],[-2.1161183,57.1441496],[-2.1159292,57.1440785],[-2.1157298,57.1440359],[-2.1155175,57.144009],[-2.1151631,57.1439637],[-2.1146435,57.1439028],[-2.1143103,57.1438689],[-2.1139981,57.1438663],[-2.1136104,57.143877],[-2.113612,57.1438338]]]}},{"type":"Feature","properties":{"layer":"city","location_id":"IN-delhi","city_name":"New Delhi","order":0,"color":"#2563eb"},"geometry":{"type":"Polygon","coordinates":[[[77.2087735,28.6389024],[77.207271,28.6397705],[77.2054097,28.640846],[77.2048431,28.6401589],[77.2025166,28.6414665],[77.2025882,28.6402643],[77.2024633,28.640133],[77.2023069,28.6397332],[77.2024943,28.6396121],[77.2015209,28.637804],[77.2006968,28.6380931],[77.1978049,28.6339918],[77.1969783,28.6326486],[77.1982806,28.6318712],[77.1968254,28.6298443],[77.1974101,28.6295179],[77.1956405,28.6271512],[77.1956299,28.6270077],[77.1957143,28.6268411],[77.1982992,28.6253243],[77.2001006,28.6278195],[77.2027683,28.6263085],[77.2031585,28.6255912],[77.2056997,28.6267759],[77.205784,28.6269795],[77.2057155,28.6272109],[77.2055732,28.6273451],[77.204466,28.6281133],[77.2048561,28.6327363],[77.2053232,28.6327767],[77.2053177,28.6344267],[77.2059162,28.6343924],[77.2060313,28.6343858],[77.2083494,28.634253],[77.2088576,28.6339462],[77.2085153,28.6335157],[77.2085801,28.6335138],[77.2086517,28.6335117],[77.2090669,28.6334994],[77.2091451,28.6334966],[77.2091172,28.6323658],[77.208813,28.632415],[77.2084843,28.6300085],[77.2099489,28.6299244],[77.2098991,28.6294356],[77.2097543,28.6293749],[77.2083885,28.6288121],[77.2087734,28.6280856],[77.2117628,28.62946],[77.2115202,28.6298718],[77.2139771,28.6308853],[77.2132759,28.6319357],[77.2126591,28.6327918],[77.2127065,28.633324],[77.2163254,28.6331372],[77.2167803,28.6342759],[77.2087735,28.6389024]]]}},{"type":"Feature","properties":{"layer":"city","location_id":"IN-mumbai","city_name":"Mumbai","order":0,"color":"#2563eb"},"geometry":{"type":"Polygon","coordinates":[[[72.8673767,19.0523739],[72.8674308,19.0524505],[72.8675257,19.052585],[72.8676204,19.0525366],[72.8676205,19.0525366],[72.8676451,19.0525244],[72.8676836,19.0525047],[72.8676897,19.0525013],[72.8676898,19.0525012],[72.8677217,19.0524839],[72.8677406,19.0524741],[72.8678317,19.0524283],[72.8678716,19.0524089],[72.8679958,19.0523663],[72.8681739,19.0522134],[72.8682877,19.0520719],[72.8684046,19.0518536],[72.8685355,19.0516883],[72.8688797,19.0516823],[72.8688956,19.0513873],[72.8689618,19.051385],[72.8691069,19.0513966],[72.8691401,19.0513841],[72.8691735,19.0513716],[72.8693069,19.0513216],[72.869439,19.0513142],[72.8695696,19.0513069],[72.8695925,19.051306],[72.8697623,19.0512998],[72.8699154,19.0513029],[72.8700008,19.0513111],[72.8701013,19.0513208],[72.8702732,19.0513383],[72.8702952,19.0513405],[72.8704471,19.0513104],[72.8709149,19.051193],[72.8710334,19.0511273],[72.871081,19.0510884],[72.8710901,19.0510809],[72.8712205,19.0509965],[72.8712716,19.0509294],[72.8713518,19.0508766],[72.8714301,19.0507389],[72.8716308,19.0504479],[72.8717124,19.0503285],[72.8717125,19.0503285],[72.8717579,19.050262],[72.8718367,19.0501564],[72.871843,19.0501479],[72.8718964,19.0500763],[72.8719925,19.0499469],[72.8720475,19.0499668],[72.872241,19.0500001],[72.8725514,19.0500076],[72.8726843,19.050002],[72.8730679,19.0499857],[72.873074,19.0499852],[72.8733953,19.0499598],[72.8734533,19.049948],[72.8734813,19.0499423],[72.8737027,19.0498972],[72.8740945,19.0497751],[72.8741924,19.0497446],[72.8742462,19.0497279],[72.8744243,19.0496629],[72.8745539,19.0496157],[72.8749758,19.0494251],[72.874976,19.049425],[72.8753635,19.049168],[72.8754549,19.0491042],[72.8756593,19.0489616],[72.8756876,19.0489461],[72.8756879,19.048946],[72.8757564,19.0489086],[72.8758652,19.0488725],[72.8759404,19.0488572],[72.8759547,19.0488543],[72.8760019,19.0488562],[72.876065,19.0488628],[72.8761021,19.0488664],[72.8761286,19.048874],[72.8761449,19.0488787],[72.8762191,19.0488995],[72.8763222,19.0489409],[72.8763682,19.0489628],[72.8764165,19.0489855],[72.8764333,19.0489926],[72.8764549,19.0490016],[72.8764826,19.0490113],[72.8764893,19.0490135],[72.8765077,19.0490198],[72.8765514,19.0490297],[72.8765809,19.0490324],[72.8765936,19.0490321],[72.8766194,19.0490312],[72.8766209,19.0490312],[72.8766264,19.0490303],[72.8766342,19.0490291],[72.8766542,19.0490259],[72.8766796,19.049022],[72.8766932,19.0490164],[72.8766958,19.0490152],[72.8767233,19.0489971],[72.8767235,19.0489969],[72.8767727,19.0489402],[72.8768177,19.0488795],[72.876875,19.0488018],[72.8769206,19.0487401],[72.8771277,19.0484983],[72.8772737,19.0483864],[72.8775355,19.0481856],[72.8779237,19.047981],[72.8779244,19.0479806],[72.8779337,19.0479757],[72.8780304,19.0479129],[72.8781185,19.0478588],[72.8782318,19.0478237],[72.8783394,19.047954],[72.8783544,19.0479694],[72.8783787,19.0480536],[72.8798607,19.0502013],[72.8801184,19.0505747],[72.8802273,19.0507018],[72.8803494,19.0508591],[72.8804721,19.0510567],[72.8810074,19.0518101],[72.8812539,19.0521596],[72.881476,19.0524746],[72.8815374,19.0525557],[72.8817888,19.0528874],[72.8818074,19.0529161],[72.8818758,19.0530218],[72.8818997,19.0530587],[72.8819287,19.0531154],[72.8819289,19.0531158],[72.881947,19.0531511],[72.8819956,19.0532222],[72.882155,19.0534553],[72.8821558,19.0534564],[72.8821737,19.0534799],[72.8823686,19.0537364],[72.8824374,19.053827],[72.8824744,19.0538757],[72.8826461,19.0541016],[72.8830048,19.0545736],[72.8840117,19.0558985],[72.8851698,19.0575202],[72.8858549,19.058478],[72.8858815,19.0585151],[72.8860709,19.05878],[72.8861158,19.0588427],[72.8867341,19.059707],[72.8896831,19.0637655],[72.8907059,19.0652079],[72.8907545,19.0652764],[72.8908378,19.0653939],[72.8910176,19.0656475],[72.8911847,19.0658832],[72.8912063,19.0659137],[72.8914729,19.0662897],[72.892713,19.0681683],[72.8925442,19.0681987],[72.8925304,19.0682011],[72.8924736,19.0682114],[72.8924138,19.0682221],[72.8923962,19.0682253],[72.8923339,19.0682365],[72.8910617,19.0684278],[72.891062,19.0684299],[72.8911515,19.0694946],[72.8911635,19.0696683],[72.8911712,19.0697792],[72.8912056,19.0702609],[72.8912194,19.0704062],[72.8912454,19.070565],[72.8912482,19.0705874],[72.8913459,19.0713628],[72.891389,19.0717736],[72.891424,19.072134],[72.8914494,19.0724125],[72.8914916,19.0725728],[72.8915395,19.0727539],[72.8917072,19.0730095],[72.8917241,19.0730687],[72.8917269,19.0730786],[72.8917438,19.0731375],[72.8918519,19.0735147],[72.8920649,19.0742584],[72.8921835,19.0748105],[72.8922925,19.0753182],[72.8923319,19.0754499],[72.8924115,19.0757405],[72.8925722,19.076327],[72.8926367,19.0765568],[72.8927245,19.0768653],[72.8927653,19.0770053],[72.8928562,19.0773166],[72.8930497,19.0779795],[72.8931008,19.0785908],[72.8931754,19.078854],[72.8932535,19.0791212],[72.8932605,19.0791453],[72.8932709,19.0791807],[72.8932906,19.0792438],[72.8933336,19.0793935],[72.8933413,19.0794198],[72.8933614,19.079476],[72.8936337,19.0802492],[72.893645,19.0802812],[72.8936647,19.0803304],[72.8936758,19.0803596],[72.8936854,19.0803829],[72.8936937,19.0804045],[72.8937027,19.080427],[72.8937073,19.080439],[72.8937125,19.0804529],[72.8937162,19.0804598],[72.8937266,19.0804878],[72.8937283,19.0804925],[72.8937351,19.0805121],[72.8937371,19.0805167],[72.893745,19.080541],[72.8937477,19.0805482],[72.8937514,19.0805588],[72.8937567,19.0805738],[72.8937657,19.0806011],[72.8937737,19.0806253],[72.8938386,19.0808217],[72.8938431,19.0808356],[72.8938451,19.0808416],[72.8938493,19.0808547],[72.8938559,19.0808818],[72.893864,19.0809157],[72.8938748,19.0809847],[72.893873,19.0809934],[72.8938723,19.0810023],[72.8938703,19.0810267],[72.8938686,19.0810394],[72.8938674,19.0810487],[72.8938646,19.0810727],[72.8938607,19.0811137],[72.8938571,19.0811414],[72.8938534,19.0811744],[72.8938484,19.0812168],[72.893833,19.0814507],[72.8938425,19.0814724],[72.8939092,19.081689],[72.8939212,19.0817252],[72.8939402,19.0817804],[72.8939355,19.0817876],[72.8938479,19.081922],[72.8938208,19.0819798],[72.8938187,19.081983],[72.893729,19.0821221],[72.8937143,19.0822089],[72.8936817,19.0824031],[72.8936948,19.0825242],[72.893751,19.0833506],[72.8934994,19.0834847],[72.8932894,19.0841262],[72.8931482,19.0843633],[72.8931076,19.0844241],[72.8930235,19.0846096],[72.892973,19.084708],[72.8928241,19.0848812],[72.8927699,19.0849455],[72.8927504,19.0849692],[72.8927256,19.0849993],[72.8926714,19.0850838],[72.8944185,19.0857168],[72.8943851,19.085833],[72.8943728,19.0858755],[72.8943393,19.0859921],[72.8943202,19.0860611],[72.8942351,19.0863683],[72.8942188,19.0864303],[72.8942048,19.0864856],[72.8941948,19.086529],[72.8941865,19.0865675],[72.8941809,19.086595],[72.8941721,19.0866405],[72.8941736,19.0866672],[72.8941745,19.0866788],[72.8941766,19.0866968],[72.8941824,19.0867375],[72.8942033,19.0868862],[72.8942322,19.0870439],[72.8943454,19.0874209],[72.8944877,19.0877806],[72.8945777,19.0881213],[72.8946006,19.0882439],[72.8946059,19.088272],[72.8946163,19.0883278],[72.8946179,19.0883457],[72.8946196,19.0883665],[72.8946223,19.0884172],[72.8946233,19.0884768],[72.8946223,19.0885274],[72.8946169,19.0886106],[72.8944425,19.0901419],[72.894433,19.0902258],[72.8944094,19.0904325],[72.8944047,19.0904738],[72.8943929,19.0905759],[72.8943491,19.0909733],[72.8943428,19.0910307],[72.8944082,19.0910555],[72.8945564,19.091125],[72.8945714,19.0911309],[72.8946148,19.0911478],[72.8946848,19.0911707],[72.8947869,19.0911959],[72.8947941,19.0911977],[72.8948928,19.0912162],[72.8948848,19.0913369],[72.894826,19.091943],[72.8949741,19.0922847],[72.8953389,19.0921891],[72.8954566,19.0921713],[72.8957036,19.0921339],[72.8958566,19.0919778],[72.8959438,19.0915794],[72.8962338,19.0915892],[72.8965015,19.0915982],[72.8967409,19.0916259],[72.89721,19.0920284],[72.8972834,19.0920914],[72.8977371,19.092305],[72.8978284,19.0923726],[72.898023,19.0925168],[72.8983874,19.0925892],[72.8984348,19.0927493],[72.8986917,19.0929938],[72.8986918,19.0929939],[72.898737,19.0930369],[72.8988232,19.0930993],[72.8989354,19.0931805],[72.8990331,19.0932513],[72.8990386,19.0932552],[72.8991687,19.0933494],[72.8992449,19.0934909],[72.8994408,19.0937526],[72.8994968,19.0938231],[72.8995759,19.0938235],[72.8996148,19.0939517],[72.899646,19.0940554],[72.8996696,19.0941615],[72.8996796,19.094209],[72.8996927,19.094342],[72.8996948,19.0943912],[72.8997015,19.0945518],[72.899684,19.0946643],[72.8995932,19.0946694],[72.899554,19.0948075],[72.8995381,19.094864],[72.8995163,19.0951172],[72.8994277,19.0953267],[72.8993951,19.0954949],[72.8993877,19.0955345],[72.8993797,19.0955681],[72.8993404,19.0957653],[72.8990095,19.09591],[72.8989662,19.0959289],[72.8987632,19.0960177],[72.8987912,19.0960916],[72.8987936,19.0960975],[72.8988411,19.0962134],[72.8988672,19.0962818],[72.8988956,19.0963535],[72.8989364,19.0964482],[72.8990395,19.0966902],[72.8991026,19.0968896],[72.8991712,19.0971079],[72.8992339,19.0972987],[72.8993068,19.0975412],[72.8993777,19.0977601],[72.8993829,19.0977898],[72.8995016,19.0984658],[72.899535,19.0986509],[72.8995867,19.0988059],[72.8996872,19.0989937],[72.8997816,19.0990647],[72.8998616,19.099125],[72.89996,19.099199],[72.8999906,19.099222],[72.9003265,19.0993151],[72.9003844,19.0993311],[72.9005534,19.0994301],[72.9005851,19.0994487],[72.9006987,19.0995686],[72.9007048,19.099575],[72.9007729,19.0997872],[72.9009191,19.1001472],[72.9009327,19.1001943],[72.9009474,19.1002452],[72.9009877,19.1003854],[72.9010921,19.1005023],[72.9011871,19.1006087],[72.9013374,19.1007161],[72.9015608,19.1009429],[72.9016469,19.1010176],[72.9017081,19.1010934],[72.9017564,19.1011534],[72.9019859,19.1013962],[72.9023973,19.1016315],[72.903026,19.102116],[72.9033045,19.1022119],[72.9034828,19.1022732],[72.9035969,19.1023125],[72.9036421,19.102328],[72.9036596,19.1023644],[72.9036657,19.1023771],[72.9037307,19.1025116],[72.9038104,19.1026529],[72.9038889,19.1027921],[72.9039789,19.10287],[72.9045905,19.1032709],[72.9045984,19.1032762],[72.9050077,19.1045958],[72.9052086,19.1048768],[72.9055954,19.1054179],[72.9057524,19.1056379],[72.9059993,19.1059822],[72.9061371,19.1061727],[72.9063012,19.1063996],[72.906722,19.1070711],[72.9067946,19.1071683],[72.9069808,19.1073215],[72.9073275,19.1076088],[72.90801,19.1081368],[72.9077542,19.1091142],[72.9076283,19.1093933],[72.9072764,19.1099066],[72.9070084,19.1103039],[72.9069005,19.1105408],[72.9067138,19.1109586],[72.9064319,19.1112216],[72.9062835,19.111354],[72.9049343,19.1118419],[72.9045483,19.111985],[72.9045172,19.1123176],[72.9044739,19.1127077],[72.9044236,19.1131614],[72.904316,19.1141002],[72.9043365,19.1143369],[72.9044081,19.1149125],[72.9044868,19.1152717],[72.9043097,19.1155427],[72.9041897,19.115719],[72.9041359,19.115798],[72.9040963,19.1158533],[72.9040907,19.1158587],[72.9040686,19.1158919],[72.9038933,19.1161362],[72.9038603,19.1161857],[72.9035587,19.1165858],[72.9034897,19.1166764],[72.9034501,19.1167285],[72.9034061,19.11679],[72.9033777,19.1168312],[72.9033571,19.1168613],[72.9033176,19.1169102],[72.9032852,19.1171782],[72.9032728,19.1171796],[72.9032752,19.1172023],[72.9032786,19.1172324],[72.9032798,19.1172577],[72.9032806,19.1172641],[72.9032762,19.1173566],[72.9032723,19.1174261],[72.9032659,19.1175021],[72.9031669,19.1175528],[72.9029309,19.1176942],[72.9028372,19.1177554],[72.9027555,19.1178058],[72.9027217,19.1178267],[72.9023627,19.1180572],[72.9021854,19.1181695],[72.902078,19.1182326],[72.9017618,19.1184029],[72.9016066,19.118484],[72.9014384,19.1185718],[72.9009563,19.1188138],[72.9008595,19.1188644],[72.9007084,19.1189433],[72.9006779,19.1189593],[72.9002087,19.1191734],[72.9000646,19.1192323],[72.8999259,19.1192939],[72.8997872,19.1193513],[72.8997489,19.1193686],[72.899659,19.1194131],[72.8996311,19.1194269],[72.8995641,19.11946],[72.8994185,19.1195334],[72.8992141,19.1196355],[72.899079,19.1197088],[72.8989394,19.1197785],[72.8987277,19.1198911],[72.8987017,19.1199041],[72.8986624,19.1199236],[72.8983395,19.1201015],[72.8981945,19.1201694],[72.8980416,19.1202402],[72.8978559,19.1203262],[72.8976996,19.1203922],[72.8972642,19.1205759],[72.8971392,19.1206299],[72.896959,19.1207078],[72.8966173,19.1207799],[72.8963363,19.1208759],[72.8960874,19.1209608],[72.8960736,19.1210065],[72.8960241,19.1211686],[72.8960105,19.1212314],[72.8959551,19.121325],[72.8959324,19.121366],[72.8958759,19.1214684],[72.895865,19.1216553],[72.8958287,19.1222452],[72.8958227,19.1223423],[72.8958227,19.1223453],[72.8957947,19.1229559],[72.8957698,19.1234986],[72.8957645,19.1236417],[72.8957378,19.1243708],[72.8957323,19.12452],[72.895731,19.1245488],[72.8951139,19.1246786],[72.8949323,19.1247069],[72.8930778,19.1250276],[72.8924744,19.1252251],[72.8923546,19.1252754],[72.892214,19.1253329],[72.8920759,19.1253929],[72.8918674,19.1254963],[72.8912727,19.1258194],[72.8904694,19.1262485],[72.8903519,19.1263185],[72.8899263,19.1265845],[72.8892752,19.127067],[72.8881479,19.1279133],[72.8878254,19.1281667],[72.8874248,19.1284815],[72.8864084,19.1291784],[72.884894,19.1286801],[72.8847655,19.1284738],[72.8847293,19.1284158],[72.8847438,19.1283369],[72.8847785,19.128307],[72.8848884,19.1282124],[72.8849123,19.1281809],[72.8849528,19.1281276],[72.8849649,19.1281083],[72.8850237,19.1280139],[72.8850293,19.1280003],[72.8850807,19.1278747],[72.8851245,19.1278053],[72.8851576,19.1277726],[72.8852505,19.1276999],[72.8854754,19.1275296],[72.8855844,19.1274687],[72.8857517,19.1274292],[72.886337,19.127211],[72.88648,19.1271237],[72.8865109,19.1270292],[72.8866691,19.126599],[72.8866881,19.1265476],[72.886661,19.1259145],[72.8867432,19.1255636],[72.8868418,19.1251095],[72.8870553,19.1245742],[72.8870711,19.124463],[72.8870743,19.1244504],[72.8871761,19.1241689],[72.8872993,19.1238845],[72.8874035,19.1236378],[72.8874333,19.1235693],[72.8874506,19.1235237],[72.8874539,19.1235093],[72.8874591,19.1234619],[72.8874612,19.1234426],[72.8875026,19.1230497],[72.8875296,19.1227932],[72.887694,19.1225579],[72.8877825,19.1224464],[72.8880279,19.1223159],[72.888061,19.1222567],[72.8884514,19.1220048],[72.8885801,19.1219218],[72.8885882,19.1219165],[72.8885732,19.1218165],[72.8885482,19.1216495],[72.8885448,19.1216267],[72.8885244,19.1214912],[72.8883804,19.1214366],[72.8878635,19.1212401],[72.8872996,19.121099],[72.8872706,19.1210939],[72.8868877,19.1208558],[72.8868009,19.1208018],[72.886633,19.1206682],[72.8864267,19.1202714],[72.88641,19.1202196],[72.8863257,19.1199576],[72.8863169,19.1199382],[72.8862737,19.1195707],[72.8862505,19.1193573],[72.8861567,19.1190647],[72.8861371,19.1190034],[72.8858951,19.1186868],[72.8858485,19.1186297],[72.8858479,19.1186207],[72.8858452,19.1185761],[72.8858288,19.1183921],[72.8858286,19.1183367],[72.8858969,19.1181061],[72.8859477,19.1177045],[72.8860112,19.1173434],[72.8861229,19.1169032],[72.8861261,19.1168005],[72.8861359,19.1164775],[72.8861436,19.1163101],[72.8861595,19.1160687],[72.886309,19.1157772],[72.8864896,19.1156873],[72.886585,19.1154897],[72.8866975,19.1153805],[72.8866982,19.1153561],[72.8867047,19.1153279],[72.8868704,19.1150303],[72.887049,19.1146932],[72.8871445,19.1144911],[72.8873205,19.1140572],[72.8872603,19.1138551],[72.8872413,19.1138086],[72.8871391,19.1135288],[72.8868528,19.1134023],[72.8867034,19.1132918],[72.8866714,19.113047],[72.8862667,19.1128734],[72.8858747,19.1126965],[72.8858336,19.1125273],[72.8859874,19.1124933],[72.8858023,19.1123653],[72.8857821,19.1123513],[72.8855406,19.1121842],[72.8854606,19.1120212],[72.8852691,19.111631],[72.8853576,19.1110157],[72.8855704,19.1108873],[72.8856988,19.1107791],[72.8857782,19.1107437],[72.885989,19.1105846],[72.8860295,19.110557],[72.8861943,19.1103746],[72.8862632,19.1102982],[72.8867003,19.1100136],[72.8869561,19.1098412],[72.8869714,19.10981],[72.8870191,19.1097161],[72.887053,19.1096245],[72.8870552,19.1096173],[72.8870738,19.1095598],[72.8870566,19.1092474],[72.8870186,19.1090881],[72.8869093,19.1089206],[72.8868927,19.1088899],[72.8868776,19.1088438],[72.8868622,19.1087242],[72.8868246,19.1084862],[72.8868235,19.1084553],[72.8868064,19.1084039],[72.8866676,19.1081585],[72.8866252,19.1080091],[72.8865334,19.107745],[72.8865365,19.1077136],[72.8865352,19.1077097],[72.8865265,19.1076839],[72.8865074,19.107666],[72.8863433,19.1072379],[72.8862957,19.1071908],[72.8862649,19.1071545],[72.8861206,19.1069777],[72.8860136,19.106842],[72.8859461,19.1067618],[72.8858378,19.1067056],[72.8856968,19.1066839],[72.885102,19.1063899],[72.8850634,19.1063715],[72.8849045,19.106303],[72.8848307,19.1060908],[72.8846539,19.1060867],[72.8845342,19.1060306],[72.884434,19.105955],[72.8843984,19.1059089],[72.8841085,19.1055413],[72.8841258,19.1054236],[72.8841208,19.1052994],[72.8841032,19.1051262],[72.8840762,19.1050223],[72.8840496,19.1049095],[72.8841092,19.1046447],[72.8838859,19.1042456],[72.8838217,19.1040514],[72.8836387,19.103821],[72.8835392,19.1037942],[72.8831978,19.1037538],[72.883129,19.1037197],[72.8830488,19.1036668],[72.8827056,19.1034105],[72.8827098,19.1033805],[72.8825451,19.1032924],[72.8822193,19.1031278],[72.8820008,19.1030278],[72.881934,19.1028895],[72.8814723,19.1027608],[72.8811815,19.1027212],[72.8809805,19.1026457],[72.8806378,19.1025169],[72.880361,19.1024131],[72.8802278,19.1021934],[72.8801744,19.1020967],[72.8801642,19.1020744],[72.8801081,19.1019525],[72.8800832,19.1018908],[72.8800566,19.1018251],[72.8800217,19.1017364],[72.8800173,19.1017252],[72.8797945,19.1013543],[72.8796618,19.1010505],[72.8796,19.100909],[72.8795402,19.1007683],[72.8795318,19.1007535],[72.8794723,19.1006113],[72.8794538,19.1005555],[72.8792817,19.1001304],[72.8792038,19.099928],[72.8791321,19.0997502],[72.8790907,19.0993112],[72.8790599,19.0992003],[72.8789525,19.0989332],[72.8790131,19.0987067],[72.879094,19.0985546],[72.8792115,19.098493],[72.879391,19.0984928],[72.8798079,19.0985132],[72.8799628,19.0984806],[72.8803289,19.0982328],[72.8805599,19.0981228],[72.8806778,19.0980392],[72.8807319,19.0979133],[72.8807497,19.0977679],[72.8807214,19.0976249],[72.8807387,19.0974286],[72.8808281,19.0971725],[72.8808871,19.0969271],[72.8809506,19.0966512],[72.880935,19.0965488],[72.8809203,19.0964522],[72.8808692,19.0962779],[72.8807602,19.0960794],[72.8806009,19.0959235],[72.8802958,19.0956627],[72.8801534,19.0955301],[72.8800965,19.095427],[72.8800357,19.095317],[72.8799803,19.0952205],[72.8798701,19.0950425],[72.8797867,19.0948773],[72.8797389,19.0947865],[72.8794817,19.0945448],[72.8793415,19.0944752],[72.879132,19.094504],[72.8788616,19.0944063],[72.8786964,19.0942574],[72.8785142,19.0939846],[72.8783646,19.0935828],[72.878294,19.0932937],[72.878291,19.0930699],[72.8783344,19.0927605],[72.8783345,19.0927597],[72.8783886,19.0923752],[72.8784138,19.0922071],[72.8784509,19.0919602],[72.8786974,19.0912984],[72.8789002,19.0910766],[72.8787155,19.0908792],[72.8788252,19.0907626],[72.8792399,19.0903447],[72.8790369,19.0899877],[72.8792277,19.0897971],[72.8789246,19.0893564],[72.8787559,19.088445],[72.8788566,19.0877638],[72.8788836,19.0875808],[72.8791333,19.0867783],[72.8791296,19.0867557],[72.8791289,19.0867387],[72.879129,19.0867236],[72.8791294,19.08664],[72.8791296,19.0866079],[72.8791409,19.0864071],[72.8791501,19.0862543],[72.8791503,19.0862515],[72.8791522,19.0862061],[72.8791621,19.0859792],[72.8783165,19.086032],[72.878163,19.0860421],[72.8779262,19.0860578],[72.877709,19.0860722],[72.8775163,19.0860849],[72.8774538,19.0860891],[72.8774175,19.0860915],[72.8766204,19.0861432],[72.8762588,19.0861682],[72.8762246,19.0858408],[72.87615,19.0851266],[72.8761437,19.0850658],[72.8761393,19.085026],[72.8761355,19.0849916],[72.8761289,19.0849323],[72.8760763,19.0847994],[72.8760044,19.0847454],[72.8758547,19.0846588],[72.8755957,19.0844657],[72.8755726,19.0844485],[72.8754177,19.0843299],[72.8746739,19.0839762],[72.8724825,19.0829985],[72.8719252,19.0827499],[72.8701234,19.0817256],[72.87011,19.0817134],[72.8701102,19.0817039],[72.8701102,19.081698],[72.8704485,19.0814945],[72.870476,19.0814574],[72.8705268,19.0814348],[72.8707017,19.081357],[72.8709854,19.0812307],[72.8719125,19.0808157],[72.8723351,19.0806228],[72.8724272,19.0805796],[72.8725409,19.0805263],[72.8737854,19.0799424],[72.8740158,19.0798343],[72.8741312,19.0797803],[72.8742929,19.0797037],[72.8744229,19.0796422],[72.8745714,19.0795719],[72.8746416,19.0795386],[72.8746802,19.0795203],[72.8748667,19.079432],[72.8755465,19.0791101],[72.8756021,19.0790838],[72.875935,19.0789262],[72.8759026,19.0788734],[72.8759038,19.0788729],[72.8758408,19.0787504],[72.8755836,19.0783072],[72.8755113,19.0782438],[72.8753236,19.0780792],[72.8752786,19.077872],[72.8751804,19.0777675],[72.8749267,19.0774978],[72.8747332,19.0774037],[72.874657,19.0773666],[72.8744505,19.0772696],[72.87434,19.0772171],[72.8740929,19.0770978],[72.8739915,19.077042],[72.8737688,19.0769332],[72.8736878,19.0769091],[72.8736233,19.0768899],[72.8727295,19.07661],[72.8725939,19.0765738],[72.8723819,19.0764638],[72.8722329,19.0763919],[72.8718645,19.0762252],[72.8716538,19.0761382],[72.8715437,19.0760969],[72.8714436,19.0760558],[72.8713034,19.0759996],[72.8712917,19.0759943],[72.8712665,19.0759829],[72.8712674,19.0759352],[72.8712134,19.0758344],[72.8711301,19.0756777],[72.8711824,19.0754621],[72.8712337,19.075241],[72.8713078,19.0749229],[72.8713429,19.0747674],[72.8713551,19.0747006],[72.8713588,19.0746679],[72.8713683,19.0745832],[72.8713723,19.0745549],[72.8713721,19.0745427],[72.871369,19.0743713],[72.871369,19.0743712],[72.8714358,19.0741829],[72.871473,19.0740781],[72.8714764,19.0740686],[72.8714845,19.0740459],[72.8715845,19.0738391],[72.871805,19.0733832],[72.8718512,19.0732501],[72.8719607,19.0729346],[72.8720027,19.0728107],[72.8721253,19.0724496],[72.8722057,19.0723051],[72.8722558,19.0722309],[72.872444,19.0718921],[72.8725543,19.0716921],[72.8725546,19.071692],[72.8727056,19.0716129],[72.8728111,19.0715963],[72.8729053,19.0715795],[72.8730223,19.0715415],[72.8731734,19.0714861],[72.8733171,19.0714127],[72.8733647,19.0713387],[72.8733558,19.0712605],[72.8733283,19.071201],[72.8733232,19.07119],[72.8733122,19.0711661],[72.8732961,19.0711312],[72.8732916,19.0711215],[72.8732677,19.0710699],[72.8732456,19.0710044],[72.8732322,19.0709646],[72.8732305,19.0709594],[72.8732234,19.0709383],[72.8731991,19.0708662],[72.8731903,19.0708402],[72.8731874,19.0708314],[72.8731824,19.070816],[72.873162,19.0707539],[72.8731348,19.070671],[72.873091,19.0705376],[72.8730559,19.0704336],[72.873016,19.0703154],[72.8729953,19.0702539],[72.8729904,19.0701547],[72.8729834,19.0700144],[72.8729686,19.0697694],[72.8729214,19.0694258],[72.8728902,19.0692422],[72.8728532,19.0689589],[72.8727981,19.0685368],[72.8727805,19.0684069],[72.8727536,19.0682082],[72.872746,19.0681568],[72.8727046,19.0678425],[72.8726733,19.0677024],[72.8726286,19.0674569],[72.8726155,19.0673846],[72.8726091,19.0673493],[72.8725987,19.0673033],[72.8725826,19.0672107],[72.8725728,19.0671595],[72.8725566,19.0670744],[72.8725289,19.0669398],[72.8725098,19.0668609],[72.8725089,19.0668436],[72.8725089,19.066786],[72.8725085,19.0664731],[72.8725073,19.0663658],[72.8724787,19.0662443],[72.8724839,19.0661999],[72.872498,19.0660767],[72.8725069,19.0660045],[72.8725019,19.0657899],[72.8725203,19.0657914],[72.8725508,19.0657939],[72.8726613,19.0656401],[72.8728122,19.0654584],[72.8728146,19.0654529],[72.8728802,19.0653073],[72.8729772,19.0650414],[72.8730181,19.0646752],[72.873026,19.064604],[72.8730455,19.0644296],[72.8730453,19.064412],[72.8730427,19.0642202],[72.8729428,19.0638473],[72.8729265,19.0637777],[72.8727942,19.0636014],[72.8724809,19.0631799],[72.871824,19.062284],[72.8713904,19.0615466],[72.8713375,19.061419],[72.8713225,19.0613542],[72.8713223,19.0613526],[72.8713051,19.0611679],[72.8712822,19.060937],[72.8712747,19.0607561],[72.8712813,19.0605133],[72.8711532,19.060258],[72.8708004,19.0595842],[72.870646,19.0593445],[72.8704648,19.0590549],[72.8701479,19.0584916],[72.8697073,19.0576759],[72.8695177,19.0574013],[72.8691935,19.0570786],[72.8690435,19.0569293],[72.8690426,19.0569285],[72.8687933,19.0566776],[72.8685968,19.0564799],[72.866514,19.0547666],[72.8657312,19.054128],[72.8651689,19.0536665],[72.8635585,19.0523331],[72.865857,19.0523699],[72.8662018,19.0523711],[72.8663674,19.0523717],[72.8666082,19.0523726],[72.8669887,19.0523733],[72.8673767,19.0523739]]]}},{"type":"Feature","properties":{"layer":"city","location_id":"IN-mumbai","city_name":"Powai","order":1,"color":"#22c55e"},"geometry":{"type":"Polygon","coordinates":[[[72.9250625,19.2160101],[72.922291,19.2163945],[72.920089,19.2169335],[72.9193659,19.21674],[72.9179077,19.2163635],[72.9172118,19.2161664],[72.9167179,19.2153834],[72.9163305,19.2141739],[72.9159616,19.2131772],[72.9157366,19.2126075],[72.9148605,19.2101727],[72.9141144,19.2091477],[72.9134645,19.208264],[72.9133,19.2080792],[72.9127872,19.20802],[72.9122371,19.207946],[72.911627,19.2078815],[72.911116,19.207805],[72.9101687,19.2075954],[72.9099214,19.2064964],[72.9096124,19.2052116],[72.9094646,19.2045774],[72.909344,19.2040793],[72.9092982,19.2038897],[72.9092934,19.20387],[72.9091347,19.2031675],[72.9089853,19.2024685],[72.9089852,19.2024685],[72.9088008,19.2024286],[72.9087277,19.2024218],[72.9086392,19.2024098],[72.9085295,19.2023808],[72.9075831,19.2021308],[72.9073882,19.2021026],[72.9067121,19.202005],[72.9044565,19.2016793],[72.9039099,19.2016004],[72.9026386,19.2014168],[72.9024395,19.2013881],[72.902426,19.2004908],[72.902426,19.2004907],[72.9024192,19.2000458],[72.9024181,19.1999788],[72.9024159,19.1998334],[72.9024144,19.1997347],[72.9024142,19.1997185],[72.9023974,19.1995234],[72.9023967,19.1994902],[72.9023927,19.1992988],[72.9023915,19.1992392],[72.9023904,19.1991881],[72.9023904,19.199188],[72.9023824,19.1988118],[72.9023738,19.1984624],[72.9023582,19.1978469],[72.9023576,19.1972512],[72.9021411,19.1970366],[72.9014686,19.19637],[72.9014686,19.1963699],[72.901331,19.1957988],[72.901331,19.1957987],[72.901258,19.1954958],[72.9011523,19.1950574],[72.9009368,19.194163],[72.9009071,19.1940318],[72.9006953,19.1930969],[72.9006824,19.1930205],[72.9006767,19.1930043],[72.9006397,19.1929004],[72.9006104,19.1927761],[72.900585,19.1926688],[72.9005391,19.1924744],[72.9004905,19.1922693],[72.9004614,19.1921468],[72.9004449,19.1920761],[72.9004449,19.192076],[72.9004365,19.1920407],[72.9004221,19.1919245],[72.9004029,19.1918361],[72.9003913,19.1917954],[72.9003718,19.1917278],[72.9003416,19.1916325],[72.9003398,19.1916232],[72.9003226,19.1915367],[72.9003172,19.1913648],[72.9003047,19.1911311],[72.90026,19.190824],[72.9002553,19.1907036],[72.9002517,19.1906215],[72.9002456,19.1904906],[72.900239,19.1904437],[72.9002302,19.1903827],[72.9002282,19.1903264],[72.9002264,19.1902828],[72.9002221,19.190215],[72.9002177,19.1901491],[72.9002074,19.1901484],[72.900197,19.1901474],[72.9001913,19.1900026],[72.9001935,19.1898526],[72.9001857,19.1897603],[72.9001857,19.1897601],[72.9001738,19.1896245],[72.9001613,19.1895422],[72.9001569,19.1893844],[72.900153,19.1893597],[72.9001524,19.1893563],[72.9001487,19.1893349],[72.9001827,19.1856968],[72.9001882,19.1851018],[72.8999919,19.1832632],[72.9000048,19.1825169],[72.9000176,19.1813019],[72.900057,19.1810951],[72.9002653,19.1799275],[72.9002433,19.1798349],[72.8999247,19.1784978],[72.8997767,19.1778533],[72.8996825,19.1774783],[72.8995846,19.177114],[72.8995717,19.1770529],[72.8994875,19.1767108],[72.8993289,19.1760885],[72.8988899,19.1756192],[72.898523,19.1752166],[72.8983906,19.1750713],[72.8970752,19.1736279],[72.8970485,19.1735987],[72.8962673,19.172058],[72.8950228,19.1696034],[72.8947412,19.1690164],[72.8936133,19.1666655],[72.8924754,19.1642937],[72.8923204,19.1639705],[72.8923431,19.1638819],[72.8923718,19.1637292],[72.8924287,19.1634259],[72.8924755,19.1631768],[72.8921327,19.161895],[72.8919707,19.1614042],[72.8915514,19.1602669],[72.8910258,19.1602583],[72.8904689,19.1598896],[72.890465,19.1593902],[72.8904512,19.15847],[72.8904593,19.1582607],[72.8904575,19.1578585],[72.8904565,19.1576325],[72.8903186,19.1575288],[72.8899618,19.1572606],[72.889413,19.1568481],[72.8901637,19.1565101],[72.89079,19.1559011],[72.891122,19.1555859],[72.8919418,19.154808],[72.8919835,19.1547684],[72.8926678,19.1541194],[72.8934579,19.153729],[72.8935005,19.153708],[72.8935228,19.153573],[72.8935914,19.153159],[72.8931715,19.1524552],[72.8931137,19.152328],[72.8930591,19.1517156],[72.8929848,19.1506772],[72.8931745,19.1503528],[72.8934246,19.1499252],[72.8936302,19.1495798],[72.8943302,19.1484003],[72.8945359,19.1480556],[72.8949898,19.1472951],[72.8950212,19.1468305],[72.8951264,19.1464978],[72.8951505,19.1459568],[72.895156,19.1458177],[72.8951642,19.1457609],[72.8951652,19.1457551],[72.8951998,19.1455522],[72.8952496,19.1454123],[72.8953081,19.1452749],[72.8953377,19.1452054],[72.8952841,19.1449036],[72.8950052,19.144341],[72.8949135,19.1441673],[72.8947414,19.1438162],[72.894416,19.1431587],[72.8942234,19.1427606],[72.8941399,19.1420044],[72.8934584,19.1420903],[72.893327,19.1421069],[72.8934722,19.1416959],[72.8939093,19.1405664],[72.8940286,19.1403519],[72.8942617,19.1399428],[72.8943475,19.1397919],[72.8944812,19.1394872],[72.8943314,19.1393367],[72.8940448,19.1386213],[72.8940331,19.1385921],[72.8940189,19.1385407],[72.8940142,19.1385239],[72.8940069,19.1384976],[72.8939745,19.1384363],[72.8939651,19.1384184],[72.8938974,19.1382818],[72.8937798,19.1379893],[72.8933503,19.1377169],[72.8931135,19.1375535],[72.89282,19.1373796],[72.8927767,19.1369393],[72.8923027,19.1367337],[72.8922733,19.1367209],[72.8919678,19.1364065],[72.8919066,19.1363708],[72.8918405,19.1363455],[72.8915925,19.1362533],[72.891258,19.1361932],[72.8911196,19.1362621],[72.8909926,19.1361869],[72.8909252,19.136147],[72.8909567,19.1359854],[72.890843,19.1358208],[72.8907156,19.1356402],[72.8906965,19.1356132],[72.8906734,19.1356223],[72.8906033,19.1354482],[72.8905723,19.1353709],[72.8905392,19.1352635],[72.8905171,19.1352214],[72.8904931,19.1351977],[72.8903869,19.1351125],[72.8901379,19.1349035],[72.8900732,19.1348499],[72.8900079,19.1347943],[72.8899894,19.1347781],[72.8899712,19.1347621],[72.889971,19.1347619],[72.8899451,19.1347393],[72.8899204,19.1346998],[72.8898674,19.134595],[72.8898192,19.1345134],[72.8898008,19.1344824],[72.889757,19.1344046],[72.8897173,19.1343346],[72.8895406,19.1340767],[72.8895256,19.1340375],[72.8895047,19.1340304],[72.8895145,19.1337619],[72.8894926,19.1337232],[72.8894627,19.1336701],[72.8894259,19.133605],[72.8893074,19.1332736],[72.8893104,19.1331792],[72.8892582,19.1330444],[72.8892147,19.1329193],[72.8892114,19.1329097],[72.8891663,19.132801],[72.8889012,19.1323765],[72.8887462,19.1323751],[72.8885852,19.1322109],[72.8885894,19.1318402],[72.8885941,19.1314353],[72.8885568,19.1313726],[72.888522,19.1313139],[72.8887144,19.131205],[72.8885853,19.1310849],[72.8884828,19.1309944],[72.8883174,19.1309209],[72.8882286,19.1308811],[72.8880809,19.1308196],[72.8879218,19.1307553],[72.8877941,19.1306121],[72.8876967,19.1304998],[72.8875773,19.1303726],[72.8873853,19.1302947],[72.8872025,19.1302221],[72.8871413,19.1301971],[72.8868858,19.1300756],[72.8868053,19.1299623],[72.8865359,19.1296072],[72.886395,19.1294285],[72.8862666,19.1294294],[72.886199,19.1294298],[72.8861974,19.1294304],[72.8861461,19.1294469],[72.8861057,19.1294608],[72.8861009,19.1294619],[72.8860583,19.1294723],[72.8860066,19.1294837],[72.8859397,19.1294974],[72.8858838,19.1295072],[72.8858228,19.1295178],[72.8857288,19.129532],[72.8856526,19.1295415],[72.8855816,19.1295488],[72.8854767,19.1295572],[72.8853989,19.1295619],[72.8853203,19.1295642],[72.8852391,19.1295649],[72.8851732,19.1295658],[72.8851115,19.1295643],[72.8850507,19.1295611],[72.8849958,19.1295581],[72.8849486,19.1295552],[72.884881,19.1295504],[72.8848236,19.1295441],[72.8847716,19.1295379],[72.8848747,19.1291328],[72.8848933,19.1290824],[72.8849103,19.1289572],[72.8849268,19.1288356],[72.8849458,19.1287665],[72.884894,19.1286801],[72.8864084,19.1291784],[72.8874248,19.1284815],[72.8878254,19.1281667],[72.8881479,19.1279133],[72.8892752,19.127067],[72.8899263,19.1265845],[72.8903519,19.1263185],[72.8904694,19.1262485],[72.8912727,19.1258194],[72.8918674,19.1254963],[72.8920759,19.1253929],[72.892214,19.1253329],[72.8923546,19.1252754],[72.8924744,19.1252251],[72.8930778,19.1250276],[72.8949323,19.1247069],[72.8951139,19.1246786],[72.895731,19.1245488],[72.8957323,19.12452],[72.8957378,19.1243708],[72.8957645,19.1236417],[72.8957698,19.1234986],[72.8957947,19.1229559],[72.8958227,19.1223453],[72.8958227,19.1223423],[72.8958287,19.1222452],[72.895865,19.1216553],[72.8958759,19.1214684],[72.8959324,19.121366],[72.8959551,19.121325],[72.8960105,19.1212314],[72.8960241,19.1211686],[72.8960736,19.1210065],[72.8960874,19.1209608],[72.8963363,19.1208759],[72.8966173,19.1207799],[72.896959,19.1207078],[72.8971392,19.1206299],[72.8972642,19.1205759],[72.8976996,19.1203922],[72.8978559,19.1203262],[72.8980416,19.1202402],[72.8981945,19.1201694],[72.8983395,19.1201015],[72.8986624,19.1199236],[72.8987017,19.1199041],[72.8987277,19.1198911],[72.8989394,19.1197785],[72.899079,19.1197088],[72.8992141,19.1196355],[72.8994185,19.1195334],[72.8995641,19.11946],[72.8996311,19.1194269],[72.899659,19.1194131],[72.8997489,19.1193686],[72.8997872,19.1193513],[72.8999259,19.1192939],[72.9000646,19.1192323],[72.9002087,19.1191734],[72.9006779,19.1189593],[72.9007084,19.1189433],[72.9008595,19.1188644],[72.9009563,19.1188138],[72.9014384,19.1185718],[72.9016066,19.118484],[72.9017618,19.1184029],[72.902078,19.1182326],[72.9021854,19.1181695],[72.9023627,19.1180572],[72.9027217,19.1178267],[72.9027555,19.1178058],[72.9028372,19.1177554],[72.9029309,19.1176942],[72.9031669,19.1175528],[72.9032659,19.1175021],[72.9032723,19.1174261],[72.9032762,19.1173566],[72.9032806,19.1172641],[72.9032798,19.1172577],[72.9032786,19.1172324],[72.9032752,19.1172023],[72.9032728,19.1171796],[72.9032852,19.1171782],[72.9033176,19.1169102],[72.9033571,19.1168613],[72.9033777,19.1168312],[72.9034061,19.11679],[72.9034501,19.1167285],[72.9034897,19.1166764],[72.9035587,19.1165858],[72.9038603,19.1161857],[72.9038933,19.1161362],[72.9040686,19.1158919],[72.9040907,19.1158587],[72.9040963,19.1158533],[72.9041359,19.115798],[72.9041897,19.115719],[72.9043097,19.1155427],[72.9044868,19.1152717],[72.9044081,19.1149125],[72.9043365,19.1143369],[72.904316,19.1141002],[72.9044236,19.1131614],[72.9044739,19.1127077],[72.9045172,19.1123176],[72.9045483,19.111985],[72.9049343,19.1118419],[72.9062835,19.111354],[72.9064319,19.1112216],[72.9067138,19.1109586],[72.9069005,19.1105408],[72.9070084,19.1103039],[72.9072764,19.1099066],[72.9076283,19.1093933],[72.9077542,19.1091142],[72.90801,19.1081368],[72.9073275,19.1076088],[72.9069808,19.1073215],[72.9067946,19.1071683],[72.906722,19.1070711],[72.9063012,19.1063996],[72.9061371,19.1061727],[72.9059993,19.1059822],[72.9057524,19.1056379],[72.9055954,19.1054179],[72.9052086,19.1048768],[72.9050077,19.1045958],[72.9045984,19.1032762],[72.9045905,19.1032709],[72.9039789,19.10287],[72.9038889,19.1027921],[72.9038104,19.1026529],[72.9037307,19.1025116],[72.9036657,19.1023771],[72.9036596,19.1023644],[72.9036421,19.102328],[72.9035969,19.1023125],[72.9034828,19.1022732],[72.9033045,19.1022119],[72.903026,19.102116],[72.9023973,19.1016315],[72.9019859,19.1013962],[72.9017564,19.1011534],[72.9017081,19.1010934],[72.9016469,19.1010176],[72.9015608,19.1009429],[72.9013374,19.1007161],[72.9011871,19.1006087],[72.9010921,19.1005023],[72.9009877,19.1003854],[72.9009474,19.1002452],[72.9009327,19.1001943],[72.9009191,19.1001472],[72.9007729,19.0997872],[72.9007048,19.099575],[72.9006987,19.0995686],[72.9005851,19.0994487],[72.9005534,19.0994301],[72.9003844,19.0993311],[72.9003265,19.0993151],[72.8999906,19.099222],[72.89996,19.099199],[72.8998616,19.099125],[72.8997816,19.0990647],[72.8996872,19.0989937],[72.8995867,19.0988059],[72.899535,19.0986509],[72.8995016,19.0984658],[72.8993829,19.0977898],[72.8993777,19.0977601],[72.8993068,19.0975412],[72.8992339,19.0972987],[72.8991712,19.0971079],[72.8991026,19.0968896],[72.8990395,19.0966902],[72.8989364,19.0964482],[72.8988956,19.0963535],[72.8988672,19.0962818],[72.8988411,19.0962134],[72.8987936,19.0960975],[72.8987912,19.0960916],[72.8987632,19.0960177],[72.8989662,19.0959289],[72.8990095,19.09591],[72.8993404,19.0957653],[72.8993797,19.0955681],[72.8993877,19.0955345],[72.8993951,19.0954949],[72.8994277,19.0953267],[72.8995163,19.0951172],[72.8995381,19.094864],[72.899554,19.0948075],[72.8995932,19.0946694],[72.899684,19.0946643],[72.8997015,19.0945518],[72.8996948,19.0943912],[72.8996927,19.094342],[72.8996796,19.094209],[72.8996696,19.0941615],[72.899646,19.0940554],[72.8996148,19.0939517],[72.8995759,19.0938235],[72.8994968,19.0938231],[72.8994408,19.0937526],[72.8992449,19.0934909],[72.8991687,19.0933494],[72.8990386,19.0932552],[72.8990331,19.0932513],[72.8989354,19.0931805],[72.8988232,19.0930993],[72.898737,19.0930369],[72.8986918,19.0929939],[72.8986917,19.0929938],[72.8984348,19.0927493],[72.8983874,19.0925892],[72.898023,19.0925168],[72.8978284,19.0923726],[72.8977371,19.092305],[72.8972834,19.0920914],[72.89721,19.0920284],[72.8967409,19.0916259],[72.8965015,19.0915982],[72.8962338,19.0915892],[72.8959438,19.0915794],[72.8958566,19.0919778],[72.8957036,19.0921339],[72.8954566,19.0921713],[72.8953389,19.0921891],[72.8949741,19.0922847],[72.894826,19.091943],[72.8948848,19.0913369],[72.8948928,19.0912162],[72.8947941,19.0911977],[72.8947869,19.0911959],[72.8946848,19.0911707],[72.8946148,19.0911478],[72.8945714,19.0911309],[72.8945564,19.091125],[72.8944082,19.0910555],[72.8943428,19.0910307],[72.8943491,19.0909733],[72.8943929,19.0905759],[72.8944047,19.0904738],[72.8944094,19.0904325],[72.894433,19.0902258],[72.8944425,19.0901419],[72.8946169,19.0886106],[72.8946223,19.0885274],[72.8946233,19.0884768],[72.8946223,19.0884172],[72.8946196,19.0883665],[72.8946179,19.0883457],[72.8946163,19.0883278],[72.8946059,19.088272],[72.8946006,19.0882439],[72.8945777,19.0881213],[72.8944877,19.0877806],[72.8943454,19.0874209],[72.8942322,19.0870439],[72.8942033,19.0868862],[72.8941824,19.0867375],[72.8941766,19.0866968],[72.8941745,19.0866788],[72.8941736,19.0866672],[72.8941721,19.0866405],[72.8941809,19.086595],[72.8941865,19.0865675],[72.8941948,19.086529],[72.8942048,19.0864856],[72.8942188,19.0864303],[72.8942351,19.0863683],[72.8943202,19.0860611],[72.8943393,19.0859921],[72.8943728,19.0858755],[72.8943851,19.085833],[72.8944185,19.0857168],[72.8926714,19.0850838],[72.8927256,19.0849993],[72.8927504,19.0849692],[72.8927699,19.0849455],[72.8928241,19.0848812],[72.892973,19.084708],[72.8930235,19.0846096],[72.8931076,19.0844241],[72.8931482,19.0843633],[72.8932894,19.0841262],[72.8934994,19.0834847],[72.893751,19.0833506],[72.8936948,19.0825242],[72.8936817,19.0824031],[72.8937143,19.0822089],[72.893729,19.0821221],[72.8938187,19.081983],[72.8938208,19.0819798],[72.8938479,19.081922],[72.8939355,19.0817876],[72.8939402,19.0817804],[72.8939212,19.0817252],[72.8939092,19.081689],[72.8938425,19.0814724],[72.893833,19.0814507],[72.8938484,19.0812168],[72.8938534,19.0811744],[72.8938571,19.0811414],[72.8938607,19.0811137],[72.8938646,19.0810727],[72.8938674,19.0810487],[72.8938686,19.0810394],[72.8938703,19.0810267],[72.8938723,19.0810023],[72.893873,19.0809934],[72.8938748,19.0809847],[72.893864,19.0809157],[72.8938559,19.0808818],[72.8938493,19.0808547],[72.8938451,19.0808416],[72.8938431,19.0808356],[72.8938386,19.0808217],[72.8937737,19.0806253],[72.8937657,19.0806011],[72.8937567,19.0805738],[72.8937514,19.0805588],[72.8937477,19.0805482],[72.893745,19.080541],[72.8937371,19.0805167],[72.8937351,19.0805121],[72.8937283,19.0804925],[72.8937266,19.0804878],[72.8937162,19.0804598],[72.8937125,19.0804529],[72.8937073,19.080439],[72.8937027,19.080427],[72.8936937,19.0804045],[72.8936854,19.0803829],[72.8936758,19.0803596],[72.8936647,19.0803304],[72.893645,19.0802812],[72.8936337,19.0802492],[72.8933614,19.079476],[72.8933413,19.0794198],[72.8933336,19.0793935],[72.8932906,19.0792438],[72.8932709,19.0791807],[72.8932605,19.0791453],[72.8932535,19.0791212],[72.8931754,19.078854],[72.8931008,19.0785908],[72.8930497,19.0779795],[72.8928562,19.0773166],[72.8927653,19.0770053],[72.8927245,19.0768653],[72.8926367,19.0765568],[72.8925722,19.076327],[72.8924115,19.0757405],[72.8923319,19.0754499],[72.8922925,19.0753182],[72.8921835,19.0748105],[72.8920649,19.0742584],[72.8918519,19.0735147],[72.8917438,19.0731375],[72.8917269,19.0730786],[72.8917241,19.0730687],[72.8917072,19.0730095],[72.8915395,19.0727539],[72.8914916,19.0725728],[72.8914494,19.0724125],[72.891424,19.072134],[72.891389,19.0717736],[72.8913459,19.0713628],[72.8912482,19.0705874],[72.8912454,19.070565],[72.8912194,19.0704062],[72.8912056,19.0702609],[72.8911712,19.0697792],[72.8911635,19.0696683],[72.8911515,19.0694946],[72.891062,19.0684299],[72.8910617,19.0684278],[72.8923339,19.0682365],[72.8923962,19.0682253],[72.8924138,19.0682221],[72.8924736,19.0682114],[72.8925304,19.0682011],[72.8925442,19.0681987],[72.892713,19.0681683],[72.8927723,19.0682448],[72.8937023,19.0695165],[72.8945718,19.0707057],[72.8951813,19.0715392],[72.8952549,19.0715769],[72.8955823,19.0715959],[72.8956142,19.0715978],[72.8956446,19.0716027],[72.8962615,19.0717023],[72.896416,19.0717577],[72.8967033,19.0718217],[72.8968645,19.0718576],[72.8969339,19.0718676],[72.897432,19.0719389],[72.8975453,19.0719662],[72.8976989,19.0720032],[72.8977698,19.0720126],[72.8979036,19.0720275],[72.8980877,19.0720366],[72.898088,19.0720366],[72.8982925,19.0720405],[72.8983605,19.0720449],[72.898507,19.0720545],[72.8987367,19.0718496],[72.8992282,19.0718535],[72.8994081,19.0719216],[72.8997351,19.0720437],[72.8997654,19.072055],[72.8998142,19.0720733],[72.8999166,19.0721115],[72.9004087,19.0722952],[72.9005968,19.072396],[72.900641,19.0724197],[72.9009787,19.0726005],[72.9010926,19.0726441],[72.9011286,19.0726579],[72.9013839,19.0727556],[72.9015019,19.0728008],[72.9015682,19.0728262],[72.9016017,19.072839],[72.9016361,19.0728532],[72.9019344,19.0729761],[72.9022146,19.0728047],[72.9022251,19.0727982],[72.9022696,19.072771],[72.9026804,19.0735395],[72.902771,19.0736338],[72.902857,19.0736437],[72.9028992,19.0736206],[72.9029325,19.0735934],[72.9029487,19.0735802],[72.9030051,19.0735341],[72.9031736,19.0733965],[72.9032174,19.073364],[72.9035623,19.0731078],[72.9037438,19.072973],[72.9039132,19.0728472],[72.9041618,19.07267],[72.9044485,19.0724657],[72.9046565,19.0723174],[72.9046807,19.0723003],[72.904769,19.0721566],[72.9052151,19.0715815],[72.9053546,19.0716071],[72.9055121,19.0716359],[72.9056765,19.071666],[72.9058985,19.0717067],[72.9059545,19.0717151],[72.9060814,19.0717343],[72.9061961,19.0717517],[72.9063425,19.0717738],[72.9063758,19.0717796],[72.9066742,19.071831],[72.9067213,19.0718392],[72.9069493,19.0718846],[72.9070697,19.0719101],[72.9073021,19.0719593],[72.907348,19.0718719],[72.9073587,19.0718514],[72.9074337,19.0714879],[72.9076862,19.070382],[72.9082453,19.070399],[72.9084808,19.0703994],[72.9092505,19.0704007],[72.9095076,19.0695128],[72.9098669,19.0695638],[72.9098709,19.0695244],[72.909942,19.0691],[72.9101128,19.0680816],[72.9102662,19.0679157],[72.9106081,19.0675459],[72.9106555,19.0671586],[72.9117388,19.0651001],[72.911953,19.0651996],[72.9121249,19.0652371],[72.912536,19.0653114],[72.9126674,19.0653197],[72.9129706,19.0653159],[72.9130288,19.0653226],[72.9130905,19.0653367],[72.9132135,19.0653999],[72.9135683,19.0655076],[72.9138164,19.0655874],[72.9143224,19.0657742],[72.9146125,19.065878],[72.9146748,19.0659022],[72.9147921,19.0659502],[72.9151848,19.066093],[72.9164085,19.0665437],[72.9165823,19.0666197],[72.916706,19.0666738],[72.9169005,19.0667589],[72.9169135,19.0667646],[72.9171188,19.0668552],[72.9173689,19.0669668],[72.9175006,19.0670247],[72.917648,19.0670895],[72.91785,19.0671804],[72.9179355,19.0672156],[72.9181771,19.067323],[72.9184317,19.0674776],[72.9191759,19.067926],[72.9194149,19.0682352],[72.9194242,19.0682473],[72.9195089,19.0684807],[72.9195019,19.068626],[72.9195195,19.0687198],[72.9195133,19.0688004],[72.9195316,19.0688925],[72.9195587,19.0690294],[72.9195937,19.069206],[72.9195327,19.0693218],[72.9195917,19.0694761],[72.9196914,19.069536],[72.9197107,19.0698219],[72.9198472,19.0700621],[72.9199678,19.0704693],[72.9199142,19.0708171],[72.9199403,19.0710442],[72.9200411,19.0711875],[72.9201425,19.071259],[72.9201381,19.0713547],[72.920089,19.0715364],[72.9201291,19.0717221],[72.920222,19.0718903],[72.9203314,19.0720624],[72.9204627,19.0723178],[72.920576,19.0724371],[72.9206845,19.0725398],[72.9207535,19.0727386],[72.9208352,19.0728523],[72.9209692,19.0729585],[72.921211,19.0732946],[72.9213161,19.0734887],[72.9214474,19.0736114],[72.9216283,19.073826],[72.9217992,19.0740225],[72.9220986,19.0746323],[72.9231057,19.0753348],[72.9243184,19.0753508],[72.9256367,19.0755823],[72.9271651,19.075796],[72.9281021,19.0758225],[72.9291495,19.0754871],[72.9299929,19.0749973],[72.9305926,19.0745932],[72.9316451,19.0738486],[72.9324137,19.0732875],[72.9328251,19.0727803],[72.9330996,19.0718206],[72.9332766,19.0712987],[72.9342415,19.0699363],[72.9346945,19.0685459],[72.9349184,19.0677643],[72.9354956,19.0662212],[72.935875,19.0648012],[72.9360818,19.0640062],[72.9362182,19.0636684],[72.9363567,19.0633548],[72.9365556,19.062957],[72.9367368,19.0625945],[72.936972,19.0621832],[72.9371343,19.0619128],[72.9373467,19.0615587],[72.9374816,19.0613339],[72.9382099,19.0603489],[72.9418133,19.0591007],[72.9418649,19.0588311],[72.9422952,19.0567322],[72.942425,19.0566525],[72.9425148,19.0565974],[72.9426736,19.0565005],[72.942676,19.056499],[72.9427147,19.0564754],[72.9436304,19.0564356],[72.943712,19.0564712],[72.9437755,19.0564926],[72.9441461,19.0566511],[72.9446134,19.0568524],[72.9451938,19.0570995],[72.9453108,19.0571493],[72.945921,19.0574126],[72.9466344,19.0577229],[72.9469468,19.0578528],[72.9473071,19.0580035],[72.9480341,19.0583196],[72.9482516,19.0584145],[72.9484451,19.0584945],[72.9484588,19.0584996],[72.9485361,19.0585281],[72.9485577,19.0585373],[72.9486638,19.0585801],[72.9487903,19.0586354],[72.9489038,19.0586848],[72.9490249,19.0587327],[72.9491291,19.0587799],[72.9492501,19.0588296],[72.9493312,19.0589282],[72.9494446,19.0590695],[72.9495798,19.0592313],[72.9496848,19.059357],[72.9497404,19.0594237],[72.949897,19.059617],[72.950038,19.0597853],[72.9500907,19.0598461],[72.9502778,19.060083],[72.9503369,19.0601547],[72.9504386,19.060278],[72.9505288,19.060388],[72.9505832,19.0604543],[72.9507192,19.0606243],[72.9507357,19.0606449],[72.9508482,19.0607838],[72.9509372,19.060895],[72.9510448,19.0610218],[72.9511366,19.0611388],[72.9511427,19.0611464],[72.9512176,19.0612392],[72.9513367,19.0613823],[72.9514514,19.0615253],[72.9515878,19.0616907],[72.9516898,19.0618116],[72.9517631,19.0619075],[72.9518065,19.061959],[72.9518474,19.0620094],[72.9518912,19.0620633],[72.9519215,19.0621013],[72.9520785,19.0622134],[72.9520844,19.0622178],[72.9523437,19.0624055],[72.9525554,19.0625696],[72.9526855,19.0626652],[72.9528614,19.0627945],[72.9530885,19.0629722],[72.9531652,19.0630288],[72.953189,19.0630464],[72.9532102,19.0630605],[72.9532965,19.0631181],[72.9533289,19.0631382],[72.9534028,19.0631841],[72.9534615,19.0632243],[72.9535036,19.0632531],[72.9535433,19.0632782],[72.953608,19.063319],[72.9537124,19.0633865],[72.9537346,19.0633905],[72.9538189,19.0634057],[72.9538724,19.0634161],[72.9539358,19.0634286],[72.9539634,19.0634333],[72.9540597,19.06345],[72.9541388,19.0634661],[72.9541818,19.0634748],[72.9543059,19.063493],[72.9543423,19.0635004],[72.9544262,19.0635177],[72.9545351,19.0635202],[72.954569,19.0635215],[72.954659,19.063525],[72.9547855,19.0635282],[72.9549084,19.0635346],[72.9550384,19.0635363],[72.9551551,19.0635424],[72.9551595,19.0635427],[72.9552843,19.0635441],[72.9553705,19.0635452],[72.9554091,19.0635456],[72.9555339,19.0635488],[72.9556579,19.0635536],[72.9557791,19.0635583],[72.9557879,19.0635581],[72.9558392,19.0635574],[72.955904,19.0635564],[72.9562029,19.0635246],[72.9563368,19.0635002],[72.9564442,19.0637142],[72.9563791,19.0643011],[72.9563593,19.0647324],[72.9563711,19.0649529],[72.9564103,19.0653023],[72.9564117,19.0653961],[72.9564059,19.0654662],[72.9563879,19.0655316],[72.9543757,19.06913],[72.9544056,19.0700081],[72.954425,19.0707705],[72.9544616,19.0717572],[72.9544837,19.0725697],[72.9543336,19.072873],[72.9536186,19.074936],[72.9536182,19.0749554],[72.9535676,19.0750704],[72.9534348,19.0754077],[72.9528495,19.0767904],[72.9528275,19.0768356],[72.9527532,19.0769885],[72.9524612,19.0772771],[72.9522157,19.0775866],[72.9511483,19.0788668],[72.9501001,19.0823288],[72.9497704,19.0829824],[72.9491494,19.0840256],[72.9493062,19.0851743],[72.9492152,19.0858544],[72.9491764,19.0863977],[72.9491153,19.0879558],[72.9490973,19.0882467],[72.9490565,19.0884769],[72.9490632,19.0884776],[72.9484261,19.0905568],[72.9481734,19.0913168],[72.9479211,19.0920496],[72.9478846,19.0926476],[72.947892,19.0926462],[72.9478918,19.0930889],[72.9478818,19.0941861],[72.9478834,19.094415],[72.9478417,19.0968032],[72.9478132,19.0977627],[72.947795,19.0981842],[72.9477741,19.098877],[72.9477775,19.0989484],[72.9477756,19.0989899],[72.9477821,19.0990951],[72.947791,19.1000829],[72.9478044,19.1002559],[72.9478159,19.1009464],[72.9478243,19.1009444],[72.9477619,19.1029608],[72.9477195,19.1036966],[72.9472807,19.1048117],[72.9471677,19.1051122],[72.946982,19.1056518],[72.9466599,19.1065914],[72.9464535,19.1072155],[72.9461397,19.1082955],[72.9453852,19.1098485],[72.9429259,19.1147585],[72.9433843,19.1146756],[72.9435121,19.1147404],[72.9440742,19.1148167],[72.9440762,19.1148082],[72.9443646,19.1147597],[72.9453654,19.1145915],[72.9456146,19.1142931],[72.9456122,19.1142615],[72.9461971,19.1137632],[72.9462744,19.1137198],[72.946363,19.1136589],[72.947078,19.1130805],[72.9477556,19.1124263],[72.9481499,19.1120676],[72.9481458,19.1120571],[72.9485229,19.1117],[72.9490628,19.1113484],[72.9493709,19.1111947],[72.9494371,19.1111671],[72.9501,19.1110387],[72.950415,19.1110026],[72.9509503,19.1109333],[72.9518236,19.1108316],[72.9526886,19.1122002],[72.9527286,19.1122795],[72.9527923,19.1123866],[72.9534234,19.1134096],[72.9537376,19.1139507],[72.9537904,19.1141588],[72.9537982,19.1141655],[72.9539786,19.1148844],[72.9543437,19.1160151],[72.9544304,19.1164202],[72.9544464,19.1164518],[72.9545797,19.116914],[72.9546061,19.116949],[72.9550461,19.1175315],[72.9558276,19.1185779],[72.9558342,19.1185766],[72.9559805,19.1187636],[72.9560925,19.1189136],[72.9561486,19.1189774],[72.9561809,19.1190322],[72.9564309,19.119348],[72.9577636,19.1212736],[72.9580351,19.1217234],[72.9584004,19.1222953],[72.9588036,19.1229076],[72.9588128,19.1229091],[72.9591408,19.1234134],[72.9593625,19.123746],[72.959355,19.1237639],[72.9599298,19.1246894],[72.9601628,19.1250502],[72.9601786,19.1250547],[72.9603981,19.125389],[72.9607396,19.1259701],[72.9609645,19.1272101],[72.9609734,19.127218],[72.9610451,19.1275875],[72.9610804,19.127786],[72.9612085,19.1286015],[72.9601104,19.1304529],[72.9594556,19.131531],[72.9594521,19.1315624],[72.959338,19.1317384],[72.9590358,19.1323091],[72.9612585,19.1344745],[72.9613111,19.1345277],[72.9614352,19.1346531],[72.9622282,19.135455],[72.9624581,19.1356997],[72.9641358,19.1374567],[72.9645245,19.1378731],[72.9650374,19.138404],[72.9656789,19.1390777],[72.9670342,19.1397327],[72.968074,19.140654],[72.969027,19.1423927],[72.9692865,19.1428151],[72.9699305,19.1438929],[72.9702949,19.1445265],[72.9705285,19.1449761],[72.9708794,19.1455921],[72.9717764,19.147137],[72.9718735,19.1473491],[72.9722574,19.1479886],[72.9729335,19.1491336],[72.9730351,19.1492978],[72.9735543,19.1499883],[72.973732,19.1501713],[72.9750183,19.1518945],[72.9753362,19.1523183],[72.9755447,19.1524723],[72.9756595,19.1526554],[72.9757349,19.1530233],[72.975817,19.153528],[72.9758394,19.1536179],[72.976094,19.1549241],[72.9762223,19.1556317],[72.9762567,19.1557834],[72.9763017,19.1562668],[72.9761727,19.1571816],[72.9763666,19.1579506],[72.9768271,19.1598554],[72.9769099,19.1601154],[72.9774261,19.1618647],[72.9783708,19.164443],[72.9787714,19.165497],[72.978969,19.166221],[72.9790857,19.1666005],[72.9791331,19.1667292],[72.9796906,19.168768],[72.9817485,19.1703648],[72.9803131,19.1703446],[72.9771448,19.1721654],[72.9742464,19.1742018],[72.9720345,19.172718],[72.9690217,19.1727562],[72.9686761,19.1759134],[72.9685081,19.1760117],[72.9684274,19.1763224],[72.9681556,19.1768995],[72.9679595,19.1775312],[72.9680256,19.1779136],[72.9677638,19.1777923],[72.9669691,19.1779506],[72.9667659,19.1776556],[72.9662862,19.1775204],[72.9662046,19.1774267],[72.9657448,19.1771438],[72.964487,19.1768812],[72.9639722,19.1768977],[72.963784,19.1766703],[72.9633791,19.1768267],[72.9625576,19.1776151],[72.9626225,19.178107],[72.9625495,19.1784252],[72.9621528,19.1786949],[72.9618567,19.1790107],[72.9617324,19.1793911],[72.9616685,19.1794425],[72.9615821,19.1794789],[72.9610622,19.1788707],[72.9608763,19.1790084],[72.9607781,19.1789015],[72.9604985,19.1791148],[72.9601734,19.1789001],[72.9597979,19.178933],[72.9597501,19.1790616],[72.9597466,19.1793144],[72.959394,19.1794204],[72.9593925,19.1797084],[72.9596001,19.1800619],[72.9595604,19.1802074],[72.9590187,19.1808146],[72.9588093,19.180858],[72.95867,19.1807584],[72.958622,19.1808092],[72.9585385,19.1810504],[72.9586574,19.1816866],[72.958452,19.1819278],[72.9583474,19.1821528],[72.9581648,19.1821675],[72.9580208,19.1825524],[72.9576982,19.1826659],[72.9575038,19.1825905],[72.957343,19.1827011],[72.9566637,19.1827068],[72.9565578,19.1827644],[72.9564213,19.1830071],[72.9557866,19.1833308],[72.9556915,19.1835684],[72.9558877,19.1837988],[72.9558557,19.1842167],[72.955528,19.1843682],[72.9554233,19.1846512],[72.955177,19.1847606],[72.955084,19.1848693],[72.9549813,19.1851776],[72.9544595,19.1851701],[72.9544561,19.1848044],[72.9544135,19.1847782],[72.9537316,19.1849157],[72.9534477,19.184851],[72.953303,19.1847412],[72.9523677,19.186394],[72.9497703,19.1887029],[72.9486387,19.1875888],[72.948139,19.1875023],[72.9481166,19.1875608],[72.9475413,19.1878151],[72.9472903,19.1876354],[72.946874,19.1876567],[72.9469571,19.1879332],[72.9467275,19.1880204],[72.9465788,19.1878007],[72.9464482,19.1878903],[72.9463521,19.1877872],[72.9457593,19.1879285],[72.9450318,19.1879342],[72.9448792,19.1880211],[72.944738,19.1879683],[72.9442546,19.1879767],[72.9434392,19.1875968],[72.9428767,19.1878532],[72.9422479,19.1876548],[72.94194,19.1873861],[72.9413343,19.1881573],[72.9407464,19.1886481],[72.939847,19.188974],[72.9411319,19.1900811],[72.9416978,19.1910551],[72.941724,19.1922445],[72.941367,19.1956996],[72.9411622,19.2018562],[72.9365433,19.2039855],[72.9353378,19.2049319],[72.9326842,19.2066938],[72.9324329,19.2078528],[72.9250625,19.2160101]]]}},{"type":"Feature","properties":{"layer":"city","location_id":"IN-bengaluru","city_name":"Yelahanka","order":1,"color":"#22c55e"},"geometry":{"type":"Polygon","coordinates":[[[77.5846106,13.1036176],[77.5846488,13.1035849],[77.5846545,13.1035803],[77.585318,13.103018],[77.585491,13.1028729],[77.5858542,13.1025677],[77.586132,13.1023594],[77.5864463,13.1021213],[77.5865149,13.1020676],[77.5870634,13.1016352],[77.5873439,13.101411],[77.587473,13.101307],[77.5878552,13.1010005],[77.5882482,13.100686],[77.5883407,13.1006083],[77.5886028,13.1003843],[77.5890003,13.1000562],[77.5892419,13.0998573],[77.5896306,13.0995146],[77.5896614,13.0994894],[77.5901571,13.099079],[77.5902845,13.0989727],[77.5904809,13.098807],[77.5906305,13.0986801],[77.5911848,13.0982003],[77.5915245,13.09791],[77.5923182,13.0971885],[77.5924086,13.0971287],[77.5924252,13.097115],[77.5924469,13.0970967],[77.5925446,13.0970167],[77.5926684,13.0969012],[77.5931852,13.0964196],[77.593232,13.0963751],[77.5933024,13.0963037],[77.5934896,13.0961139],[77.5936865,13.0958931],[77.5939286,13.0956216],[77.5941742,13.0953707],[77.5942703,13.0952455],[77.5942944,13.0951843],[77.5943124,13.0951423],[77.5943341,13.0950721],[77.5952958,13.0963015],[77.5953885,13.09642],[77.595613,13.0959615],[77.5957912,13.095543],[77.5961598,13.09427],[77.5962129,13.0938923],[77.5962626,13.0935778],[77.5963138,13.0932431],[77.5963666,13.0926801],[77.596341,13.0923269],[77.5962619,13.091422],[77.5962321,13.0911095],[77.5961583,13.090776],[77.5960512,13.0903367],[77.5959865,13.0901385],[77.5958929,13.0898515],[77.595733,13.0894364],[77.5954833,13.088802],[77.5954085,13.0886272],[77.5950705,13.0878373],[77.5947979,13.0872175],[77.5949174,13.0872405],[77.5951329,13.0871856],[77.5951891,13.0871713],[77.5958199,13.0870107],[77.5964315,13.0868909],[77.5964997,13.0868776],[77.5976264,13.0866832],[77.5978357,13.0866476],[77.6021439,13.0859083],[77.6022204,13.0859533],[77.6025254,13.0861327],[77.6025484,13.0861462],[77.6025726,13.0861605],[77.6033968,13.0864842],[77.6034706,13.0865132],[77.6041241,13.0868255],[77.6041449,13.0868354],[77.6040727,13.0869972],[77.6039836,13.0871129],[77.6038261,13.0872808],[77.6034607,13.0877756],[77.6034369,13.0878914],[77.6033988,13.0883632],[77.6033016,13.0887301],[77.6032149,13.0890855],[77.6025283,13.0903414],[77.6022403,13.0908025],[77.6019344,13.09117],[77.6014694,13.0917998],[77.6012019,13.0923325],[77.6008654,13.0932212],[77.6008417,13.0938578],[77.6007109,13.0945176],[77.600208,13.0961115],[77.599688,13.0970336],[77.5993985,13.0974133],[77.5988452,13.098015],[77.5998435,13.1015985],[77.6003925,13.1034389],[77.6004203,13.1036083],[77.5995983,13.103619],[77.5995256,13.1040144],[77.599416,13.104115],[77.5993598,13.1043325],[77.5993438,13.104854],[77.5991325,13.1049284],[77.5983095,13.1046872],[77.5977491,13.1046525],[77.597533,13.1045604],[77.5973032,13.1043337],[77.5969604,13.1042747],[77.5962593,13.1041769],[77.5956686,13.1043264],[77.5953858,13.1044307],[77.5950038,13.1044363],[77.5947691,13.1043791],[77.5937987,13.104339],[77.5932355,13.1043311],[77.5931603,13.1043347],[77.5930093,13.1043075],[77.5924094,13.1041817],[77.5919335,13.1039962],[77.591687,13.1045391],[77.5915539,13.1048322],[77.5902224,13.1049252],[77.5899676,13.1047932],[77.5895805,13.1047391],[77.5878632,13.1042237],[77.5878039,13.1041912],[77.5872136,13.1039877],[77.5848036,13.1037151],[77.5846106,13.1036176]]]}},{"type":"Feature","properties":{"layer":"city","location_id":"AR-buenos-aires","city_name":"Balvanera","order":1,"color":"#22c55e"},"geometry":{"type":"Polygon","coordinates":[[[-58.4139342,-34.6073392],[-58.4139661,-34.6074749],[-58.4140341,-34.6077646],[-58.4140574,-34.6078381],[-58.4140763,-34.6078674],[-58.4141001,-34.6078932],[-58.4141201,-34.6079105],[-58.4141584,-34.6079352],[-58.4143203,-34.6080166],[-58.4145576,-34.6081304],[-58.4146691,-34.6081812],[-58.4146721,-34.6082718],[-58.4146689,-34.6083098],[-58.4146398,-34.6088368],[-58.4146359,-34.6088905],[-58.4145789,-34.6089457],[-58.4145574,-34.6093011],[-58.414574,-34.6093754],[-58.4144795,-34.6106025],[-58.4144434,-34.6107214],[-58.414407,-34.6108278],[-58.4140229,-34.6115412],[-58.4134265,-34.612606],[-58.4133725,-34.6127051],[-58.4131241,-34.6134094],[-58.4128867,-34.6141118],[-58.4127854,-34.6154464],[-58.4127355,-34.6166344],[-58.4126932,-34.6180805],[-58.4126482,-34.619404],[-58.4125381,-34.6206274],[-58.4123128,-34.6205933],[-58.4113109,-34.6204161],[-58.4110119,-34.6203632],[-58.4108166,-34.6203286],[-58.410604,-34.6202848],[-58.4104935,-34.6202621],[-58.4100907,-34.6201791],[-58.4092714,-34.6200198],[-58.4090346,-34.6199706],[-58.4077895,-34.6197123],[-58.4064074,-34.6194232],[-58.4060823,-34.6193557],[-58.4050571,-34.6191427],[-58.4037477,-34.6188775],[-58.403669,-34.6188616],[-58.4035056,-34.6188438],[-58.4032852,-34.6188198],[-58.4030183,-34.6187952],[-58.4022586,-34.6187305],[-58.400998,-34.6186469],[-58.4007119,-34.6186307],[-58.4004402,-34.6186111],[-58.4000442,-34.6185823],[-58.3989571,-34.6185184],[-58.3987136,-34.6185088],[-58.3975219,-34.6184529],[-58.3959883,-34.6183702],[-58.3957687,-34.618354],[-58.3945104,-34.6182776],[-58.3931999,-34.6182098],[-58.3921341,-34.6181649],[-58.3916923,-34.618148],[-58.3916892,-34.6178065],[-58.3916879,-34.6176419],[-58.391687,-34.6175372],[-58.3916863,-34.6174577],[-58.3916783,-34.6168669],[-58.3916767,-34.6166247],[-58.3916726,-34.6164005],[-58.3916674,-34.6161178],[-58.3916595,-34.6156895],[-58.3916629,-34.6154129],[-58.3916773,-34.6148991],[-58.391691,-34.614597],[-58.391713,-34.6140687],[-58.3917163,-34.6139665],[-58.3917171,-34.6139277],[-58.3917232,-34.6138077],[-58.3917358,-34.6134766],[-58.3917385,-34.613438],[-58.3917423,-34.6132702],[-58.3917536,-34.6129447],[-58.3917657,-34.6126495],[-58.3917691,-34.6123515],[-58.3917887,-34.6119452],[-58.3918005,-34.6116175],[-58.391806,-34.6114889],[-58.3918816,-34.6103479],[-58.3918605,-34.6102431],[-58.3918669,-34.6102056],[-58.3918802,-34.6100334],[-58.3919114,-34.6097109],[-58.3919198,-34.6096251],[-58.3919422,-34.6094131],[-58.3919455,-34.6093594],[-58.3919583,-34.6092277],[-58.3919878,-34.6087967],[-58.3920154,-34.6084297],[-58.3920486,-34.6079771],[-58.3920721,-34.6076124],[-58.3921248,-34.6067811],[-58.3922106,-34.605644],[-58.3922303,-34.6053398],[-58.3922451,-34.605168],[-58.392271,-34.6048664],[-58.3922885,-34.6046622],[-58.392294,-34.6045983],[-58.3923055,-34.6044657],[-58.3923106,-34.6044006],[-58.3923254,-34.6041256],[-58.3923392,-34.603911],[-58.3923658,-34.6036001],[-58.3923792,-34.603443],[-58.3924038,-34.6031576],[-58.3926135,-34.6019697],[-58.3927613,-34.6008055],[-58.3927985,-34.6006038],[-58.3928461,-34.6003168],[-58.3928656,-34.6001836],[-58.3928818,-34.6000727],[-58.3929401,-34.5996579],[-58.3933424,-34.5996705],[-58.3933819,-34.5996712],[-58.3942454,-34.599708],[-58.3943863,-34.5997077],[-58.3958177,-34.599715],[-58.3970524,-34.5997415],[-58.3971947,-34.5997447],[-58.3973091,-34.599748],[-58.3986136,-34.5997731],[-58.3987302,-34.5997698],[-58.3988593,-34.5997619],[-58.3999137,-34.5996468],[-58.4009267,-34.5995333],[-58.4009765,-34.5995264],[-58.4010821,-34.5995115],[-58.4019031,-34.5994196],[-58.4019561,-34.5994096],[-58.4020145,-34.5993929],[-58.402055,-34.5993758],[-58.4021108,-34.5993498],[-58.4024671,-34.5991633],[-58.4031022,-34.5988256],[-58.4037393,-34.5984691],[-58.4040667,-34.5982903],[-58.4043591,-34.5981337],[-58.404422,-34.5980996],[-58.4044764,-34.5980794],[-58.4045323,-34.598069],[-58.4045889,-34.5980631],[-58.404761,-34.5980592],[-58.405441,-34.5980573],[-58.4056011,-34.5980527],[-58.4057859,-34.5980542],[-58.4065486,-34.5980606],[-58.4066509,-34.59806],[-58.4067629,-34.5980616],[-58.4080624,-34.5980822],[-58.4081756,-34.5980826],[-58.4094111,-34.5980978],[-58.410198,-34.5981043],[-58.4103061,-34.5981066],[-58.4119275,-34.5980173],[-58.4121152,-34.5993],[-58.412293,-34.6002418],[-58.4126,-34.6016093],[-58.4127959,-34.6024536],[-58.4128113,-34.6025204],[-58.4128308,-34.6025984],[-58.4129959,-34.6032351],[-58.413204,-34.6041516],[-58.4132419,-34.6043214],[-58.413397,-34.6050304],[-58.4134167,-34.605117],[-58.4134349,-34.6051925],[-58.4136592,-34.6061147],[-58.4138174,-34.6068189],[-58.4139342,-34.6073392]]]}},{"type":"Feature","properties":{"layer":"admin","location_id":"AR-buenos-aires","admin_name":"San Nicolás","admin_level":9,"color":"#dc2626"},"geometry":{"type":"Polygon","coordinates":[[[-58.3923106,-34.6044006],[-58.3923055,-34.6044657],[-58.392294,-34.6045983],[-58.3922885,-34.6046622],[-58.392271,-34.6048664],[-58.3922451,-34.605168],[-58.3922303,-34.6053398],[-58.3922106,-34.605644],[-58.3921248,-34.6067811],[-58.3920721,-34.6076124],[-58.3920486,-34.6079771],[-58.3920154,-34.6084297],[-58.3919878,-34.6087967],[-58.3919583,-34.6092277],[-58.3917696,-34.6092635],[-58.3914118,-34.6092541],[-58.3913151,-34.6092486],[-58.3908746,-34.6092189],[-58.3905603,-34.6091977],[-58.3904716,-34.6091917],[-58.3900825,-34.6091655],[-58.3900406,-34.6091627],[-58.3898373,-34.609149],[-58.3896639,-34.6091379],[-58.3891814,-34.6090929],[-58.3887661,-34.6090762],[-58.3886386,-34.6090682],[-58.3882701,-34.6089726],[-58.3876206,-34.6089077],[-58.387456,-34.6088738],[-58.3862803,-34.6087734],[-58.3861716,-34.6087672],[-58.3848813,-34.6086807],[-58.3834673,-34.6085663],[-58.3820799,-34.6084556],[-58.3819641,-34.6084426],[-58.3818761,-34.6084335],[-58.3815829,-34.608418],[-58.3814349,-34.6084088],[-58.3813746,-34.608405],[-58.3812703,-34.6084015],[-58.3811209,-34.6083972],[-58.3810082,-34.6083926],[-58.380732,-34.6083762],[-58.3792228,-34.6082923],[-58.3778104,-34.6081973],[-58.3764185,-34.6081154],[-58.3749854,-34.6080372],[-58.3746303,-34.608005],[-58.3739488,-34.6079534],[-58.373883,-34.6079372],[-58.3737272,-34.6078691],[-58.3735387,-34.6079734],[-58.3734339,-34.6079776],[-58.3729923,-34.6079331],[-58.372254,-34.6078819],[-58.372181,-34.6078756],[-58.3721214,-34.607873],[-58.3719175,-34.6078616],[-58.3718561,-34.6078584],[-58.3717996,-34.6078561],[-58.3717432,-34.6078537],[-58.3716597,-34.6078509],[-58.3714639,-34.6078426],[-58.3713901,-34.6078407],[-58.3712871,-34.6078309],[-58.3712322,-34.6078192],[-58.3711809,-34.6078023],[-58.3711472,-34.6077863],[-58.3710941,-34.6077603],[-58.3709849,-34.6076597],[-58.370821,-34.607483],[-58.3707314,-34.6073999],[-58.3706773,-34.6073653],[-58.3705954,-34.6073214],[-58.370519,-34.6072904],[-58.3704308,-34.6072527],[-58.3703914,-34.6072163],[-58.3703636,-34.6071733],[-58.3703458,-34.6071185],[-58.3702215,-34.6065868],[-58.3701509,-34.6064889],[-58.3701086,-34.6064429],[-58.3700563,-34.6064009],[-58.3699895,-34.6063595],[-58.369928,-34.6063304],[-58.3698669,-34.6063056],[-58.369786,-34.6062811],[-58.369734,-34.6062718],[-58.369668,-34.6062689],[-58.3696338,-34.6062719],[-58.3695392,-34.6062844],[-58.3694787,-34.6062969],[-58.3693986,-34.6063188],[-58.3693421,-34.6063352],[-58.3690765,-34.6064375],[-58.3689403,-34.606522],[-58.3688129,-34.6066292],[-58.3686018,-34.6068442],[-58.3685522,-34.6069074],[-58.3684895,-34.6070032],[-58.3684223,-34.6071205],[-58.3683441,-34.6073242],[-58.3677481,-34.6073049],[-58.3677849,-34.607015],[-58.3678034,-34.6068545],[-58.3679377,-34.6055423],[-58.3679594,-34.6053154],[-58.3679826,-34.6051688],[-58.3679998,-34.6050274],[-58.3680027,-34.6049993],[-58.3682194,-34.6028376],[-58.3682357,-34.6026915],[-58.3682502,-34.6025656],[-58.3683102,-34.6020429],[-58.3683352,-34.6018256],[-58.3683428,-34.6017375],[-58.3683633,-34.6016135],[-58.3683684,-34.6015753],[-58.368428,-34.601116],[-58.3684448,-34.6010352],[-58.3684699,-34.6009462],[-58.3685051,-34.6008503],[-58.368658,-34.6004877],[-58.3686883,-34.6004141],[-58.3687248,-34.6003268],[-58.3691006,-34.5994282],[-58.3691368,-34.5993495],[-58.3691795,-34.5992565],[-58.3693871,-34.5987687],[-58.3695,-34.5984033],[-58.3695429,-34.5982653],[-58.3697142,-34.5982719],[-58.3705948,-34.5983374],[-58.3708694,-34.5983679],[-58.3709716,-34.5983781],[-58.3710915,-34.598392],[-58.3711694,-34.5983993],[-58.3712972,-34.5984132],[-58.3714781,-34.5984239],[-58.3727161,-34.5985065],[-58.3728017,-34.5985214],[-58.372891,-34.5985414],[-58.3732173,-34.5985617],[-58.3734882,-34.5985787],[-58.3741093,-34.5985958],[-58.3742064,-34.598585],[-58.3742807,-34.5985913],[-58.3747734,-34.5986282],[-58.3748973,-34.5986386],[-58.3751484,-34.5986563],[-58.375288,-34.5986667],[-58.3753683,-34.5986727],[-58.3759008,-34.5987126],[-58.3759295,-34.5987148],[-58.3759713,-34.5987168],[-58.3761624,-34.5987315],[-58.3768504,-34.5987837],[-58.3772882,-34.5988195],[-58.3779114,-34.5988656],[-58.3782002,-34.5988908],[-58.3782779,-34.5988981],[-58.3783823,-34.5989346],[-58.3797508,-34.5989852],[-58.3811049,-34.5990374],[-58.3812768,-34.5990231],[-58.3816445,-34.5990367],[-58.3817649,-34.5990388],[-58.3818765,-34.5990424],[-58.3819338,-34.5990432],[-58.3821111,-34.5990497],[-58.3825158,-34.5990634],[-58.3826445,-34.5990678],[-58.3840481,-34.599178],[-58.3841655,-34.5991809],[-58.3853254,-34.5992401],[-58.3854618,-34.5992491],[-58.3866825,-34.5993089],[-58.3868537,-34.5993132],[-58.3881602,-34.599384],[-58.389539,-34.5994607],[-58.3896765,-34.5994653],[-58.390154,-34.5994942],[-58.391442,-34.5995772],[-58.39157,-34.5995838],[-58.3929401,-34.5996579],[-58.3928818,-34.6000727],[-58.3928656,-34.6001836],[-58.3928461,-34.6003168],[-58.3927985,-34.6006038],[-58.3927613,-34.6008055],[-58.3926135,-34.6019697],[-58.3924038,-34.6031576],[-58.3923792,-34.603443],[-58.3923658,-34.6036001],[-58.3923392,-34.603911],[-58.3923254,-34.6041256],[-58.3923106,-34.6044006]]]}},{"type":"Feature","properties":{"layer":"city","location_id":"AR-rosario","city_name":"Pérez","order":1,"color":"#22c55e"},"geometry":{"type":"Polygon","coordinates":[[[-60.7673483,-32.9926635],[-60.7675118,-32.9924265],[-60.7678136,-32.9919962],[-60.767899,-32.9918745],[-60.7682595,-32.9913606],[-60.7694949,-32.9919927],[-60.7696893,-32.9920921],[-60.7701348,-32.99232],[-60.7707235,-32.9926211],[-60.7717539,-32.9931483],[-60.7724351,-32.9934968],[-60.772842,-32.993705],[-60.7739149,-32.9942539],[-60.7743829,-32.994487],[-60.7749801,-32.9947943],[-60.7760309,-32.9953243],[-60.7774116,-32.9960208],[-60.776969,-32.9966426],[-60.7768943,-32.9967476],[-60.7767804,-32.9969076],[-60.776336,-32.9975196],[-60.7756873,-32.9984128],[-60.7754016,-32.9988062],[-60.7749448,-32.9994353],[-60.7747267,-32.9997706],[-60.7747027,-32.9998612],[-60.7746783,-32.9998932],[-60.7745863,-33.0000167],[-60.7743567,-33.0003288],[-60.7742831,-33.0004296],[-60.7737338,-33.0012028],[-60.7736546,-33.0013142],[-60.7730025,-33.002232],[-60.7723855,-33.0031003],[-60.7720583,-33.0035609],[-60.7719411,-33.0037258],[-60.7706063,-33.0030446],[-60.7694509,-33.0024647],[-60.7684393,-33.0019563],[-60.767356,-33.0014115],[-60.7662582,-33.0008664],[-60.7652264,-33.0003389],[-60.764159,-32.999793],[-60.76279,-32.9990928],[-60.7628756,-32.9989742],[-60.763225,-32.9984903],[-60.7638631,-32.9976042],[-60.7639567,-32.9974738],[-60.7645049,-32.9967101],[-60.7650785,-32.9958742],[-60.7651447,-32.9957777],[-60.7651993,-32.9957993],[-60.76524,-32.9957763],[-60.7653173,-32.995716],[-60.7653008,-32.9956942],[-60.7652217,-32.9955486],[-60.7651421,-32.9954424],[-60.7650298,-32.9953372],[-60.7652391,-32.9951705],[-60.7653031,-32.9951185],[-60.7653338,-32.9950863],[-60.7653975,-32.9950237],[-60.765678,-32.9947482],[-60.7658623,-32.9947975],[-60.7658971,-32.9947365],[-60.7665656,-32.993777],[-60.767185,-32.9928935],[-60.7673483,-32.9926635]]]}},{"type":"Feature","properties":{"layer":"admin","location_id":"AR-rosario","admin_name":"Villa Urquiza","admin_level":10,"color":"#dc2626"},"geometry":{"type":"Polygon","coordinates":[[[-60.7019164,-32.9495235],[-60.7029601,-32.9495498],[-60.7040631,-32.9495812],[-60.7052518,-32.9496132],[-60.7063915,-32.9496422],[-60.7075617,-32.9496749],[-60.7087071,-32.9497056],[-60.7098499,-32.9497361],[-60.7109944,-32.9497668],[-60.7119833,-32.9497942],[-60.7121318,-32.9497985],[-60.7122031,-32.9498],[-60.712148,-32.9509506],[-60.7120993,-32.9521863],[-60.7120542,-32.953336],[-60.7119599,-32.955737],[-60.7118704,-32.9580129],[-60.7118198,-32.9592941],[-60.7118183,-32.9593379],[-60.7118167,-32.9593817],[-60.7118152,-32.9594256],[-60.7116698,-32.9627928],[-60.7115724,-32.9657488],[-60.7115686,-32.9658287],[-60.7114653,-32.9679727],[-60.7091682,-32.9668109],[-60.7069292,-32.9656848],[-60.7047013,-32.9645594],[-60.7024315,-32.9634185],[-60.7014352,-32.9629282],[-60.7013118,-32.9628634],[-60.7003168,-32.9623709],[-60.6989054,-32.9616558],[-60.6977214,-32.961058],[-60.6964434,-32.9604196],[-60.6951849,-32.9597894],[-60.693943,-32.9591605],[-60.6930553,-32.9587253],[-60.6922087,-32.9588725],[-60.6922169,-32.9586458],[-60.6922109,-32.9585291],[-60.6922852,-32.9563082],[-60.6923781,-32.9539703],[-60.6924106,-32.9528398],[-60.6924438,-32.9517089],[-60.6924852,-32.9504678],[-60.6925155,-32.9492731],[-60.6933806,-32.9492948],[-60.6943548,-32.9493217],[-60.6955806,-32.9493537],[-60.6969163,-32.9493898],[-60.6981955,-32.949424],[-60.6994436,-32.9494573],[-60.7007667,-32.9494928],[-60.7016983,-32.9495178],[-60.701797,-32.9495204],[-60.7018652,-32.9495222],[-60.7019164,-32.9495235]]]}},{"type":"Feature","properties":{"layer":"city","location_id":"NL-amsterdam","city_name":"Dapperbuurt","order":1,"color":"#22c55e"},"geometry":{"type":"MultiPolygon","coordinates":[[[[5.0144828,52.3036142],[5.0147307,52.303548],[5.0149576,52.3034733],[5.0151083,52.3034134],[5.0151774,52.3033864],[5.0152354,52.3033615],[5.0153666,52.3033172],[5.0157301,52.303197],[5.0160969,52.3030812],[5.0163925,52.3029979],[5.0166479,52.302937],[5.0167059,52.3029197],[5.0166912,52.3028911],[5.0166853,52.3028808],[5.0168246,52.302846],[5.0168995,52.3028297],[5.0169997,52.3028095],[5.0170555,52.3027991],[5.0171296,52.3027844],[5.0173048,52.3027537],[5.017501,52.3027198],[5.0176344,52.3026974],[5.0178401,52.3026623],[5.0179884,52.3026414],[5.0181043,52.3026244],[5.0181985,52.3026123],[5.0183049,52.302598],[5.018407,52.3025885],[5.0185003,52.3025785],[5.0185919,52.3025674],[5.0186538,52.3025608],[5.0191931,52.3025153],[5.0197436,52.3024871],[5.0201128,52.3024777],[5.0204899,52.3024731],[5.0204996,52.302473],[5.0205713,52.3024725],[5.0206425,52.3024719],[5.0206781,52.3024713],[5.0215432,52.3024568],[5.0215184,52.3026695],[5.0215011,52.3028089],[5.0214789,52.3029936],[5.0214612,52.3031342],[5.0214471,52.3032319],[5.0214321,52.3033268],[5.02141,52.3034612],[5.021382,52.3036165],[5.0213337,52.3038651],[5.0212902,52.30408],[5.0211958,52.304485],[5.0211593,52.3046323],[5.0211529,52.3046816],[5.021142,52.3047705],[5.0211331,52.3048309],[5.021127,52.3048642],[5.0210639,52.3051481],[5.021036,52.3051624],[5.0208089,52.3062842],[5.020712,52.3067976],[5.0206388,52.3072164],[5.0205829,52.3075342],[5.020527,52.3078579],[5.0204063,52.3085369],[5.0203555,52.3088241],[5.0203054,52.3091095],[5.020229,52.3095422],[5.0201551,52.309956],[5.0200064,52.3108193],[5.0198926,52.3114872],[5.0198366,52.3118046],[5.0198324,52.3118283],[5.019707,52.3125058],[5.0195572,52.3133814],[5.0192988,52.3148556],[5.0189694,52.3166874],[5.0187566,52.3178945],[5.0185269,52.3191586],[5.0183314,52.3202494],[5.0182638,52.3206453],[5.0182085,52.3210363],[5.0181317,52.3215386],[5.0180537,52.3219837],[5.017967,52.3226673],[5.0179328,52.3231923],[5.0168327,52.3230199],[5.0167483,52.3230044],[5.0166533,52.3229869],[5.0165809,52.3232273],[5.0165831,52.3232851],[5.0165461,52.3234388],[5.0164997,52.3235475],[5.0164162,52.3236449],[5.0164355,52.3236849],[5.016424,52.323731],[5.016408,52.3238039],[5.0163652,52.3239687],[5.0163435,52.3241125],[5.0163225,52.3242365],[5.0162959,52.3242977],[5.0162687,52.3243473],[5.0162395,52.3243988],[5.0162067,52.3244407],[5.0161757,52.3244755],[5.0161337,52.3245121],[5.0161025,52.3244964],[5.0160693,52.3244797],[5.0158462,52.3243676],[5.0158351,52.324362],[5.0157843,52.3243365],[5.0154715,52.3241627],[5.0154226,52.3241356],[5.0151786,52.3240001],[5.0150632,52.3239341],[5.0147346,52.3237435],[5.0141402,52.3233907],[5.0136885,52.3231123],[5.012877,52.3226579],[5.0124573,52.3224163],[5.0122427,52.3222776],[5.0116129,52.3219155],[5.0112867,52.3217283],[5.0108805,52.3214884],[5.0107082,52.3213931],[5.0106587,52.3213657],[5.0106235,52.3213461],[5.0104208,52.3212267],[5.0103145,52.321164],[5.0100804,52.3210315],[5.0097553,52.3208447],[5.0097466,52.3208397],[5.00946,52.3206862],[5.0093606,52.3206291],[5.0091609,52.3205287],[5.0091347,52.3205153],[5.0091263,52.320511],[5.009102,52.3204986],[5.0090992,52.3204971],[5.0090821,52.3204883],[5.0090797,52.3204871],[5.0087639,52.3203253],[5.0084594,52.320158],[5.0082287,52.3200232],[5.0079812,52.3198843],[5.0077401,52.3197426],[5.0074442,52.3195727],[5.0070823,52.3193861],[5.0070606,52.3193523],[5.0069667,52.3193088],[5.0069071,52.3192794],[5.0067775,52.3192157],[5.0067124,52.3191795],[5.0067035,52.3191751],[5.0065228,52.3190769],[5.0064376,52.3190244],[5.0059921,52.3187548],[5.0058779,52.3186871],[5.0057962,52.3186386],[5.0057373,52.3186037],[5.005198,52.3182778],[5.005007,52.3181416],[5.004464,52.317776],[5.0043696,52.3177125],[5.0043102,52.3176731],[5.0038876,52.3173927],[5.0034421,52.3170971],[5.003056,52.316869],[5.0029155,52.3167828],[5.0027536,52.3166836],[5.002205,52.3163298],[5.0021999,52.3163265],[5.0021616,52.3163027],[5.0015312,52.3159112],[5.0013831,52.3158339],[5.0010952,52.3156982],[5.0009667,52.3156353],[5.0009136,52.3156045],[5.000893,52.3155926],[5.0008282,52.315555],[5.0008077,52.3155431],[5.000789,52.3155323],[5.0007215,52.3154932],[5.0005381,52.3153838],[5.0003873,52.3153071],[5.0001718,52.3152133],[4.9999005,52.3150856],[4.9996545,52.3149576],[4.9994634,52.3148464],[4.9992129,52.3147073],[4.9990054,52.3145885],[4.9989036,52.3145299],[4.9987317,52.3144277],[4.9986616,52.3143801],[4.9986581,52.3143782],[4.9985815,52.3143373],[4.9983795,52.3142178],[4.9983691,52.3142117],[4.9983587,52.3142055],[4.9983508,52.3142009],[4.9983551,52.3141984],[4.9982081,52.3141118],[4.9980865,52.3140392],[4.998084,52.3140377],[4.9980778,52.3140349],[4.9979464,52.3140012],[4.9978589,52.3139789],[4.9977786,52.314031],[4.9975847,52.3141527],[4.997491,52.3142177],[4.9974547,52.3142461],[4.9972964,52.3141956],[4.9972811,52.3142119],[4.9971912,52.3142935],[4.9971292,52.3143845],[4.9970896,52.3144556],[4.9970895,52.3144791],[4.9971153,52.3146438],[4.9971174,52.314699],[4.9971115,52.3147578],[4.9971002,52.3148073],[4.9970888,52.3148254],[4.9970753,52.3148418],[4.997071,52.3148471],[4.9970898,52.3150711],[4.9970904,52.3150805],[4.9970933,52.3151236],[4.9971009,52.3152368],[4.9971034,52.3152733],[4.9971107,52.3154343],[4.9971199,52.3155458],[4.9971264,52.3156244],[4.9971348,52.3157796],[4.9971454,52.3159051],[4.9971712,52.3160355],[4.9972264,52.3162173],[4.9972566,52.3163103],[4.9972593,52.3163187],[4.9973112,52.31644],[4.9973405,52.316515],[4.997361,52.3165898],[4.9973679,52.316672],[4.9973593,52.3167655],[4.9973293,52.3168868],[4.9973242,52.3169072],[4.9972627,52.3170637],[4.9971784,52.3172543],[4.9971011,52.3173924],[4.9970193,52.3175164],[4.9967792,52.3177584],[4.9965916,52.3179871],[4.996429,52.3181888],[4.9964112,52.318211],[4.9962115,52.3184544],[4.9962089,52.3184575],[4.9960888,52.3186177],[4.9960503,52.3186739],[4.9960298,52.3187037],[4.9959297,52.3188368],[4.9958449,52.3189361],[4.9957149,52.3190651],[4.9955788,52.3191947],[4.9954773,52.3193096],[4.9953678,52.3194524],[4.9952539,52.3196149],[4.9951353,52.3197902],[4.9950125,52.3199764],[4.9949149,52.3201185],[4.9948384,52.3202214],[4.994719,52.3203691],[4.9945434,52.3205815],[4.9944258,52.3207194],[4.9943641,52.3207946],[4.9943382,52.3208262],[4.9942931,52.3208872],[4.9942629,52.3209393],[4.9942461,52.3209775],[4.9942108,52.3210287],[4.9934556,52.3219503],[4.9930247,52.3225452],[4.992596,52.3231354],[4.9922359,52.3236166],[4.9921891,52.3236785],[4.9921683,52.3237059],[4.9921238,52.3237503],[4.9921079,52.3237662],[4.9920357,52.3238687],[4.9920351,52.3238694],[4.9920333,52.3238721],[4.9917606,52.3242789],[4.9916131,52.3245382],[4.9915507,52.3246657],[4.9915061,52.324752],[4.9914834,52.3248069],[4.9914325,52.32493],[4.9913042,52.3252472],[4.991291,52.3252783],[4.9911661,52.3255727],[4.9911482,52.3256124],[4.991065,52.3257966],[4.9909996,52.3259309],[4.9909643,52.3260031],[4.9908897,52.3261417],[4.9908372,52.3262145],[4.9907403,52.3263468],[4.990572,52.3265397],[4.9904068,52.3267152],[4.990399,52.3267238],[4.9903499,52.326777],[4.9901585,52.3269772],[4.9899366,52.3272094],[4.9897857,52.3273621],[4.9896022,52.3275477],[4.9894727,52.3276646],[4.9892004,52.3278758],[4.9890753,52.3279628],[4.9890437,52.3279847],[4.9888464,52.3280941],[4.9888165,52.3281107],[4.9887947,52.3281228],[4.9887741,52.3281342],[4.9886262,52.3282162],[4.9885605,52.3282509],[4.9883279,52.3283735],[4.9879941,52.3285511],[4.9879336,52.3285783],[4.9878531,52.32862],[4.9875869,52.3287618],[4.9872965,52.3289299],[4.987025,52.329117],[4.9868515,52.3292496],[4.9868438,52.3292551],[4.986822,52.3292709],[4.9866955,52.3293679],[4.9866347,52.3294129],[4.9865689,52.3294565],[4.9863583,52.3295966],[4.9861207,52.3297544],[4.9859851,52.3298404],[4.9856872,52.3300265],[4.985607,52.3300756],[4.9854962,52.3301435],[4.9853009,52.3302587],[4.9852497,52.330285],[4.9851448,52.3303396],[4.9850957,52.330364],[4.9849998,52.3304046],[4.9849445,52.330428],[4.9849139,52.3304384],[4.9848294,52.3304669],[4.984787,52.3304813],[4.98473,52.3304977],[4.984587,52.3305348],[4.9845263,52.3305505],[4.9844748,52.3305648],[4.9841644,52.3306257],[4.983967,52.3306672],[4.9836677,52.3307104],[4.9835696,52.3307224],[4.9833536,52.3307478],[4.9830784,52.330768],[4.9828949,52.3307799],[4.9828507,52.3307843],[4.9827338,52.3307912],[4.9825901,52.3308007],[4.9825562,52.3308009],[4.9824269,52.3308017],[4.9822847,52.330802],[4.9821386,52.3307997],[4.9820629,52.3307988],[4.9817616,52.3307953],[4.9815272,52.3307926],[4.9813465,52.3307899],[4.9812267,52.3307899],[4.9810965,52.33079],[4.9809535,52.3307937],[4.980409,52.3308703],[4.9801036,52.3307792],[4.9783383,52.3309458],[4.9777869,52.3310447],[4.9775271,52.3308934],[4.9771348,52.3306428],[4.9769942,52.3306441],[4.9764345,52.3306479],[4.9763411,52.33065],[4.9759606,52.3306356],[4.975633,52.3306066],[4.9755522,52.3305955],[4.9753057,52.3305617],[4.9750014,52.329977],[4.9748338,52.3297159],[4.9748238,52.3297003],[4.9745055,52.3293274],[4.9742424,52.3290977],[4.974024,52.3289069],[4.9734134,52.3284744],[4.9721513,52.3277159],[4.9718061,52.3274729],[4.9716327,52.3272724],[4.9713614,52.3269584],[4.9713532,52.3269464],[4.9713449,52.3269345],[4.9713365,52.3269226],[4.971328,52.3269107],[4.9713194,52.3268989],[4.9713107,52.3268871],[4.9713019,52.3268753],[4.971293,52.3268635],[4.971284,52.3268518],[4.9712749,52.3268401],[4.9712656,52.3268285],[4.9712563,52.3268168],[4.9712468,52.3268052],[4.9712373,52.3267937],[4.9712276,52.3267821],[4.9712179,52.3267706],[4.971208,52.3267592],[4.9711981,52.3267477],[4.971188,52.3267363],[4.9711818,52.3267294],[4.9711761,52.3267231],[4.9711703,52.3267169],[4.9711644,52.3267106],[4.9711584,52.3267045],[4.9711523,52.3266983],[4.9711461,52.3266922],[4.9711397,52.3266862],[4.9711333,52.3266801],[4.9711268,52.3266741],[4.9711202,52.3266682],[4.9711136,52.3266623],[4.9711068,52.3266564],[4.9710999,52.3266506],[4.9710929,52.3266448],[4.9710858,52.3266391],[4.9710786,52.3266334],[4.9710714,52.3266278],[4.971064,52.3266222],[4.9710566,52.3266166],[4.971049,52.3266111],[4.9710414,52.3266056],[4.9710325,52.3265994],[4.9709857,52.326567],[4.9709746,52.3265594],[4.9709635,52.3265519],[4.9709522,52.3265444],[4.9709408,52.326537],[4.9709294,52.3265297],[4.9709179,52.3265224],[4.9709062,52.3265151],[4.9708945,52.3265079],[4.9708828,52.3265007],[4.9708709,52.3264936],[4.970859,52.3264865],[4.9708469,52.3264795],[4.9708348,52.3264726],[4.9708226,52.3264657],[4.9708104,52.3264588],[4.970798,52.326452],[4.9707856,52.3264453],[4.9707731,52.3264386],[4.9707605,52.326432],[4.9707479,52.3264254],[4.9707352,52.3264189],[4.9707223,52.3264124],[4.9707095,52.326406],[4.970555,52.3263296],[4.9705002,52.3263026],[4.970402,52.3262518],[4.9702531,52.3261693],[4.9696068,52.3265179],[4.9695657,52.3265471],[4.9693762,52.3266736],[4.9692082,52.3267837],[4.9688673,52.3269846],[4.9684599,52.3272215],[4.9678687,52.3276168],[4.9676756,52.3276031],[4.9666025,52.3274355],[4.965423,52.3270301],[4.9640405,52.3265551],[4.9638482,52.3264909],[4.9628435,52.3261498],[4.9618089,52.3257918],[4.9600081,52.3251695],[4.9588741,52.3247798],[4.9588513,52.3247719],[4.9588268,52.3247635],[4.957535,52.3243185],[4.9560967,52.3238193],[4.9551742,52.3235029],[4.9550422,52.3234593],[4.9550245,52.3234777],[4.9549829,52.3234628],[4.9550004,52.3234446],[4.9544378,52.3232519],[4.9543679,52.3232275],[4.9537448,52.3230122],[4.9534264,52.3228992],[4.9526742,52.322644],[4.9526161,52.3227094],[4.9523695,52.3229794],[4.9520994,52.3232741],[4.9516642,52.3237484],[4.95137,52.3240702],[4.9510674,52.3244007],[4.9507516,52.3247471],[4.9503964,52.3251344],[4.9501997,52.3253488],[4.9498307,52.3257498],[4.9497292,52.3258589],[4.9494426,52.3261785],[4.9489343,52.3267369],[4.94858,52.3271259],[4.9482055,52.3275343],[4.9478322,52.327946],[4.9477491,52.3280377],[4.9476874,52.3281052],[4.9476868,52.3281058],[4.9476572,52.3281383],[4.9471186,52.3279531],[4.9468343,52.3278553],[4.9467514,52.3278274],[4.9466486,52.3277922],[4.9465322,52.3277529],[4.9463765,52.3276983],[4.9455155,52.3274044],[4.9447148,52.3271297],[4.9437932,52.3268103],[4.9431125,52.3265766],[4.9421558,52.3262483],[4.9418374,52.3261401],[4.9415487,52.3260401],[4.9413808,52.325982],[4.9409393,52.3258304],[4.9404939,52.3256778],[4.9403913,52.3255914],[4.9403655,52.3255702],[4.9403483,52.3255564],[4.9403248,52.3255387],[4.9401779,52.3254304],[4.9401225,52.3253885],[4.9401027,52.3253742],[4.9400369,52.3253299],[4.939995,52.3253004],[4.9399753,52.3252869],[4.9398843,52.3252066],[4.9398592,52.3251883],[4.9398522,52.3251921],[4.9397224,52.3251016],[4.9397122,52.3250944],[4.9396444,52.3250471],[4.9396246,52.3250333],[4.9395729,52.324997],[4.9395163,52.3249565],[4.9395022,52.3249441],[4.9394916,52.3249376],[4.9394612,52.3249133],[4.9394025,52.324867],[4.9393657,52.324836],[4.939318,52.3247758],[4.9390887,52.324601],[4.938952,52.3244886],[4.9389041,52.324449],[4.9388726,52.3244258],[4.9387969,52.3243676],[4.9387628,52.3243415],[4.9387424,52.3243263],[4.9387242,52.3243128],[4.9386899,52.3242857],[4.9386776,52.3242741],[4.9386434,52.3242421],[4.9386283,52.3242273],[4.9386205,52.3242218],[4.9386119,52.3242157],[4.938583,52.3242019],[4.9385487,52.3241897],[4.9385167,52.3241829],[4.9384522,52.3241722],[4.9384179,52.3241671],[4.9382637,52.3241443],[4.9382009,52.3241371],[4.9382003,52.324137],[4.9381841,52.3241352],[4.9381789,52.3241346],[4.9380871,52.3241298],[4.9380531,52.3241278],[4.9380177,52.3241257],[4.9379611,52.3241224],[4.9379503,52.3240849],[4.9379176,52.3239722],[4.9379124,52.3239542],[4.9379071,52.3239356],[4.937885,52.3238543],[4.9378656,52.323783],[4.9378582,52.3237596],[4.9378468,52.3237338],[4.9377782,52.3236043],[4.9377461,52.3235419],[4.9377015,52.3234655],[4.9376705,52.3234108],[4.937656,52.3233833],[4.9376424,52.3233545],[4.9376295,52.3233285],[4.9376191,52.3232994],[4.9377193,52.3232638],[4.9377587,52.3232497],[4.9378011,52.3232347],[4.9379182,52.3231238],[4.9379657,52.3230857],[4.9379966,52.3230622],[4.938031,52.3230389],[4.9381137,52.3229875],[4.9381374,52.3229727],[4.9382545,52.3229006],[4.9383671,52.3228388],[4.9384559,52.3228173],[4.9385172,52.3228025],[4.9386263,52.3227394],[4.9387093,52.32268],[4.938729,52.3226656],[4.9389316,52.3225146],[4.9389461,52.322504],[4.9389827,52.3224811],[4.939002,52.3224697],[4.939139,52.3223891],[4.9391787,52.3223613],[4.9392571,52.3223074],[4.9393561,52.322239],[4.939445,52.3221791],[4.939479,52.3221593],[4.9395171,52.3221383],[4.9395706,52.3221116],[4.939614,52.3220918],[4.939701,52.3220541],[4.9397617,52.3220288],[4.9397817,52.3220165],[4.939927,52.321936],[4.9399331,52.3218328],[4.9399437,52.3217579],[4.9399686,52.3215896],[4.9399813,52.3214997],[4.9399898,52.3214503],[4.9400703,52.3211529],[4.9401026,52.3210683],[4.9401082,52.3210543],[4.9401415,52.3209723],[4.9402053,52.3208149],[4.9402568,52.3207209],[4.9403208,52.3206028],[4.940373,52.3205067],[4.9404586,52.3203853],[4.9404598,52.3203835],[4.9404856,52.3203457],[4.9405954,52.3201927],[4.9407532,52.3199884],[4.9408544,52.3198614],[4.9410022,52.3196729],[4.9410429,52.3196198],[4.9410317,52.3196159],[4.9406366,52.3194804],[4.9406102,52.3194714],[4.940456,52.3194185],[4.9404289,52.3194092],[4.9402766,52.319357],[4.9400037,52.3192634],[4.9396463,52.3191408],[4.9395848,52.3191198],[4.9403315,52.3183023],[4.94033,52.3182895],[4.9403242,52.3182453],[4.9403083,52.3182025],[4.9402857,52.3181633],[4.9402508,52.3181023],[4.940125,52.3178093],[4.9400023,52.3174985],[4.9399913,52.3174706],[4.9398304,52.3171196],[4.9394737,52.3169971],[4.9394303,52.3169822],[4.9393648,52.3169597],[4.9380416,52.3165055],[4.9381176,52.3163823],[4.9383745,52.3161016],[4.9386527,52.3157977],[4.9386556,52.3157922],[4.9387375,52.3156355],[4.9387339,52.3154911],[4.938724,52.3150911],[4.9386885,52.3150789],[4.9381305,52.3148869],[4.9365156,52.3143314],[4.9352291,52.3138888],[4.9359121,52.3131428],[4.9360799,52.3129597],[4.9361582,52.3128741],[4.9363517,52.3126628],[4.9361494,52.3125934],[4.9354085,52.3123393],[4.9350647,52.3122214],[4.9341377,52.3119035],[4.9339922,52.3118077],[4.9336984,52.31161],[4.9336683,52.3115897],[4.9336607,52.3115846],[4.9333289,52.3113664],[4.9330129,52.3111546],[4.9326975,52.310941],[4.932625,52.3108932],[4.9324004,52.3107449],[4.9321999,52.310614],[4.9319957,52.3104824],[4.9317918,52.3103542],[4.9316559,52.3102673],[4.9314562,52.3101443],[4.9312445,52.3100223],[4.9310328,52.309898],[4.9307258,52.3097202],[4.9304323,52.309544],[4.9303096,52.3094758],[4.9300652,52.30934],[4.9303032,52.3091825],[4.9301125,52.3090738],[4.9299697,52.3089916],[4.9299211,52.3089671],[4.9298757,52.3089442],[4.9296907,52.3088507],[4.9296551,52.3088327],[4.9296155,52.3088127],[4.9293283,52.3085321],[4.9299088,52.3081037],[4.9298102,52.308047],[4.929639,52.3079562],[4.9294157,52.3078289],[4.9297121,52.3075362],[4.9294729,52.3074136],[4.9297183,52.3071057],[4.929738,52.3070807],[4.9299674,52.3067897],[4.9302563,52.3064298],[4.9304924,52.3061632],[4.930987,52.3056864],[4.9314164,52.3052805],[4.9316816,52.3050253],[4.9319618,52.3048337],[4.9324863,52.3044749],[4.9326926,52.3042885],[4.932721,52.3042628],[4.9330015,52.3038617],[4.9332171,52.3035535],[4.9336842,52.3031039],[4.9340587,52.302802],[4.9341359,52.3027399],[4.9342766,52.3026043],[4.934936,52.301969],[4.9348685,52.3019427],[4.936029,52.3007261],[4.937006,52.2996264],[4.9370444,52.2995829],[4.9371417,52.2994703],[4.9370796,52.2994461],[4.9371468,52.2993682],[4.9372306,52.2992713],[4.9382199,52.2981254],[4.938985,52.2972391],[4.9397599,52.2963412],[4.9400961,52.2959517],[4.9412462,52.294619],[4.9413461,52.2945033],[4.9420858,52.2936461],[4.9430963,52.2924752],[4.9436418,52.2918432],[4.9441468,52.2912581],[4.9459514,52.2891667],[4.9460349,52.2890699],[4.9463762,52.2886742],[4.9464555,52.2885802],[4.946407,52.2885622],[4.9464415,52.2885252],[4.9466089,52.2883463],[4.9467536,52.2881982],[4.946987,52.2879662],[4.9475215,52.2873891],[4.9476751,52.2872234],[4.9482694,52.2865945],[4.9487251,52.2861071],[4.9494253,52.2853662],[4.9500629,52.284688],[4.9503153,52.2844197],[4.9520912,52.282534],[4.95184,52.2824433],[4.9523483,52.281844],[4.9528901,52.2812016],[4.9532454,52.2807849],[4.9537316,52.2802076],[4.9537626,52.2801708],[4.9542505,52.279556],[4.9547247,52.2789532],[4.9549424,52.2786796],[4.9549467,52.2786742],[4.9549853,52.2786257],[4.9549938,52.278615],[4.95503,52.2785695],[4.9550842,52.2785015],[4.9551309,52.2784428],[4.9552406,52.2783049],[4.9552434,52.2783055],[4.9554887,52.2783609],[4.9557371,52.2784182],[4.9558441,52.2784458],[4.9559972,52.2784882],[4.9561637,52.2785352],[4.9563034,52.2785749],[4.9563866,52.2785979],[4.9564431,52.2786126],[4.9565145,52.2786302],[4.9565636,52.2786413],[4.9566097,52.2786496],[4.9566469,52.2786561],[4.9566811,52.2786616],[4.9567346,52.2786682],[4.9567734,52.278671],[4.9568151,52.2786711],[4.9569833,52.2786733],[4.9570265,52.2786727],[4.9571442,52.278671],[4.9572961,52.278665],[4.9574883,52.2786526],[4.9576373,52.2786375],[4.9576912,52.2786303],[4.9577387,52.278624],[4.9578088,52.2786123],[4.9578729,52.2785969],[4.9579416,52.2785742],[4.958046,52.2785389],[4.9581685,52.2784935],[4.9583476,52.2784254],[4.9584148,52.2784027],[4.9584819,52.2783828],[4.958555,52.2783647],[4.9586102,52.2783529],[4.9586639,52.278343],[4.9587265,52.2783358],[4.9587965,52.2783314],[4.9588561,52.2783288],[4.958941,52.278329],[4.9590348,52.278332],[4.959206,52.2783379],[4.9593906,52.2783447],[4.9595856,52.2783525],[4.9596527,52.2783545],[4.9597212,52.2783538],[4.9597897,52.2783539],[4.9598954,52.2783505],[4.9599684,52.2783461],[4.960025,52.2783408],[4.9600689,52.2783378],[4.9602158,52.2783248],[4.9602977,52.2783168],[4.9603752,52.2783069],[4.9604721,52.2782925],[4.9606257,52.2782664],[4.9607614,52.2782411],[4.9608643,52.2782185],[4.9609478,52.2781995],[4.961003,52.2781869],[4.9610537,52.2781742],[4.9611309,52.2782562],[4.9611528,52.2782795],[4.9611725,52.2783018],[4.9612312,52.2783683],[4.9612535,52.2783934],[4.9612584,52.2784],[4.9612682,52.2784152],[4.961281,52.2784359],[4.9613364,52.2785254],[4.9614175,52.2786825],[4.9614595,52.2787631],[4.9614954,52.2788417],[4.9615451,52.2789504],[4.9616331,52.2791844],[4.9617307,52.2793965],[4.9618213,52.2796032],[4.9618777,52.2797123],[4.9619389,52.2798154],[4.9620284,52.2799534],[4.9620815,52.2800434],[4.9621318,52.2801155],[4.9621596,52.2801494],[4.9621753,52.2801649],[4.9621962,52.2801798],[4.9622178,52.2801917],[4.962244,52.2802065],[4.9622464,52.2802077],[4.9623094,52.2802388],[4.9623199,52.2802435],[4.9623538,52.2802533],[4.9623807,52.2802606],[4.9624105,52.2802664],[4.9624421,52.2802716],[4.9624895,52.2802786],[4.9625481,52.2802853],[4.9625588,52.2802861],[4.9626324,52.2802913],[4.9627596,52.2802936],[4.9629852,52.280298],[4.9631868,52.280303],[4.9633245,52.2803132],[4.9634503,52.2803306],[4.9634872,52.2803347],[4.9635727,52.2803436],[4.9636775,52.2803569],[4.9637454,52.2803661],[4.963828,52.2803769],[4.9638801,52.280385],[4.9639046,52.2803879],[4.9639275,52.2803916],[4.9639708,52.2803961],[4.9639972,52.2803976],[4.9640259,52.2803991],[4.9640581,52.2804003],[4.9640839,52.2804015],[4.9641325,52.2804056],[4.9641588,52.2804072],[4.9641841,52.2804076],[4.9642069,52.2804084],[4.9642321,52.2804085],[4.9642585,52.2804079],[4.9642866,52.2804055],[4.9643095,52.2804041],[4.9643394,52.2804017],[4.9643969,52.280399],[4.9644281,52.2803975],[4.9644421,52.280396],[4.9644691,52.2803939],[4.9644902,52.2803918],[4.9645171,52.2803908],[4.9645447,52.2803888],[4.9645729,52.2803864],[4.9645993,52.2803847],[4.9646227,52.2803829],[4.9646761,52.2803806],[4.9647054,52.2803804],[4.9647488,52.2803812],[4.964798,52.2803829],[4.964825,52.2803826],[4.9648449,52.280383],[4.9648648,52.2803842],[4.9648882,52.2803871],[4.9649146,52.280389],[4.9649368,52.280392],[4.964962,52.2803949],[4.9649772,52.2803975],[4.9650135,52.2804009],[4.9650311,52.2804024],[4.9650545,52.2804043],[4.9650826,52.280408],[4.9651049,52.2804113],[4.9651312,52.2804146],[4.9651535,52.2804179],[4.9651786,52.2804223],[4.9652213,52.28043],[4.9652406,52.280434],[4.9652605,52.2804377],[4.9652775,52.280441],[4.9653003,52.2804458],[4.9653155,52.280448],[4.9653319,52.2804527],[4.9653465,52.280456],[4.9653606,52.2804586],[4.9653723,52.2804618],[4.9653939,52.2804648],[4.9654085,52.2804684],[4.9654354,52.2804746],[4.9655138,52.2804933],[4.9655687,52.2805118],[4.9656143,52.2805289],[4.965661,52.2805499],[4.9657094,52.2805777],[4.9657536,52.2806095],[4.9658019,52.2806489],[4.9658739,52.2807225],[4.9659806,52.2808375],[4.9661257,52.2809514],[4.9661476,52.2809686],[4.9661564,52.2809759],[4.9661657,52.2809798],[4.9661774,52.2809799],[4.9661892,52.2809796],[4.9662009,52.2809775],[4.9662103,52.2809757],[4.9662203,52.28097],[4.9662269,52.2809574],[4.9662353,52.2809359],[4.9662522,52.2808863],[4.9662652,52.2808069],[4.966276,52.2807793],[4.9662815,52.2807027],[4.9662869,52.2806233],[4.9662901,52.2805508],[4.9662921,52.2805018],[4.9662953,52.2804752],[4.9662978,52.2804626],[4.9663016,52.2804357],[4.966308,52.2804089],[4.9663126,52.2803893],[4.966318,52.2803717],[4.9663222,52.2803599],[4.9663265,52.2803412],[4.9663337,52.2803261],[4.9663379,52.2803154],[4.9663451,52.2802989],[4.9663522,52.2802849],[4.9663594,52.2802691],[4.9663684,52.2802533],[4.9663731,52.2802443],[4.9663815,52.28023],[4.9663901,52.2802167],[4.9664008,52.2801995],[4.9664112,52.2801839],[4.9664225,52.2801695],[4.9664335,52.280155],[4.9664601,52.2801267],[4.9664915,52.2800964],[4.9665101,52.2800803],[4.9665284,52.2800642],[4.9665476,52.2800488],[4.9665866,52.2800195],[4.9666072,52.280005],[4.9666246,52.279993],[4.9666459,52.2799792],[4.966668,52.2799658],[4.9666865,52.2799549],[4.9667054,52.2799433],[4.9667284,52.2799308],[4.9667531,52.2799187],[4.9667805,52.2799058],[4.9668093,52.2798921],[4.9668417,52.2798777],[4.9668688,52.2798664],[4.9668938,52.2798568],[4.966922,52.2798445],[4.9669541,52.2798324],[4.9670173,52.279808],[4.9670591,52.2797923],[4.9671153,52.2797701],[4.9671647,52.2797517],[4.9671941,52.27974],[4.9672227,52.2797273],[4.9672518,52.2797157],[4.967278,52.2797057],[4.9672859,52.2797023],[4.9672986,52.2796972],[4.9674056,52.2796564],[4.9674689,52.2796261],[4.9675169,52.2796023],[4.9675585,52.2795757],[4.9675756,52.2795614],[4.9676317,52.2795735],[4.9676601,52.2795793],[4.9676744,52.2795823],[4.9676928,52.2796052],[4.9677056,52.279624],[4.9677306,52.2796542],[4.967732,52.2796559],[4.9677459,52.2796742],[4.9677467,52.2796753],[4.9677551,52.2796879],[4.9677691,52.279703],[4.9677794,52.2797177],[4.9677844,52.2797248],[4.9677951,52.2797399],[4.9678108,52.2797594],[4.9678263,52.2797773],[4.9678306,52.2797829],[4.9678409,52.2797963],[4.9678501,52.2798073],[4.9678615,52.2798217],[4.9678773,52.2798423],[4.967899,52.2798655],[4.9679162,52.2798857],[4.9679408,52.2799141],[4.9679758,52.279953],[4.9679908,52.2799689],[4.9680088,52.27999],[4.9680242,52.2800085],[4.9680422,52.2800296],[4.9680661,52.2800585],[4.9680786,52.2800751],[4.9680874,52.2800866],[4.968102,52.2801043],[4.9681046,52.2801093],[4.9681123,52.280121],[4.9681196,52.2801345],[4.9681243,52.2801427],[4.9681292,52.2801506],[4.9681313,52.280154],[4.9681444,52.2801764],[4.9681579,52.2801982],[4.9681623,52.2802057],[4.9681755,52.2802252],[4.9681894,52.2802444],[4.9681999,52.2802598],[4.9682003,52.2802603],[4.9682076,52.2802708],[4.9682201,52.2802868],[4.9682326,52.2803043],[4.9682429,52.2803162],[4.9682513,52.2803258],[4.9682579,52.2803352],[4.9682657,52.2803443],[4.9682922,52.2803727],[4.9683007,52.2803826],[4.9683088,52.2803908],[4.9683194,52.280403],[4.9683275,52.2804119],[4.9683364,52.2804209],[4.9683437,52.2804278],[4.9683555,52.280439],[4.9683681,52.2804518],[4.9683769,52.2804603],[4.9683898,52.2804729],[4.9683961,52.2804784],[4.9684053,52.2804874],[4.9684182,52.2804995],[4.9684282,52.2805094],[4.968447,52.2805268],[4.9684643,52.2805431],[4.9684772,52.2805547],[4.9684898,52.2805644],[4.9684997,52.2805752],[4.9685101,52.2805836],[4.9685215,52.2805924],[4.9685363,52.2806038],[4.9685418,52.2806093],[4.9685518,52.2806153],[4.9685588,52.2806197],[4.9685681,52.280624],[4.9685755,52.2806287],[4.9685803,52.280631],[4.9685911,52.2806346],[4.9686,52.280637],[4.9686029,52.2806397],[4.9686159,52.2806443],[4.9686259,52.2806485],[4.9686385,52.2806547],[4.9686593,52.2806641],[4.9686745,52.2806708],[4.9686837,52.2806745],[4.968693,52.2806786],[4.9687023,52.2806837],[4.9687093,52.2806883],[4.9687182,52.2806936],[4.9687278,52.2807],[4.9687318,52.2807034],[4.9687385,52.2807085],[4.9687425,52.2807126],[4.9687484,52.2807202],[4.9687532,52.2807259],[4.9687554,52.2807309],[4.968759,52.2807371],[4.9687637,52.2807501],[4.9687652,52.2807572],[4.9687662,52.2807634],[4.9687669,52.2807691],[4.9687672,52.2807741],[4.9687671,52.2807846],[4.9687678,52.2807945],[4.968768,52.2808068],[4.9687701,52.2808198],[4.9687704,52.2808306],[4.9687714,52.2808386],[4.9687709,52.280847],[4.9687727,52.2808534],[4.9687741,52.2808637],[4.9687763,52.2808721],[4.968778,52.2808827],[4.9687798,52.2808909],[4.9687827,52.2809009],[4.9687848,52.280908],[4.9687873,52.2809174],[4.9687903,52.2809229],[4.9687928,52.2809293],[4.9687971,52.280941],[4.9688005,52.2809465],[4.9688026,52.2809515],[4.9688059,52.280957],[4.9688092,52.2809632],[4.9688147,52.2809728],[4.9688209,52.2809826],[4.968829,52.2809913],[4.9688367,52.2810037],[4.9688463,52.2810174],[4.9688573,52.2810303],[4.9688679,52.2810449],[4.9688771,52.2810573],[4.96889,52.281074],[4.9689039,52.2810912],[4.9689139,52.2811031],[4.9689231,52.2811152],[4.968947,52.281142],[4.9689573,52.2811533],[4.9689635,52.2811615],[4.9689702,52.2811663],[4.9689771,52.2811819],[4.9689845,52.2811917],[4.968991,52.2812029],[4.9689961,52.281213],[4.9690038,52.2812277],[4.9690104,52.2812375],[4.9690159,52.2812471],[4.9690221,52.2812572],[4.9690269,52.2812647],[4.9690342,52.281275],[4.9690397,52.281284],[4.9690482,52.2812938],[4.9690529,52.2813014],[4.9690595,52.2813114],[4.9690687,52.2813232],[4.9690772,52.2813341],[4.9690845,52.2813412],[4.969093,52.2813533],[4.9690996,52.28136],[4.969107,52.2813705],[4.9691114,52.2813758],[4.9691165,52.2813827],[4.9691194,52.2813884],[4.969126,52.2813978],[4.9691312,52.2814046],[4.969137,52.2814136],[4.9691436,52.281423],[4.9691484,52.2814339],[4.9691557,52.2814472],[4.9691623,52.2814598],[4.9691695,52.2814763],[4.9691798,52.2814975],[4.9691837,52.2815085],[4.9691863,52.281517],[4.9691906,52.2815275],[4.9691957,52.281541],[4.9691996,52.2815529],[4.9692033,52.2815629],[4.9692095,52.2815762],[4.9692179,52.2815879],[4.9692274,52.2816044],[4.9692388,52.281622],[4.9692494,52.2816357],[4.969259,52.2816488],[4.9692759,52.2816687],[4.9692906,52.2816868],[4.9693178,52.2817182],[4.9693304,52.2817308],[4.9693388,52.2817402],[4.9693495,52.2817501],[4.9693565,52.2817581],[4.9693631,52.2817666],[4.9693734,52.2817814],[4.9693782,52.2817888],[4.9693814,52.2817963],[4.969384,52.2818032],[4.9693872,52.2818109],[4.9693894,52.2818171],[4.9693905,52.2818242],[4.9693904,52.2818345],[4.9693895,52.2818493],[4.9693882,52.2818637],[4.969386,52.2818771],[4.9693858,52.2818783],[4.9693846,52.2818879],[4.9693823,52.2818968],[4.969381,52.281908],[4.9693775,52.2819235],[4.9693774,52.2819324],[4.9693781,52.2819409],[4.9693784,52.2819498],[4.969379,52.2819564],[4.9693823,52.2819637],[4.9693866,52.28198],[4.9693899,52.2819916],[4.9693935,52.2820008],[4.9693963,52.2820138],[4.9694018,52.2820294],[4.9694042,52.2820399],[4.9694068,52.2820485],[4.9694129,52.2820684],[4.9694172,52.2820858],[4.9694219,52.2820986],[4.9694251,52.2821123],[4.9694291,52.2821244],[4.9694388,52.2821608],[4.9694496,52.2821914],[4.9694693,52.2822637],[4.9694805,52.2822982],[4.9694956,52.2823485],[4.9695248,52.282447],[4.969555,52.2825545],[4.9695669,52.2825909],[4.969578,52.2826295],[4.9695903,52.2826684],[4.9696003,52.2827038],[4.9696108,52.2827397],[4.9696216,52.2827742],[4.9696302,52.282806],[4.969636,52.2828241],[4.969641,52.2828387],[4.9696504,52.2828723],[4.9696601,52.2829054],[4.9696723,52.2829514],[4.9696808,52.2829848],[4.9696895,52.2830149],[4.9696911,52.2830223],[4.9696955,52.2830419],[4.9696995,52.2830545],[4.9697014,52.2830607],[4.9697042,52.2830698],[4.9697081,52.2830849],[4.9697114,52.2830941],[4.969712,52.2831023],[4.9697139,52.2831069],[4.9697168,52.2831101],[4.9697175,52.2831109],[4.9697205,52.2831144],[4.969723,52.2831178],[4.9697264,52.2831208],[4.9697306,52.2831233],[4.969736,52.2831263],[4.969739,52.2831275],[4.9697434,52.2831287],[4.9697467,52.2831312],[4.9697712,52.2831381],[4.9697827,52.2831425],[4.9697939,52.283146],[4.9698039,52.2831496],[4.9698147,52.2831533],[4.969828,52.283157],[4.9698414,52.2831617],[4.9698533,52.2831651],[4.9698721,52.2831739],[4.9698833,52.2831785],[4.9698929,52.2831835],[4.9699007,52.283187],[4.969907,52.2831904],[4.9699133,52.2831937],[4.9699188,52.2831976],[4.9699391,52.2832145],[4.9699461,52.2832205],[4.9699524,52.2832262],[4.9699568,52.2832301],[4.9699635,52.2832345],[4.969969,52.2832379],[4.9699738,52.2832425],[4.9699794,52.2832462],[4.9699864,52.283251],[4.9699916,52.2832545],[4.9699964,52.2832568],[4.9700045,52.2832623],[4.9700105,52.2832664],[4.9700241,52.2832747],[4.970036,52.2832816],[4.9700497,52.2832912],[4.9700715,52.2833048],[4.970097,52.2833215],[4.9701285,52.2833413],[4.9701577,52.2833606],[4.9701806,52.2833741],[4.9701998,52.2833865],[4.9702091,52.2833927],[4.970235,52.2834086],[4.970242,52.2834143],[4.9702535,52.2834212],[4.9702661,52.283429],[4.9702742,52.2834332],[4.9702853,52.2834398],[4.9703046,52.2834504],[4.9703268,52.2834621],[4.970349,52.2834743],[4.9703723,52.2834874],[4.9704234,52.2835148],[4.9704534,52.2835302],[4.9704734,52.2835421],[4.9704934,52.2835525],[4.9705167,52.2835651],[4.9705275,52.2835718],[4.9705589,52.2835881],[4.9705867,52.2836033],[4.9706104,52.2836173],[4.9706663,52.2836463],[4.9706963,52.2836631],[4.9707433,52.2836909],[4.9707618,52.2837014],[4.9707877,52.2837166],[4.9708136,52.2837329],[4.9708377,52.2837488],[4.9708599,52.2837628],[4.9708802,52.2837752],[4.970898,52.2837869],[4.970912,52.2837947],[4.9709357,52.283808],[4.9709554,52.2838188],[4.9709731,52.2838283],[4.9709805,52.2838315],[4.9709809,52.2838317],[4.9709931,52.2838386],[4.9709991,52.2838423],[4.9710098,52.2838485],[4.9710215,52.2838551],[4.9710553,52.2838729],[4.9710961,52.2838949],[4.9711253,52.283911],[4.9712056,52.2839572],[4.9712395,52.2839762],[4.9712727,52.2839947],[4.9712915,52.2840055],[4.9713145,52.2840179],[4.9713319,52.2840278],[4.9713579,52.2840413],[4.9713771,52.284054],[4.9713907,52.2840618],[4.9714005,52.2840676],[4.9714038,52.2840695],[4.9714221,52.2840819],[4.9714248,52.2840838],[4.9714522,52.2841013],[4.9714725,52.2841144],[4.9714932,52.2841282],[4.9715221,52.2841465],[4.9715298,52.2841525],[4.9715502,52.2841656],[4.9715686,52.2841794],[4.9715879,52.2841913],[4.9716385,52.284226],[4.9716585,52.2842388],[4.9716829,52.2842556],[4.9716944,52.284262],[4.9717173,52.2842783],[4.9717382,52.2842926],[4.9717532,52.2843036],[4.971785,52.2843254],[4.9718271,52.2843525],[4.971856,52.2843716],[4.9718826,52.2843895],[4.9719037,52.2844039],[4.9719356,52.2844258],[4.9719377,52.2844273],[4.971944,52.2844292],[4.971945,52.2844299],[4.9719751,52.2844499],[4.9720056,52.2844688],[4.972018,52.2844765],[4.9720598,52.2845036],[4.9720916,52.2845236],[4.9721101,52.2845344],[4.9721334,52.2845505],[4.9721582,52.2845652],[4.9721819,52.2845801],[4.9722011,52.284592],[4.972223,52.2846065],[4.9722488,52.2846223],[4.9722533,52.2846251],[4.9722836,52.2846453],[4.9723158,52.2846651],[4.9723558,52.2846908],[4.972395,52.2847167],[4.972417,52.2847296],[4.9724218,52.2847323],[4.9724305,52.2847374],[4.9724379,52.2847422],[4.9724527,52.2847517],[4.9724779,52.2847673],[4.9724804,52.2847688],[4.9725184,52.2847916],[4.972536,52.2848025],[4.9725527,52.2848124],[4.9725685,52.2848216],[4.9725858,52.2848313],[4.9726112,52.2848463],[4.9726303,52.2848567],[4.9726464,52.2848642],[4.9726595,52.2848705],[4.972679,52.2848812],[4.9726958,52.2848898],[4.9727171,52.2848998],[4.9727414,52.2849109],[4.972762,52.2849195],[4.9727784,52.2849269],[4.9728054,52.284938],[4.9728233,52.2849451],[4.9728494,52.2849545],[4.9728775,52.2849652],[4.9728999,52.2849733],[4.9729196,52.2849877],[4.9729537,52.2849914],[4.9729723,52.2849968],[4.9729929,52.2849992],[4.9730119,52.2850039],[4.9730272,52.2850066],[4.9730395,52.2850093],[4.9730477,52.2850115],[4.9730544,52.2850138],[4.973063,52.2850179],[4.973072,52.2850215],[4.9730836,52.285029],[4.973093,52.2850369],[4.9731013,52.2850447],[4.9731055,52.2850545],[4.9731104,52.2850689],[4.9730965,52.2850915],[4.9731233,52.2850926],[4.973126,52.285101],[4.9731298,52.2851074],[4.9731347,52.2851165],[4.9731392,52.2851211],[4.973143,52.2851272],[4.973147,52.2851289],[4.9731528,52.2851427],[4.9731619,52.2851541],[4.9731698,52.2851659],[4.9731781,52.285175],[4.9731856,52.2851844],[4.9731939,52.2851919],[4.9731999,52.2851987],[4.9732101,52.2852082],[4.9732187,52.2852144],[4.9732412,52.285231],[4.9732494,52.2852364],[4.9732663,52.2852446],[4.9732612,52.2852606],[4.9733149,52.2852684],[4.973337,52.2852802],[4.9733699,52.2852963],[4.9733991,52.2853098],[4.9734256,52.2853234],[4.9734518,52.2853357],[4.9734601,52.2853404],[4.9735064,52.285359],[4.9735397,52.2853719],[4.9735601,52.2853938],[4.9736029,52.2853983],[4.9736302,52.2854101],[4.9736593,52.2854216],[4.9736814,52.2854316],[4.9736859,52.2854343],[4.9737046,52.2854407],[4.9737124,52.2854447],[4.9737311,52.285457],[4.973742,52.2854629],[4.9737421,52.2854642],[4.9737989,52.2854976],[4.9738431,52.2855242],[4.9739442,52.2855873],[4.9740031,52.2856234],[4.9740765,52.2856674],[4.9741383,52.2857051],[4.9742027,52.2857457],[4.9742201,52.2857562],[4.9742712,52.285787],[4.9743338,52.2858244],[4.9743941,52.2858619],[4.9744555,52.2858986],[4.9745121,52.2859338],[4.9745694,52.2859683],[4.9746313,52.2860054],[4.9746355,52.286008],[4.9746911,52.286043],[4.9747259,52.2860643],[4.9747492,52.2860791],[4.9747727,52.286092],[4.9747656,52.2860989],[4.9748103,52.2861268],[4.9748452,52.2861566],[4.9748749,52.2861807],[4.9749064,52.2862032],[4.9749367,52.2862241],[4.9749607,52.2862384],[4.9749813,52.2862515],[4.9749989,52.2862613],[4.975027,52.2862771],[4.9750779,52.2863048],[4.9751052,52.2863193],[4.9751247,52.28633],[4.9751479,52.2863425],[4.9751961,52.2863589],[4.9752385,52.2863756],[4.9752656,52.2863863],[4.9753153,52.2864055],[4.9753643,52.2864234],[4.9754039,52.2864376],[4.9754506,52.2864559],[4.9754984,52.2864749],[4.9755358,52.2864885],[4.9755792,52.2865054],[4.9756132,52.2865183],[4.9756476,52.2865321],[4.9756838,52.2865471],[4.9757175,52.2865604],[4.9757522,52.286574],[4.9757761,52.2865839],[4.9758113,52.2865977],[4.9758367,52.2866072],[4.9758673,52.2866194],[4.9758909,52.2866291],[4.9759118,52.2866373],[4.9759279,52.2866438],[4.9759368,52.2866474],[4.9759534,52.2866554],[4.9759732,52.2866656],[4.97599,52.2866747],[4.9760061,52.2866835],[4.9760226,52.2866946],[4.9760395,52.2867058],[4.9760552,52.2867167],[4.9760728,52.2867255],[4.9760856,52.286735],[4.9761039,52.286745],[4.9761163,52.286752],[4.9761361,52.2867609],[4.9761611,52.2867715],[4.9761824,52.2867799],[4.9762135,52.286793],[4.9762426,52.2868052],[4.9762628,52.286815],[4.9762815,52.2868231],[4.9763223,52.2868387],[4.9763454,52.2868455],[4.9763634,52.286852],[4.976391,52.2868627],[4.9764112,52.2868719],[4.9764684,52.2868978],[4.9765058,52.286915],[4.9765795,52.2869489],[4.9766498,52.2869815],[4.9767187,52.2870133],[4.9767811,52.2870422],[4.9768367,52.2870653],[4.9768369,52.2870654],[4.9769036,52.2870957],[4.976958,52.2871193],[4.9769952,52.2871366],[4.9770473,52.2871606],[4.9770979,52.2871833],[4.9771306,52.2871993],[4.9771499,52.2872073],[4.977218,52.2872381],[4.9772452,52.2872502],[4.9772798,52.2872667],[4.9773244,52.2872868],[4.977349,52.2872982],[4.9774245,52.2873316],[4.9774662,52.2873494],[4.9775023,52.2873652],[4.9775406,52.2873814],[4.9776098,52.2874127],[4.9776348,52.2874235],[4.9776589,52.2874335],[4.9776876,52.2874459],[4.977727,52.2874642],[4.9777475,52.2874733],[4.9777765,52.2874865],[4.9778168,52.2875045],[4.9778692,52.2875286],[4.9779149,52.2875483],[4.9779484,52.2875636],[4.9779745,52.2875752],[4.9780299,52.2875999],[4.9780816,52.2876228],[4.9781281,52.2876445],[4.9781858,52.2876699],[4.9782217,52.2876847],[4.9782781,52.2877105],[4.9783343,52.2877348],[4.97838,52.2877553],[4.9784191,52.2877725],[4.9784608,52.2877903],[4.9784946,52.2878052],[4.9785166,52.287815],[4.9785452,52.2878285],[4.9785687,52.2878392],[4.9785928,52.2878472],[4.9786241,52.2878596],[4.978658,52.2878715],[4.9786591,52.2878719],[4.9786978,52.2878861],[4.9787387,52.2879023],[4.9787715,52.287916],[4.9788544,52.2879469],[4.9789028,52.2879647],[4.9789538,52.287986],[4.9790067,52.2880074],[4.9790707,52.2880319],[4.9790844,52.2880369],[4.9791161,52.2880504],[4.9791525,52.2880635],[4.9791867,52.2880777],[4.9792333,52.2880982],[4.9793516,52.2881533],[4.9793903,52.2881722],[4.9794201,52.2881848],[4.9794662,52.2882065],[4.9795034,52.2882234],[4.979554,52.2882463],[4.9796199,52.2882758],[4.9796574,52.2882922],[4.9796887,52.2883053],[4.9797114,52.2883153],[4.9797392,52.2883278],[4.9797698,52.288343],[4.9797888,52.2883507],[4.9798148,52.2883631],[4.9798446,52.2883815],[4.9798465,52.2883798],[4.9798762,52.2883946],[4.9799145,52.2884134],[4.9799443,52.2884289],[4.979989,52.2884515],[4.980015,52.2884639],[4.9800328,52.2884732],[4.9800466,52.2884794],[4.9800801,52.2884947],[4.9801121,52.2885096],[4.9801415,52.2885214],[4.9801731,52.2885347],[4.9801977,52.2885443],[4.9802371,52.2885605],[4.980268,52.2885736],[4.9803235,52.2885955],[4.980345,52.2886033],[4.9803633,52.2886108],[4.9803767,52.2886168],[4.9803916,52.2886232],[4.9804105,52.2886309],[4.9804243,52.2886364],[4.9804295,52.2886396],[4.9804455,52.2886444],[4.9804693,52.2886558],[4.9805259,52.2886801],[4.9805475,52.2886899],[4.9805761,52.2887027],[4.9806025,52.288715],[4.9806435,52.2887324],[4.9807246,52.2887678],[4.9807733,52.2887895],[4.9808459,52.2888202],[4.9808805,52.2888357],[4.9809144,52.2888499],[4.98094,52.288862],[4.9809575,52.2888695],[4.9809825,52.2888787],[4.9810145,52.288891],[4.9810565,52.2889056],[4.9810841,52.288915],[4.9811101,52.2889244],[4.9811347,52.2889315],[4.9811697,52.2889413],[4.9811868,52.2889468],[4.9812132,52.2889539],[4.9812296,52.288958],[4.9812448,52.288963],[4.9812598,52.288967],[4.981272,52.2889715],[4.9812854,52.2889765],[4.9813044,52.2889829],[4.9813197,52.2889889],[4.9813338,52.288993],[4.9813424,52.2889962],[4.981352,52.289001],[4.9813677,52.2890076],[4.9813781,52.2890135],[4.9813881,52.289019],[4.9814034,52.2890261],[4.9814149,52.2890316],[4.9814279,52.2890382],[4.981438,52.2890437],[4.9814545,52.2890503],[4.9814551,52.2890506],[4.9814704,52.2890595],[4.9814919,52.2890691],[4.9815224,52.289083],[4.981544,52.2890931],[4.9815641,52.2891013],[4.9815857,52.2891123],[4.9816132,52.2891246],[4.9816315,52.2891326],[4.9816445,52.289139],[4.9816553,52.2891438],[4.9816646,52.2891479],[4.981691,52.289158],[4.9817118,52.2891664],[4.981736,52.289176],[4.9817543,52.2891836],[4.9817706,52.2891909],[4.9817837,52.2891961],[4.9818016,52.2892036],[4.981832,52.2892144],[4.9818674,52.2892293],[4.981908,52.2892451],[4.9819415,52.2892585],[4.9819619,52.2892672],[4.9819913,52.2892791],[4.9820315,52.2892958],[4.982033,52.2892964],[4.9820433,52.2893015],[4.9820508,52.2893053],[4.9820601,52.289309],[4.9820687,52.2893117],[4.9820754,52.2893144],[4.9820925,52.289319],[4.9821008,52.2893215],[4.9821086,52.2893235],[4.9821183,52.2893255],[4.9821369,52.289331],[4.9821459,52.2893339],[4.9821574,52.2893376],[4.982169,52.2893419],[4.9821899,52.2893494],[4.9821985,52.2893532],[4.9822052,52.2893553],[4.9822145,52.28936],[4.9822257,52.2893648],[4.9822362,52.2893687],[4.9822429,52.2893728],[4.9822522,52.2893766],[4.9822582,52.2893796],[4.9822683,52.2893839],[4.9822735,52.2893882],[4.9822795,52.2893901],[4.982287,52.2893951],[4.9822926,52.289398],[4.9822993,52.2894026],[4.9823038,52.2894074],[4.9823124,52.2894128],[4.9823183,52.2894155],[4.9823228,52.2894178],[4.9823273,52.2894206],[4.9823325,52.2894224],[4.9823366,52.2894249],[4.9823422,52.2894274],[4.9823497,52.2894303],[4.9823587,52.2894331],[4.982368,52.2894362],[4.9823784,52.289439],[4.9823896,52.2894426],[4.9824045,52.2894469],[4.9824191,52.289451],[4.9824318,52.2894548],[4.9824508,52.28946],[4.9824571,52.2894625],[4.9824665,52.2894653],[4.9824769,52.2894691],[4.9824944,52.2894755],[4.9824961,52.289476],[4.982503,52.2894803],[4.9825112,52.289483],[4.9825209,52.2894871],[4.9825362,52.2894939],[4.9825467,52.2894982],[4.9825601,52.2895027],[4.9825691,52.2895068],[4.9825769,52.2895098],[4.9825874,52.2895132],[4.9825952,52.2895155],[4.9826038,52.2895191],[4.9826109,52.2895216],[4.9826176,52.2895234],[4.9826254,52.2895273],[4.9826348,52.2895307],[4.9826422,52.2895343],[4.9826493,52.2895375],[4.9826564,52.2895409],[4.9826657,52.2895462],[4.9826717,52.2895502],[4.9826785,52.289555],[4.9826841,52.2895578],[4.9826926,52.2895625],[4.9827024,52.2895682],[4.9827102,52.2895712],[4.982718,52.2895753],[4.9827274,52.2895803],[4.9827378,52.2895848],[4.9827475,52.2895891],[4.9827584,52.2895932],[4.9827695,52.2895978],[4.98278,52.2896016],[4.9827878,52.2896048],[4.9827942,52.2896075],[4.9828031,52.2896107],[4.982821,52.2896173],[4.9828322,52.2896219],[4.9828412,52.289625],[4.9828516,52.2896282],[4.982884,52.2896396],[4.9828893,52.2896421],[4.9828934,52.2896455],[4.9828994,52.2896484],[4.9829054,52.2896521],[4.9829091,52.2896566],[4.9829133,52.2896621],[4.982917,52.2896669],[4.9829196,52.289676],[4.982926,52.2896863],[4.9829313,52.2896968],[4.9829351,52.2897089],[4.9829419,52.2897221],[4.9829486,52.2897342],[4.9829546,52.2897447],[4.9829629,52.2897612],[4.9829794,52.289789],[4.9830082,52.2898179],[4.9830281,52.2898339],[4.9830475,52.289856],[4.9830666,52.2898742],[4.9830857,52.2898918],[4.9830984,52.2899057],[4.9831112,52.2899203],[4.9831239,52.2899363],[4.9831415,52.2899556],[4.9831813,52.2900058],[4.983227,52.2900603],[4.9832468,52.2900847],[4.9832633,52.2901043],[4.9832787,52.2901214],[4.9832951,52.2901404],[4.983309,52.2901565],[4.9833281,52.2901803],[4.9833435,52.2901962],[4.9833543,52.2902095],[4.9833652,52.2902231],[4.9833753,52.2902343],[4.9833817,52.2902407],[4.9833893,52.2902477],[4.9834041,52.2902619],[4.9834217,52.2902783],[4.9834363,52.2902917],[4.9834576,52.2903129],[4.9834681,52.2903223],[4.9834771,52.29033],[4.9834846,52.2903405],[4.9834917,52.2903494],[4.9834988,52.290359],[4.983506,52.2903681],[4.9836138,52.2903556],[4.9836463,52.2903518],[4.9837073,52.2903439],[4.9837676,52.2903358],[4.9838294,52.2903283],[4.9838622,52.2903246],[4.9838849,52.2903223],[4.9839742,52.2903106],[4.9840617,52.2902997],[4.9841462,52.2902885],[4.9842285,52.2902783],[4.984297,52.2902697],[4.9844395,52.2902511],[4.9845441,52.2902378],[4.9846193,52.290229],[4.9846967,52.2902194],[4.9848118,52.2902066],[4.9849015,52.2901961],[4.9851125,52.2901705],[4.9852034,52.2901605],[4.985292,52.2901505],[4.9853772,52.2901411],[4.9854624,52.290132],[4.9855581,52.2901215],[4.9856519,52.2901115],[4.9857513,52.2901007],[4.9858798,52.2900867],[4.9859654,52.2900776],[4.9860298,52.2900706],[4.9860849,52.2900639],[4.9861608,52.2900555],[4.9862185,52.290049],[4.9862863,52.2900417],[4.9863391,52.2900354],[4.9863793,52.2900308],[4.9864255,52.2900261],[4.9864795,52.2900203],[4.9865461,52.2900128],[4.9866797,52.2899976],[4.9866825,52.2899959],[4.9870621,52.2899548],[4.9875699,52.2898964],[4.9882992,52.2898255],[4.9887651,52.2897759],[4.9890253,52.2897508],[4.9892885,52.2897224],[4.9897397,52.2896731],[4.9901413,52.2896347],[4.9904595,52.2896032],[4.9911852,52.2895516],[4.9914711,52.2895243],[4.9926433,52.2894121],[4.9929115,52.2893937],[4.9929381,52.2893914],[4.9929737,52.289388],[4.9930537,52.2893816],[4.9931587,52.2893733],[4.9932432,52.2893663],[4.9933139,52.2893606],[4.9933683,52.2893561],[4.993589,52.2893348],[4.9936798,52.2893261],[4.9941172,52.2892877],[4.9950187,52.2892312],[4.9955341,52.2892226],[4.9958614,52.2892035],[4.996719,52.2891552],[4.9971296,52.2891345],[4.9974754,52.2891184],[4.9975472,52.2891767],[4.9975492,52.2891783],[4.9976798,52.2892844],[4.9976862,52.2892896],[4.9977064,52.2893048],[4.9977588,52.2893486],[4.9979491,52.2895156],[4.9980983,52.2896425],[4.9982218,52.2897445],[4.9982876,52.2898076],[4.9982976,52.2898151],[4.9983085,52.289823],[4.9983175,52.2898291],[4.9983265,52.289833],[4.9983432,52.2898342],[4.9983727,52.2898356],[4.9984005,52.2898361],[4.9984277,52.2898364],[4.9984522,52.2898386],[4.9984592,52.2898497],[4.9984771,52.2899738],[4.9985007,52.2901074],[4.9985118,52.2901499],[4.9985174,52.2901791],[4.9985225,52.2901966],[4.9985292,52.2902084],[4.9985373,52.2902187],[4.9985443,52.2902271],[4.9985507,52.2902342],[4.9985809,52.2902337],[4.9986213,52.2902337],[4.9986624,52.2902313],[4.9986997,52.2902251],[4.9987381,52.2902195],[4.9987648,52.2902183],[4.9987802,52.2902202],[4.9987957,52.2902274],[4.998814,52.2902391],[4.9988228,52.2902511],[4.9988251,52.2902584],[4.999004,52.2904112],[4.9992363,52.2906154],[4.9994928,52.2908314],[4.999573,52.2908998],[4.9996466,52.290963],[4.9997951,52.291088],[5.0000126,52.2912716],[5.000079,52.2913295],[5.0001768,52.2914222],[5.0003037,52.2915256],[5.0004934,52.2916857],[5.0005228,52.29171],[5.0005393,52.2917224],[5.0005573,52.2917438],[5.0005819,52.2917633],[5.0006055,52.2917828],[5.0006196,52.2917951],[5.0006737,52.2918527],[5.0007257,52.2918878],[5.0008164,52.291957],[5.0008731,52.2920074],[5.0009057,52.2920396],[5.001016,52.292131],[5.0011226,52.2922239],[5.0012496,52.2923294],[5.0013209,52.2923951],[5.0013326,52.2924076],[5.0013397,52.2924259],[5.0013457,52.292446],[5.001354,52.2924629],[5.001373,52.2924828],[5.0014291,52.2925273],[5.0014933,52.292579],[5.0015961,52.2926512],[5.0016826,52.2927201],[5.001758,52.2927726],[5.001779,52.2927867],[5.0017894,52.2927929],[5.0018209,52.2928422],[5.0018331,52.2929225],[5.001801,52.2930552],[5.0018009,52.2931546],[5.0017969,52.2931755],[5.0018041,52.2932525],[5.0018151,52.2934096],[5.0018176,52.2937594],[5.0018208,52.2938558],[5.0018278,52.2940643],[5.0018304,52.2942135],[5.0018246,52.2942774],[5.0018297,52.2943262],[5.0018349,52.2944376],[5.0018366,52.2945986],[5.0018407,52.2946977],[5.0018423,52.2948549],[5.0018473,52.2950453],[5.0018438,52.295203],[5.0018527,52.2953659],[5.0018487,52.2955109],[5.0018395,52.2955967],[5.0018385,52.295606],[5.0018435,52.2956515],[5.0018492,52.2957032],[5.0018518,52.2957233],[5.0018512,52.2958342],[5.0018513,52.2958788],[5.0020345,52.295915],[5.0020978,52.2959313],[5.0021631,52.2959536],[5.0022277,52.2959762],[5.0022959,52.2959985],[5.0023833,52.296021],[5.002484,52.2960346],[5.0025946,52.2960442],[5.0027301,52.2960449],[5.0028164,52.2960456],[5.0028785,52.2960434],[5.0029424,52.296036],[5.0030013,52.2960301],[5.0030592,52.2960223],[5.0031091,52.2960194],[5.0031469,52.2960297],[5.0031803,52.2960413],[5.0032075,52.2960531],[5.0032269,52.2960648],[5.0032346,52.296076],[5.0032395,52.2960832],[5.0032422,52.2961022],[5.003247,52.2961315],[5.0032465,52.2961342],[5.0032434,52.2961529],[5.0032431,52.2961549],[5.0032468,52.2962422],[5.0032509,52.2962977],[5.0032481,52.2963702],[5.0032464,52.2963897],[5.0032373,52.2964949],[5.003232,52.2965982],[5.003232,52.2966794],[5.0032279,52.2967491],[5.0032311,52.2968454],[5.0032308,52.2969231],[5.0032353,52.2970264],[5.0032364,52.2971339],[5.0032367,52.2972145],[5.0032348,52.2972832],[5.0032344,52.2973337],[5.0032331,52.2973886],[5.0032441,52.2974254],[5.0032909,52.2974952],[5.003402,52.2976656],[5.0034904,52.2978235],[5.0035748,52.2979756],[5.0035775,52.2979804],[5.0036773,52.2981644],[5.0037652,52.2983405],[5.003771,52.2983561],[5.0037783,52.2983754],[5.0037939,52.2984067],[5.0038018,52.2984249],[5.0038127,52.298455],[5.0038143,52.2984591],[5.0038346,52.2985093],[5.0039347,52.2985012],[5.0039612,52.298499],[5.0040161,52.2984945],[5.0042296,52.2984771],[5.0048056,52.2984302],[5.0050417,52.298411],[5.0050614,52.2984094],[5.0052649,52.2983928],[5.0054253,52.2985712],[5.0056814,52.2988559],[5.0060446,52.2992556],[5.0062039,52.2994352],[5.0063458,52.2995927],[5.006512,52.2997772],[5.0067779,52.3000685],[5.0070557,52.3003762],[5.007152,52.3004659],[5.0071701,52.3004809],[5.0072323,52.3005401],[5.0073604,52.3006573],[5.0074894,52.3008047],[5.0075444,52.3008675],[5.0076222,52.3009974],[5.0076301,52.3010107],[5.0076978,52.3011828],[5.0077038,52.3012092],[5.0077043,52.3012114],[5.0077113,52.3012427],[5.007723,52.3012817],[5.0077462,52.3013507],[5.0077524,52.3013657],[5.0078054,52.3014426],[5.0078362,52.3014698],[5.0078916,52.301522],[5.007952,52.3015486],[5.0080822,52.301569],[5.0082002,52.3015814],[5.008333,52.3015996],[5.0085297,52.3016332],[5.0085918,52.3016447],[5.0086547,52.3016557],[5.0087299,52.301671],[5.0088296,52.3016942],[5.0089127,52.3017147],[5.0089608,52.3017263],[5.0090413,52.3017501],[5.0091192,52.3017745],[5.0092093,52.3018036],[5.0093371,52.3018502],[5.009429,52.3018852],[5.0094679,52.3019011],[5.0095753,52.3019452],[5.0097076,52.3020036],[5.0097881,52.302038],[5.0099152,52.3020943],[5.0099327,52.3021028],[5.0100186,52.3021464],[5.0100387,52.3021576],[5.010094,52.3021916],[5.0101001,52.3021959],[5.0101221,52.3022097],[5.0101642,52.3022401],[5.010209,52.3022742],[5.0102547,52.3023125],[5.0103978,52.3024234],[5.0104936,52.3025044],[5.0105499,52.302554],[5.0106141,52.3026158],[5.0106651,52.3026638],[5.0107302,52.3027348],[5.0108341,52.3028425],[5.0108608,52.3028727],[5.0109038,52.3029135],[5.0109633,52.3029652],[5.0110508,52.3030295],[5.0111086,52.3030695],[5.0111638,52.3030999],[5.0112496,52.3031489],[5.0113509,52.3032056],[5.0114244,52.3032458],[5.0114959,52.3032815],[5.0115402,52.3033022],[5.0116228,52.3033367],[5.0117153,52.3033733],[5.0117694,52.3033928],[5.0118233,52.3034084],[5.0118359,52.303412],[5.0119201,52.3034358],[5.0119951,52.3034566],[5.0120727,52.3034755],[5.0121739,52.3034992],[5.012279,52.3035223],[5.012358,52.3035367],[5.0124547,52.3035532],[5.0125547,52.303567],[5.0126475,52.3035771],[5.0127198,52.3035841],[5.0127515,52.3035872],[5.0127928,52.3035905],[5.0128764,52.3035971],[5.0129889,52.3036053],[5.013123,52.3036136],[5.0132153,52.3036184],[5.0133493,52.3036164],[5.0133744,52.303616],[5.0133854,52.3036157],[5.0135175,52.3036115],[5.0135934,52.3036091],[5.013608,52.3036087],[5.0136168,52.3036084],[5.0137237,52.303605],[5.0138801,52.3036],[5.0140046,52.3035962],[5.0141904,52.3035908],[5.0142286,52.3035897],[5.0144828,52.3036142]]],[[[4.8171216,52.3269251],[4.8171288,52.3269203],[4.8177113,52.326438],[4.818136,52.3259692],[4.8184259,52.3255572],[4.8187526,52.3255603],[4.8187727,52.3255604],[4.8192839,52.3255652],[4.819433,52.3255676],[4.8194689,52.3255695],[4.8194868,52.3255738],[4.8194977,52.3255789],[4.819551,52.3256215],[4.8196151,52.3256785],[4.8196475,52.3257029],[4.8196479,52.3257032],[4.8196972,52.325728],[4.8197481,52.3257452],[4.819828,52.325754],[4.8198872,52.3257585],[4.8202808,52.325761],[4.8209669,52.3257508],[4.8219047,52.3257417],[4.8223971,52.3257329],[4.8244825,52.3257116],[4.8250966,52.3257289],[4.8251789,52.325731],[4.8253895,52.325777],[4.8255159,52.3258046],[4.8255864,52.3258233],[4.8257969,52.3258742],[4.8260087,52.3259201],[4.826061,52.3259279],[4.8261579,52.3259375],[4.8264472,52.3259668],[4.8268513,52.3260101],[4.8271241,52.3260377],[4.8274107,52.3260677],[4.8278337,52.3261103],[4.828396,52.3261668],[4.8294012,52.3262685],[4.8305595,52.3263887],[4.8317904,52.3265087],[4.8330115,52.3266348],[4.8338986,52.3267285],[4.8346686,52.3268148],[4.8351001,52.3268649],[4.8357439,52.3269414],[4.8363996,52.3270154],[4.8381449,52.3272169],[4.8392533,52.3273436],[4.8394053,52.3273594],[4.8394141,52.3275456],[4.8396313,52.3275586],[4.8396216,52.3281053],[4.8395868,52.3283633],[4.83951,52.3289071],[4.8394766,52.3291457],[4.8402917,52.3294994],[4.8404117,52.3295517],[4.8404758,52.3295763],[4.8405175,52.3295891],[4.8406224,52.3296106],[4.8409163,52.3296617],[4.841046,52.3296827],[4.8413376,52.3297399],[4.8414772,52.3297674],[4.8419856,52.3298612],[4.8426806,52.3299852],[4.8431528,52.3300686],[4.8435154,52.330131],[4.8437465,52.3301762],[4.84375,52.3301769],[4.843961,52.3302185],[4.8446238,52.3299418],[4.8452367,52.3296816],[4.8462432,52.3298436],[4.8463606,52.3298626],[4.8473513,52.3300163],[4.8475454,52.3300443],[4.8475646,52.3300464],[4.8476236,52.3300713],[4.847638,52.3300753],[4.8476459,52.3300851],[4.8476692,52.3301482],[4.8476786,52.3301699],[4.8479589,52.330549],[4.8479876,52.3305669],[4.8480068,52.3305699],[4.8484292,52.330558],[4.8494438,52.3305174],[4.8506284,52.3304505],[4.8506927,52.3304051],[4.8515941,52.3304144],[4.8521048,52.3304235],[4.8522479,52.3304192],[4.8524935,52.3304119],[4.8524977,52.3304118],[4.8536832,52.330376],[4.854943,52.330338],[4.8559244,52.3303178],[4.8559426,52.3302552],[4.8559945,52.3300764],[4.8561882,52.3297004],[4.8561966,52.3296806],[4.8562594,52.3294993],[4.8563283,52.3293151],[4.856371,52.3291704],[4.8564086,52.3289603],[4.8564223,52.3288458],[4.8564502,52.3280314],[4.8564425,52.3278055],[4.856408,52.3258735],[4.8563817,52.324402],[4.8563557,52.3229513],[4.8563344,52.3217622],[4.8564914,52.3217654],[4.856569,52.3217669],[4.8565662,52.3215622],[4.8567185,52.3215559],[4.8567473,52.3215547],[4.856755,52.3214133],[4.8576139,52.3214289],[4.8576263,52.3215845],[4.8576304,52.3216349],[4.8576409,52.3216705],[4.8576505,52.3216892],[4.8576645,52.3217016],[4.8576837,52.3217141],[4.8577815,52.3217296],[4.8578632,52.3217342],[4.8609671,52.3217929],[4.8626145,52.321824],[4.8691417,52.3219328],[4.8691437,52.3219329],[4.8693801,52.3219371],[4.8724767,52.3219928],[4.8727068,52.3219969],[4.8728264,52.321999],[4.8738405,52.3220169],[4.8742071,52.3220233],[4.8763064,52.3220602],[4.8769713,52.3220719],[4.8780765,52.3220916],[4.8781074,52.3220921],[4.8806156,52.3221364],[4.8811729,52.3221463],[4.8819039,52.3221592],[4.8821796,52.3221641],[4.88236,52.3221673],[4.8842382,52.3222036],[4.8881386,52.3222789],[4.8885052,52.322286],[4.8899423,52.3223137],[4.8914857,52.3223418],[4.8924024,52.3223585],[4.8928366,52.3223664],[4.8930085,52.3223695],[4.8934448,52.3223775],[4.8936404,52.3223838],[4.8937946,52.3223901],[4.8939517,52.3223965],[4.8940379,52.3224001],[4.8943789,52.3224142],[4.8945138,52.32242],[4.8945611,52.3224212],[4.8946282,52.322421],[4.8946983,52.3224216],[4.8947406,52.3224223],[4.8947792,52.3224229],[4.8948131,52.3224235],[4.8948356,52.3224228],[4.8948672,52.3224218],[4.8949145,52.3224212],[4.8950123,52.3224144],[4.8951371,52.3224063],[4.8952178,52.3224066],[4.8954052,52.3224085],[4.8954179,52.3224078],[4.8957586,52.3224125],[4.8962917,52.3224199],[4.8964078,52.3223211],[4.8971462,52.3218964],[4.8973282,52.3218559],[4.8982807,52.321644],[4.8993471,52.3215505],[4.9000638,52.3215506],[4.9001976,52.3215506],[4.9009226,52.3215656],[4.9016009,52.3215282],[4.9020937,52.3214498],[4.9025324,52.3213244],[4.9029717,52.3211453],[4.9031864,52.3210489],[4.9033562,52.3209727],[4.9040925,52.3206442],[4.9041011,52.3206407],[4.9045362,52.3204623],[4.9047031,52.3203938],[4.9055195,52.3201442],[4.9078406,52.3195048],[4.9083641,52.3192111],[4.9090508,52.3188257],[4.9091354,52.3182532],[4.9098129,52.3182612],[4.9101145,52.3182648],[4.9101148,52.3182648],[4.9101954,52.3182658],[4.9102046,52.3182659],[4.9102052,52.3182659],[4.9104341,52.3182686],[4.910557,52.31827],[4.910649,52.3182765],[4.9107421,52.3182791],[4.9107851,52.3182783],[4.9108928,52.3182751],[4.9111155,52.3182662],[4.9112114,52.3182662],[4.9115327,52.3182633],[4.911773,52.3182598],[4.9118686,52.3182584],[4.9119198,52.3182568],[4.9121779,52.3182487],[4.9122488,52.3182494],[4.9123198,52.3182486],[4.9123757,52.318248],[4.9125039,52.3183896],[4.912606,52.3185025],[4.9127338,52.3186412],[4.9130038,52.3189354],[4.9131865,52.3191312],[4.9133326,52.3192877],[4.913357,52.3193182],[4.9134725,52.3194623],[4.9134796,52.3194712],[4.9135379,52.3195535],[4.9141566,52.3202338],[4.9142694,52.3203941],[4.9142815,52.320408],[4.9141035,52.3204809],[4.9140556,52.3205006],[4.9135689,52.3207006],[4.9129784,52.3209476],[4.9126992,52.321086],[4.9126098,52.3211044],[4.9125758,52.3211249],[4.9125599,52.3211346],[4.9125575,52.3211392],[4.9125397,52.3211738],[4.9125389,52.3211754],[4.912543,52.3212055],[4.912545,52.3212196],[4.912488,52.3212541],[4.9124267,52.3212761],[4.912324,52.3213131],[4.9115962,52.3215931],[4.9112318,52.3217329],[4.9108075,52.321883],[4.9108022,52.3218838],[4.9107742,52.3218878],[4.9107307,52.3219141],[4.9107616,52.3219839],[4.9108316,52.322073],[4.9109578,52.3222611],[4.9109623,52.3222679],[4.9111182,52.3225033],[4.9113238,52.3228247],[4.9113416,52.3228784],[4.9113437,52.3228841],[4.9113509,52.3228993],[4.9112261,52.3230111],[4.9107791,52.3233083],[4.9105131,52.3234655],[4.9103343,52.3235663],[4.9105503,52.3237234],[4.9107284,52.323853],[4.9109501,52.3240143],[4.9111003,52.324098],[4.9112884,52.3241623],[4.9115878,52.3242067],[4.9121209,52.3242574],[4.9125544,52.3243278],[4.9127996,52.3243675],[4.9137778,52.3245339],[4.9138814,52.3245515],[4.9138086,52.3249936],[4.9136871,52.3257317],[4.9136267,52.3260986],[4.9136198,52.3261479],[4.9136041,52.3262603],[4.9136017,52.3262752],[4.9135277,52.326743],[4.9133193,52.3280596],[4.9132676,52.3283874],[4.91324,52.3285723],[4.9131194,52.3293445],[4.9130967,52.3294847],[4.912983,52.330188],[4.9129318,52.3305104],[4.9129661,52.3305138],[4.9130142,52.3305185],[4.913127,52.3305302],[4.9131337,52.3305309],[4.9132626,52.3305448],[4.9132637,52.3305449],[4.9132941,52.3305484],[4.9133826,52.3305585],[4.9133979,52.3305603],[4.9134646,52.3305683],[4.9135137,52.3305742],[4.9135358,52.3305771],[4.9135538,52.3305794],[4.9138126,52.3306152],[4.9141749,52.3306779],[4.9145688,52.3307632],[4.9151618,52.3309149],[4.9168661,52.3313436],[4.9175052,52.331543],[4.9177422,52.3316132],[4.9180895,52.3317162],[4.918668,52.3318902],[4.9192403,52.3320632],[4.9195938,52.3321681],[4.9199625,52.3322583],[4.9203717,52.3323603],[4.9216742,52.3327611],[4.9225505,52.3330842],[4.9224384,52.3332161],[4.9226119,52.3333281],[4.9227922,52.3334591],[4.9228804,52.3335293],[4.9229801,52.3336145],[4.9230071,52.3336403],[4.9230356,52.3336674],[4.923052,52.3336823],[4.9230829,52.3337119],[4.9231138,52.3337435],[4.9231573,52.3337875],[4.9232906,52.333939],[4.9233526,52.3340192],[4.9234068,52.3340893],[4.9235123,52.334257],[4.9235931,52.3344149],[4.9236293,52.3345076],[4.9236773,52.3346306],[4.923727,52.334811],[4.9237517,52.3349552],[4.9237686,52.335268],[4.9237654,52.3354427],[4.9238867,52.3354366],[4.9241442,52.3354237],[4.9244805,52.3354069],[4.924522,52.3354048],[4.9245649,52.3354027],[4.9248005,52.3353846],[4.9254929,52.3353833],[4.925612,52.3353787],[4.9256382,52.3353777],[4.9257079,52.335375],[4.9257734,52.3353727],[4.9258899,52.3354126],[4.9259991,52.3354504],[4.9263839,52.3355835],[4.9269421,52.3357766],[4.92677,52.3359646],[4.9284247,52.3365313],[4.9284972,52.3365761],[4.9285794,52.3366044],[4.9286699,52.3366009],[4.9287469,52.3365436],[4.9287875,52.3365248],[4.9288593,52.3365027],[4.9307956,52.3361277],[4.9323697,52.3358365],[4.9326884,52.3357776],[4.9334144,52.3356442],[4.9342207,52.335496],[4.9356238,52.335514],[4.9359077,52.3352191],[4.9359676,52.3351569],[4.9360249,52.3350975],[4.9363961,52.334712],[4.9365117,52.334592],[4.936731,52.3346661],[4.9367581,52.3346753],[4.9373372,52.3348711],[4.9377045,52.3350032],[4.9378331,52.3350568],[4.937911,52.3350925],[4.9379322,52.3351056],[4.9379727,52.3351305],[4.9380599,52.3351841],[4.9381483,52.3352387],[4.9383273,52.3352894],[4.9384997,52.3353075],[4.9388239,52.3353982],[4.939029,52.3354725],[4.9393954,52.3355668],[4.9395281,52.3355931],[4.9396747,52.3356075],[4.9398058,52.3356122],[4.9399582,52.3356167],[4.9403656,52.3356039],[4.9415391,52.3355417],[4.9415763,52.3355397],[4.9417056,52.3355329],[4.9417085,52.3356964],[4.9417089,52.3357188],[4.941714,52.3360048],[4.9417146,52.3360389],[4.9417118,52.3361651],[4.9417201,52.3364074],[4.9417595,52.3364125],[4.9421921,52.3364686],[4.9422266,52.3364728],[4.9431247,52.3365899],[4.9434906,52.3366698],[4.9435147,52.3366731],[4.9437984,52.3367124],[4.9437479,52.3367412],[4.9439231,52.3367916],[4.9439351,52.3367936],[4.9439477,52.3368003],[4.9439896,52.3368181],[4.9442087,52.3368898],[4.9442259,52.3368955],[4.9445878,52.337008],[4.9446184,52.3370175],[4.944767,52.337063],[4.9448127,52.337077],[4.9448379,52.3370849],[4.9449064,52.3371061],[4.9449757,52.3371277],[4.9450347,52.337146],[4.945044,52.3371488],[4.9451486,52.3371804],[4.9452501,52.3372111],[4.9452598,52.3372138],[4.9454839,52.3372764],[4.9455336,52.3372902],[4.9457773,52.3373622],[4.9458734,52.3373905],[4.9459536,52.3374143],[4.9460498,52.3374439],[4.9461102,52.3374614],[4.9461477,52.3374724],[4.9462267,52.3374956],[4.9462708,52.3375086],[4.946309,52.3375196],[4.9464047,52.3375479],[4.9464843,52.3375713],[4.9465616,52.3375941],[4.9467494,52.3376531],[4.9467666,52.3376585],[4.9468323,52.3376753],[4.94688,52.3376876],[4.9470234,52.3377026],[4.9470254,52.3377028],[4.9470957,52.33772],[4.9473769,52.3377888],[4.9479121,52.3379156],[4.9483421,52.3380276],[4.9485678,52.3381066],[4.9486144,52.3381216],[4.9486439,52.3381312],[4.9486686,52.3381313],[4.9490556,52.3382387],[4.9490829,52.3382454],[4.9493474,52.3383258],[4.9495484,52.3383786],[4.9495285,52.3384076],[4.9495796,52.3384383],[4.9498602,52.3385282],[4.9497921,52.3386137],[4.9497014,52.3387275],[4.9497826,52.3387593],[4.950573,52.3390692],[4.9506777,52.339117],[4.9518891,52.3396699],[4.9520326,52.3397455],[4.9523799,52.3399285],[4.9524843,52.3400106],[4.9526418,52.3401002],[4.9530039,52.3403375],[4.9530534,52.3403699],[4.9538371,52.3410607],[4.9541046,52.341349],[4.9549585,52.3422693],[4.954998,52.3423119],[4.955019,52.342333],[4.9558126,52.3431297],[4.956268,52.3435869],[4.9565577,52.3438777],[4.9570027,52.3443503],[4.9570978,52.3444377],[4.957416,52.3447304],[4.9575917,52.3448919],[4.9580735,52.3453351],[4.9592724,52.3465127],[4.9596967,52.3469294],[4.9597561,52.3470247],[4.9598761,52.347217],[4.9599183,52.3473979],[4.959923,52.347418],[4.9599301,52.3474482],[4.9601253,52.3476392],[4.9603108,52.3478207],[4.9603196,52.3478293],[4.9604286,52.3479359],[4.960535,52.34804],[4.9606281,52.348131],[4.96116,52.3486514],[4.9611704,52.3486614],[4.961366,52.3488528],[4.9615866,52.3491384],[4.961916,52.3495647],[4.9621701,52.3498935],[4.9625361,52.3503671],[4.9639407,52.3520548],[4.9640174,52.352147],[4.9644879,52.3527123],[4.9649553,52.3532739],[4.9649568,52.3532757],[4.965666,52.3544392],[4.9658229,52.3546967],[4.9658572,52.3546512],[4.965932,52.3545518],[4.9660573,52.3543853],[4.9661581,52.354263],[4.9662399,52.3541638],[4.9662523,52.3541899],[4.9662817,52.354207],[4.9663568,52.3542366],[4.9664297,52.3542545],[4.9665235,52.3542792],[4.9666101,52.3543134],[4.9667244,52.3543534],[4.9668459,52.354393],[4.9670334,52.3544666],[4.9672177,52.3545412],[4.9674185,52.3546212],[4.9674375,52.3546281],[4.9676111,52.3546914],[4.9677261,52.3547345],[4.9679208,52.3548123],[4.9680805,52.354862],[4.9682149,52.3549001],[4.9683101,52.3549269],[4.9685419,52.3550154],[4.9687371,52.3550881],[4.9688742,52.3551536],[4.9689408,52.3551876],[4.9691197,52.3552833],[4.9692214,52.3553293],[4.9693225,52.3553822],[4.9693979,52.3554236],[4.9695225,52.3554982],[4.9695016,52.3555769],[4.9693139,52.3556102],[4.9695948,52.3561017],[4.9701868,52.355993],[4.9702167,52.3560506],[4.9703288,52.3560281],[4.9704253,52.3560111],[4.9703941,52.3559573],[4.9706772,52.3559019],[4.9711019,52.3558165],[4.9714315,52.3557411],[4.9715019,52.3557251],[4.971793,52.3556482],[4.9721787,52.3555458],[4.9724807,52.3554564],[4.9727944,52.3553523],[4.973183,52.355219],[4.9734594,52.3551138],[4.9738752,52.3549477],[4.9741526,52.3548251],[4.9744904,52.3546664],[4.9748039,52.3545067],[4.9755298,52.3541209],[4.9760253,52.3538543],[4.9762205,52.3537508],[4.9770405,52.3533164],[4.9770677,52.353302],[4.977879,52.352868],[4.9784331,52.3525725],[4.9791313,52.3522001],[4.9793509,52.352083],[4.9797383,52.3518773],[4.9804605,52.3514918],[4.9820402,52.3506485],[4.982732,52.3502789],[4.9833185,52.3499675],[4.9845179,52.3493309],[4.9854388,52.3488404],[4.9863374,52.3483618],[4.9875147,52.3477349],[4.9878429,52.3475601],[4.9888908,52.3470027],[4.9896152,52.3466185],[4.9899804,52.3464248],[4.9907861,52.3459947],[4.9909687,52.3458979],[4.9916165,52.3455547],[4.9924433,52.3451119],[4.9927836,52.3449296],[4.9932349,52.3446873],[4.9937294,52.3444222],[4.9937542,52.3444108],[4.993819,52.3443848],[4.9938678,52.3443683],[4.9939349,52.3443473],[4.9940191,52.3443145],[4.9941267,52.3442616],[4.994315,52.3441581],[4.9946733,52.3439673],[4.9949519,52.3438172],[4.9953242,52.3436162],[4.9957827,52.3433714],[4.9959744,52.3432693],[4.9963286,52.3430806],[4.9968211,52.3428182],[4.9972738,52.3425757],[4.9978278,52.3422787],[4.9980489,52.3421605],[4.9982659,52.3420474],[4.9990628,52.3416751],[4.9993207,52.3415363],[4.9994443,52.3416376],[4.9995497,52.3417238],[4.9997082,52.3418272],[4.9998827,52.3419204],[5.0000715,52.3420024],[5.0002858,52.3420831],[5.0005107,52.342152],[5.0007445,52.3422088],[5.0009855,52.3422528],[5.0015156,52.3423455],[5.0020542,52.3424173],[5.0025991,52.3424681],[5.0037733,52.3425462],[5.0039835,52.3425675],[5.0041959,52.3425786],[5.004409,52.3425792],[5.0046215,52.3425696],[5.0048321,52.3425496],[5.0051159,52.3425159],[5.0053967,52.3424739],[5.0056741,52.342424],[5.0056864,52.3424215],[5.0056988,52.3424191],[5.0057111,52.3424166],[5.0059426,52.3423584],[5.0061753,52.3423021],[5.0064093,52.3422476],[5.0065923,52.3422066],[5.0067761,52.3421667],[5.0069605,52.3421279],[5.0072676,52.342072],[5.0075697,52.3420068],[5.0076918,52.3419762],[5.0078662,52.3419324],[5.0079812,52.3419002],[5.0081004,52.3418742],[5.0082228,52.3418546],[5.0083474,52.3418415],[5.0084735,52.3418351],[5.0086,52.3418354],[5.008726,52.3418424],[5.0088505,52.341856],[5.0089726,52.3418762],[5.0091539,52.3419072],[5.0093305,52.3419472],[5.0095012,52.3419957],[5.0096649,52.3420526],[5.0098206,52.3421174],[5.0101882,52.3422682],[5.0105426,52.3424304],[5.0108829,52.3426036],[5.0112312,52.3427955],[5.0115525,52.3430043],[5.0118446,52.3432287],[5.0118819,52.3432589],[5.011918,52.3432897],[5.0119529,52.343321],[5.0120683,52.3434382],[5.0121665,52.3435612],[5.0122466,52.343689],[5.0122563,52.3437137],[5.0122237,52.3437201],[5.012218,52.3437212],[5.0122813,52.3438466],[5.0122933,52.3438438],[5.0123028,52.3438426],[5.0123457,52.3439391],[5.0123467,52.3439416],[5.0123616,52.3439803],[5.0123813,52.344311],[5.0128453,52.3448402],[5.0128725,52.3448712],[5.0133529,52.3454191],[5.0144755,52.3466994],[5.0154634,52.3478259],[5.0157984,52.3482079],[5.0158992,52.3483229],[5.0176399,52.3487931],[5.0202171,52.3494892],[5.0202898,52.3495089],[5.0224586,52.3500946],[5.027246,52.3513874],[5.0308749,52.3523672],[5.0342028,52.3532655],[5.0349351,52.3534632],[5.0350834,52.3535032],[5.0390565,52.3545756],[5.0389745,52.3558438],[5.0385145,52.362121],[5.03845,52.3631768],[5.0379534,52.3713073],[5.0376797,52.3754013],[5.0376834,52.3754024],[5.0402719,52.3762296],[5.0523289,52.3800205],[5.0623122,52.3831659],[5.0670984,52.3846734],[5.0791622,52.3886541],[5.0787646,52.390699],[5.0787081,52.3909892],[5.0783278,52.3929448],[5.0781094,52.3940677],[5.077454,52.3974363],[5.0767986,52.4008049],[5.0765801,52.4019278],[5.0761431,52.4041735],[5.075706,52.4064193],[5.07566,52.4066555],[5.0754874,52.4075421],[5.0748317,52.4109107],[5.0742617,52.4138385],[5.0733017,52.414277],[5.0717993,52.4149633],[5.0713233,52.4151808],[5.0708566,52.415394],[5.069917,52.4158231],[5.0686095,52.4164072],[5.0685081,52.4164525],[5.0682699,52.4165579],[5.0682474,52.4165587],[5.0681531,52.4165624],[5.0681091,52.4165641],[5.0680759,52.4165654],[5.0679605,52.4165699],[5.0679348,52.4165709],[5.0679192,52.416575],[5.0678626,52.4165898],[5.0678514,52.4165927],[5.067814,52.4166025],[5.0676903,52.4166347],[5.0676672,52.4166408],[5.0676028,52.4166575],[5.0672991,52.4167368],[5.0662459,52.4170147],[5.0658108,52.4171297],[5.0654126,52.4172394],[5.0648266,52.4169467],[5.0643806,52.4167551],[5.0638317,52.4165011],[5.0636827,52.4164321],[5.0631879,52.4162583],[5.0625564,52.4161733],[5.0620894,52.4161839],[5.0616289,52.4162215],[5.0577566,52.4165378],[5.0550888,52.4159728],[5.0546495,52.4158989],[5.0525202,52.4155408],[5.0512985,52.4153402],[5.0509256,52.4152789],[5.0491772,52.4151293],[5.0491433,52.415139],[5.0484681,52.4153321],[5.0476702,52.4155603],[5.0472718,52.4156742],[5.0439959,52.4166111],[5.0434938,52.4167445],[5.0425901,52.4169848],[5.0411011,52.4171908],[5.040711,52.4172448],[5.0406752,52.4172485],[5.0393893,52.417382],[5.0387714,52.4175509],[5.0386385,52.4175872],[5.0373697,52.4179413],[5.0368744,52.4180888],[5.0363087,52.4182041],[5.0358688,52.4182682],[5.0354702,52.418274],[5.0352381,52.418251],[5.0350473,52.4182031],[5.0347686,52.4180598],[5.0344235,52.4178267],[5.0344049,52.4178141],[5.0342575,52.4175375],[5.0340639,52.4171741],[5.0336961,52.4168722],[5.0334685,52.4166854],[5.0324891,52.4162774],[5.0300449,52.4156435],[5.0301086,52.4162057],[5.0300838,52.4166094],[5.0300502,52.4168293],[5.0299447,52.4172035],[5.0298066,52.4175242],[5.0297279,52.4177068],[5.0295105,52.4180632],[5.0289796,52.4188588],[5.028865,52.4189862],[5.0286929,52.4191773],[5.0283574,52.4194164],[5.0275081,52.4197641],[5.0272604,52.4198655],[5.0269164,52.4199726],[5.0266885,52.4200228],[5.0265006,52.4200642],[5.0260666,52.420117],[5.0256244,52.4201524],[5.0253894,52.4201285],[5.0249616,52.4200848],[5.0249556,52.4200842],[5.0249415,52.4200828],[5.0248208,52.420088],[5.0248165,52.4200883],[5.0247465,52.4200926],[5.0244179,52.420113],[5.0243149,52.4201194],[5.0243039,52.4201201],[5.0242878,52.4201211],[5.0242775,52.4201232],[5.0238629,52.4202057],[5.023559,52.4202662],[5.0232033,52.4203658],[5.0223733,52.4207673],[5.0222189,52.4208714],[5.0219332,52.4210639],[5.0216561,52.4211999],[5.0216136,52.4212208],[5.021611,52.4212221],[5.0215166,52.4212015],[5.0214072,52.4211716],[5.0212882,52.4211308],[5.0212815,52.4211285],[5.0211548,52.4210681],[5.0211099,52.4210016],[5.0210173,52.4208677],[5.0209577,52.4207815],[5.0206585,52.4203404],[5.0204702,52.4200586],[5.0203922,52.4199596],[5.020314,52.4198985],[5.020186,52.4198424],[5.0199256,52.4197656],[5.0198619,52.4197407],[5.0197232,52.4196864],[5.0197088,52.4196802],[5.0193123,52.4195106],[5.0190292,52.4193784],[5.0186379,52.419216],[5.0186165,52.4192071],[5.0185127,52.4191242],[5.0184618,52.4191353],[5.0184486,52.4191358],[5.018414,52.4191288],[5.0183754,52.4191173],[5.0183538,52.4191104],[5.018314,52.4190961],[5.0183013,52.4190918],[5.0182968,52.4190903],[5.0182052,52.4190596],[5.0178156,52.4192006],[5.0178092,52.4191943],[5.0176365,52.41926],[5.0175629,52.4192871],[5.0172107,52.4194076],[5.0169207,52.4195069],[5.0167066,52.4195808],[5.0165892,52.4196217],[5.0165634,52.4196333],[5.0164762,52.4196638],[5.0162904,52.4197238],[5.0162745,52.4197295],[5.0161108,52.4197881],[5.0159935,52.419833],[5.015879,52.4198735],[5.0158296,52.4198897],[5.0157486,52.4199161],[5.01558,52.4199757],[5.0153239,52.4200735],[5.0152261,52.4201086],[5.0151483,52.4201328],[5.0150451,52.4201632],[5.0150037,52.4201754],[5.0149862,52.4201857],[5.014971,52.420194],[5.0149458,52.4202012],[5.014924,52.4202058],[5.0148837,52.4202114],[5.0147791,52.4202456],[5.0145225,52.4203351],[5.0143691,52.4203884],[5.0140955,52.4204862],[5.0139946,52.4205216],[5.0139659,52.4205323],[5.0137961,52.4206042],[5.0137403,52.4206279],[5.0137189,52.4206411],[5.0136807,52.4206564],[5.0135688,52.4206963],[5.0134742,52.4207286],[5.0133843,52.4207612],[5.0132948,52.4207917],[5.0131638,52.4208398],[5.0131537,52.4208431],[5.0130728,52.4208695],[5.0130119,52.4208901],[5.0128492,52.4209463],[5.0127527,52.4209821],[5.0127152,52.4209953],[5.012671,52.4210109],[5.012612,52.4210337],[5.0125206,52.4210663],[5.0124209,52.4210974],[5.0123208,52.421136],[5.0121332,52.421208],[5.0120129,52.4212496],[5.0118558,52.4213052],[5.0115732,52.4214059],[5.0113713,52.4214778],[5.0113092,52.4215005],[5.0112631,52.4215161],[5.0111807,52.421544],[5.0111031,52.4215729],[5.0110575,52.4215906],[5.0109737,52.4216209],[5.0109218,52.4216397],[5.0106313,52.4217467],[5.010471,52.4218005],[5.0103914,52.4218293],[5.010305,52.4218612],[5.0102387,52.421883],[5.0102043,52.4218853],[5.0101688,52.4219],[5.0099867,52.4219667],[5.0097121,52.4220745],[5.0096161,52.4221105],[5.009549,52.4221357],[5.0094186,52.4221755],[5.0093793,52.4221889],[5.0093215,52.4222095],[5.0091201,52.422281],[5.0089362,52.422346],[5.0088169,52.422391],[5.008746,52.422418],[5.0087138,52.4224319],[5.0085387,52.4224923],[5.0083735,52.4225526],[5.0083577,52.4225585],[5.0081418,52.4226328],[5.0080212,52.4226721],[5.0079598,52.4226919],[5.0079405,52.4227014],[5.007768,52.4227634],[5.0074641,52.4228743],[5.0073719,52.4229075],[5.0073059,52.4229303],[5.0071965,52.4229631],[5.007105,52.4229905],[5.0068621,52.4230736],[5.0068044,52.4230939],[5.0066743,52.4231411],[5.0065176,52.4231987],[5.0064269,52.4232318],[5.0063328,52.4232636],[5.0062658,52.423286],[5.0062393,52.4233001],[5.0061887,52.4233208],[5.0060844,52.4233623],[5.0060159,52.423388],[5.0059707,52.423405],[5.0058628,52.4234431],[5.0057555,52.4234789],[5.005711,52.4234912],[5.0056412,52.4235165],[5.0055726,52.4235422],[5.0054156,52.423598],[5.0052993,52.4236406],[5.0051317,52.4237],[5.0049737,52.4237548],[5.0049354,52.423768],[5.0047191,52.4238451],[5.0045107,52.4239203],[5.0043436,52.4239786],[5.0041826,52.4240387],[5.0040512,52.4240889],[5.0039051,52.4241386],[5.0037876,52.4241795],[5.0037773,52.4241835],[5.0036198,52.4242443],[5.0034784,52.4242992],[5.003347,52.4243427],[5.0031714,52.4244055],[5.0029925,52.424472],[5.0028185,52.4245348],[5.0026658,52.4245919],[5.0024803,52.4246591],[5.0023079,52.4247218],[5.0021202,52.4247886],[5.0019496,52.4248493],[5.0018142,52.4248985],[5.0017646,52.4249164],[5.0016524,52.424957],[5.0014892,52.425014],[5.0013098,52.425082],[5.0011822,52.4251304],[5.0010404,52.4251798],[5.0009726,52.4252023],[5.000894,52.425229],[5.0008086,52.4252598],[5.0007168,52.4252934],[5.0002922,52.4254069],[5.0001568,52.4254431],[5.0001287,52.4254244],[4.9999942,52.425414],[4.9999829,52.4254141],[4.9999659,52.4254142],[4.999661,52.4254306],[4.9996277,52.4254296],[4.9995626,52.4254325],[4.9994456,52.4254337],[4.9993494,52.4254271],[4.9992013,52.4254154],[4.9990635,52.425415],[4.9987852,52.4254204],[4.9987111,52.4254204],[4.9985502,52.4254203],[4.9969661,52.425433],[4.9962203,52.4254538],[4.9958905,52.4254627],[4.9955805,52.4254712],[4.9955781,52.4254712],[4.995566,52.4254875],[4.9954378,52.425492],[4.9953727,52.4254608],[4.9952508,52.4254664],[4.9952491,52.4254432],[4.9952028,52.4254455],[4.9950988,52.4254565],[4.9949612,52.4254355],[4.9947391,52.4254385],[4.9945252,52.4254393],[4.994464,52.4254431],[4.9944419,52.4254526],[4.9943894,52.4254544],[4.9942609,52.4254557],[4.9942291,52.4254547],[4.9941852,52.4254495],[4.9940673,52.4254403],[4.9939216,52.4254359],[4.993803,52.4254311],[4.9936776,52.4254169],[4.9935639,52.4254043],[4.9934591,52.425399],[4.9933472,52.4254048],[4.9932623,52.4254111],[4.9932032,52.4254154],[4.9930558,52.4254231],[4.9929465,52.4254287],[4.9928302,52.4254294],[4.9927177,52.4254369],[4.9925563,52.425442],[4.99242,52.425441],[4.9923156,52.4254369],[4.9921658,52.4254288],[4.9920121,52.4254344],[4.9918643,52.425444],[4.9917274,52.4254526],[4.9917255,52.4254527],[4.991678,52.4254547],[4.9916422,52.4254562],[4.9915285,52.4254559],[4.9914761,52.4254527],[4.9914284,52.4254484],[4.9914093,52.4254447],[4.9913931,52.425436],[4.9913844,52.4254289],[4.9913816,52.4254266],[4.9913724,52.4254013],[4.9912018,52.4254058],[4.9911388,52.4254074],[4.9911162,52.4254089],[4.990933,52.4254148],[4.9906789,52.425421],[4.990651,52.4254223],[4.9906135,52.4254241],[4.990489,52.4254299],[4.990504,52.4254774],[4.9905031,52.4254816],[4.990482,52.4254843],[4.9904658,52.4254916],[4.9904529,52.4254984],[4.9904617,52.4255204],[4.9904453,52.4255208],[4.9904334,52.4254929],[4.9903947,52.4253936],[4.9903583,52.425277],[4.9903522,52.4251698],[4.9903633,52.4250571],[4.9903817,52.4249224],[4.9903892,52.4248677],[4.9904002,52.4247871],[4.9904152,52.4245772],[4.9904056,52.4245183],[4.9903625,52.424463],[4.9902669,52.4243704],[4.9901987,52.4243043],[4.9900068,52.4241381],[4.9899205,52.4240634],[4.9895685,52.4237166],[4.9891838,52.4233725],[4.9891002,52.4233065],[4.9890071,52.4232719],[4.9888344,52.4232542],[4.9882596,52.4232608],[4.9879184,52.4232683],[4.9877689,52.4232678],[4.9876851,52.4232303],[4.9874946,52.4231126],[4.9871016,52.4228417],[4.9870518,52.4228839],[4.9870508,52.4228848],[4.987044,52.4228906],[4.9868977,52.4230147],[4.9867601,52.4231114],[4.9865672,52.4232951],[4.9857806,52.4239866],[4.985627,52.4241234],[4.985253,52.4244562],[4.984749,52.4249076],[4.984716,52.4249371],[4.9845087,52.4251135],[4.9833047,52.426176],[4.983821,52.4257168],[4.9826365,52.4267623],[4.9825715,52.4267403],[4.9824485,52.4266909],[4.9821263,52.4265573],[4.9818606,52.4264382],[4.9817942,52.4264098],[4.9816212,52.4263401],[4.9815597,52.4262987],[4.9815222,52.4262805],[4.9814738,52.4262635],[4.9814323,52.4262489],[4.9814068,52.4262398],[4.9812995,52.4261991],[4.9812752,52.4261893],[4.9811569,52.4261414],[4.9810818,52.4261123],[4.9810054,52.4260808],[4.9809397,52.4260567],[4.9808376,52.4260055],[4.9808276,52.4260005],[4.9805187,52.4258628],[4.9803827,52.425793],[4.9803266,52.4257712],[4.9802664,52.4257478],[4.9801168,52.4256902],[4.9798943,52.4255998],[4.9794226,52.4253943],[4.9793762,52.4253697],[4.9792999,52.4253286],[4.9792802,52.4253207],[4.9792311,52.4252946],[4.9790085,52.42521],[4.978865,52.425156],[4.9786452,52.4250656],[4.9785983,52.4250457],[4.9784965,52.4249869],[4.9784161,52.4249554],[4.9783249,52.4249172],[4.9782981,52.4249023],[4.9782487,52.4248824],[4.978236,52.4248773],[4.9782177,52.4248699],[4.9781715,52.4248619],[4.9781527,52.4248544],[4.9781018,52.4248304],[4.9780468,52.4248072],[4.9778873,52.4247392],[4.9777677,52.4246892],[4.9777144,52.424667],[4.9776031,52.4246271],[4.9774543,52.424569],[4.9773627,52.4245347],[4.9773523,52.4245308],[4.9772372,52.4244621],[4.977201,52.4244472],[4.9771729,52.4244364],[4.977104,52.4244102],[4.9770901,52.4244044],[4.977041,52.4243836],[4.9768908,52.4243206],[4.9767688,52.42427],[4.9767313,52.4242575],[4.9766791,52.4242285],[4.9766483,52.424207],[4.9765867,52.4241731],[4.9765233,52.42415],[4.9765022,52.4241424],[4.9764299,52.42411],[4.9764231,52.4241108],[4.9763773,52.4240917],[4.9763735,52.4240901],[4.9763307,52.4240694],[4.9762832,52.4240471],[4.9762563,52.4240346],[4.9761377,52.4239778],[4.9761009,52.4239601],[4.9760961,52.4239586],[4.9759929,52.4239266],[4.9759286,52.4238921],[4.9758168,52.4238548],[4.9757438,52.423823],[4.9757051,52.423807],[4.9755711,52.4237551],[4.9755677,52.4237538],[4.9754732,52.4237139],[4.9752885,52.4236342],[4.9751468,52.4235731],[4.9749536,52.4234828],[4.9748548,52.4234403],[4.9746917,52.4233686],[4.9746401,52.4233473],[4.9745285,52.4232995],[4.9744726,52.4232782],[4.974331,52.4232091],[4.9742622,52.4231826],[4.9741764,52.4231453],[4.973936,52.4230397],[4.9738203,52.4229913],[4.9734833,52.4228585],[4.9734753,52.4228543],[4.9733949,52.4228122],[4.9733538,52.4228041],[4.9733199,52.4227973],[4.9732345,52.422797],[4.9728964,52.422775],[4.9728315,52.4227706],[4.9726368,52.4227636],[4.9723911,52.4227398],[4.9722955,52.4227311],[4.972205,52.4227297],[4.9721247,52.4227284],[4.9719812,52.4227237],[4.9717476,52.4227196],[4.9715528,52.4227168],[4.9714777,52.4227144],[4.9714299,52.422708],[4.971365,52.4227036],[4.971225,52.4226948],[4.9711075,52.4226792],[4.9710305,52.422669],[4.9708034,52.4226682],[4.970378,52.4226667],[4.9702687,52.422658],[4.9702209,52.4226557],[4.9701971,52.4226452],[4.9701049,52.4226323],[4.9700319,52.4226308],[4.9699888,52.4226298],[4.9698453,52.4226293],[4.9694681,52.4226226],[4.9692803,52.4226156],[4.9690856,52.4226045],[4.9690173,52.4226022],[4.9689482,52.4225995],[4.9688978,52.4225976],[4.9688329,52.4225973],[4.9684572,52.4225772],[4.9683855,52.4225728],[4.968167,52.4225595],[4.9680474,52.422557],[4.9679519,52.4225441],[4.9678995,52.4225418],[4.9678494,52.4225396],[4.967764,52.4225434],[4.9673288,52.4225323],[4.9669359,52.4225246],[4.9668779,52.4225161],[4.966823,52.4225133],[4.9667891,52.4225116],[4.9666649,52.4225021],[4.9666458,52.4225006],[4.9661232,52.4224758],[4.9659218,52.4224625],[4.9657612,52.4224599],[4.9657383,52.4224518],[4.9657135,52.422443],[4.9651738,52.4224285],[4.9650052,52.42241],[4.964855,52.4224011],[4.9647593,52.4223986],[4.9647174,52.4223974],[4.9646922,52.4223967],[4.9646774,52.4223963],[4.9645168,52.4223915],[4.9641821,52.422382],[4.9639088,52.4223768],[4.9638371,52.4223724],[4.9638233,52.4223714],[4.9637176,52.4223636],[4.9636755,52.4223611],[4.9636049,52.4223569],[4.963458,52.4223543],[4.9631583,52.4223444],[4.9629436,52.422336],[4.9628214,52.4223356],[4.9625586,52.4223219],[4.962533,52.4223206],[4.9624935,52.4223204],[4.9622788,52.4223136],[4.962064,52.422308],[4.9615734,52.4222786],[4.9615367,52.422278],[4.9615282,52.4222778],[4.9614788,52.422277],[4.9614197,52.422272],[4.961281,52.4222659],[4.9610367,52.4222542],[4.9608843,52.4222464],[4.9608338,52.4222439],[4.9604831,52.4222257],[4.9604555,52.422222],[4.9602861,52.4222106],[4.9602756,52.4222105],[4.9602585,52.4222105],[4.9600587,52.4222042],[4.959815,52.4221985],[4.9598124,52.4221985],[4.959753,52.4221961],[4.9596936,52.4221937],[4.9596469,52.4221919],[4.9595532,52.4221894],[4.9595404,52.4221891],[4.9592922,52.4221809],[4.9592423,52.4221802],[4.9591798,52.4221793],[4.9591199,52.4221767],[4.9590596,52.4221741],[4.9589493,52.4221701],[4.9589079,52.4221663],[4.9588114,52.4221575],[4.9587189,52.4221499],[4.9585512,52.4221433],[4.9580732,52.4221256],[4.95805,52.4221245],[4.9578531,52.4221172],[4.9576383,52.4221091],[4.9575646,52.4221077],[4.9574905,52.4221062],[4.9573839,52.4221016],[4.9572,52.4220948],[4.9568432,52.4220781],[4.9568375,52.4220778],[4.9566976,52.4220701],[4.956345,52.4220543],[4.9562917,52.4220517],[4.9562445,52.4220455],[4.956158,52.4220187],[4.956004,52.4219716],[4.9559498,52.4219544],[4.9559394,52.4220246],[4.9559263,52.4221138],[4.955921,52.4221495],[4.955878,52.4224403],[4.9557772,52.4224319],[4.9556417,52.4224225],[4.9555521,52.4224136],[4.9554809,52.4224063],[4.9554434,52.4224011],[4.9554064,52.4224018],[4.9553695,52.4224056],[4.9553102,52.4224154],[4.9552979,52.4224132],[4.9552718,52.4224131],[4.9552616,52.4224135],[4.955224,52.4224164],[4.9551992,52.4224171],[4.9551661,52.4224155],[4.9551292,52.4224126],[4.9550357,52.4224045],[4.9549499,52.422396],[4.9548702,52.4223877],[4.9548123,52.422382],[4.9547646,52.4223756],[4.9547189,52.4223696],[4.954689,52.4223637],[4.9546566,52.4223566],[4.9546306,52.4223514],[4.9545988,52.4223447],[4.9545779,52.4223411],[4.9545467,52.4223359],[4.9545188,52.422328],[4.9544763,52.4223162],[4.9544446,52.4223044],[4.9544303,52.4223002],[4.9543942,52.4222904],[4.9543643,52.4222813],[4.9543402,52.4222738],[4.954325,52.4222699],[4.9543002,52.4222632],[4.9542749,52.4222545],[4.9542533,52.4222498],[4.9542228,52.4222427],[4.9541828,52.4222355],[4.9541015,52.4222181],[4.9540429,52.4222117],[4.9540163,52.4222088],[4.9539893,52.422207],[4.9538532,52.4221983],[4.9538087,52.4221954],[4.9537145,52.4221962],[4.9536903,52.4221957],[4.9536597,52.4221983],[4.9536475,52.4221996],[4.9536301,52.422204],[4.9536023,52.4222147],[4.953578,52.4222336],[4.9535593,52.4222566],[4.9535057,52.4223068],[4.95346,52.4223433],[4.9533691,52.4224323],[4.9533237,52.4224704],[4.9532345,52.422551],[4.9531956,52.4225927],[4.9531405,52.4226429],[4.9530958,52.422696],[4.9530639,52.4227331],[4.9529528,52.4228413],[4.9529256,52.4228633],[4.9528472,52.422935],[4.9528453,52.422947],[4.9528375,52.4229573],[4.9528204,52.4229718],[4.9528033,52.4229953],[4.9527915,52.4230103],[4.952776,52.4230281],[4.9527651,52.4230445],[4.9527393,52.4230806],[4.9527166,52.4231182],[4.9527072,52.423136],[4.952675,52.4231728],[4.9526392,52.4232154],[4.9526306,52.4232262],[4.9526103,52.4232558],[4.9525914,52.423299],[4.9525805,52.4233178],[4.9524945,52.4234863],[4.9525073,52.4234926],[4.9525572,52.4235164],[4.9525897,52.4235305],[4.9526821,52.4235678],[4.9527812,52.4236041],[4.9528257,52.4236206],[4.9527698,52.4236794],[4.9526252,52.4236268],[4.9525211,52.423589],[4.9524656,52.4235701],[4.9523292,52.4235236],[4.9522033,52.4234798],[4.9521084,52.423448],[4.9520668,52.4234326],[4.9520579,52.4234296],[4.9519134,52.4233814],[4.9519012,52.423378],[4.9517441,52.4233349],[4.9515922,52.4232931],[4.9515434,52.4232931],[4.9514402,52.4232645],[4.9514131,52.42325],[4.9513403,52.4232285],[4.9513323,52.4232262],[4.9514181,52.4231298],[4.9514189,52.4231289],[4.9515096,52.4230271],[4.9515182,52.4230174],[4.9515196,52.4230158],[4.9514963,52.4230071],[4.9515413,52.4229314],[4.9515889,52.4228251],[4.9516119,52.4227357],[4.9516323,52.4226489],[4.9516432,52.4225344],[4.9516407,52.4224223],[4.9516098,52.4223126],[4.9515193,52.421994],[4.9515188,52.4219854],[4.9515173,52.42196],[4.9515164,52.4219463],[4.9514814,52.4219297],[4.951425,52.4219272],[4.9512896,52.4219218],[4.951083,52.4219135],[4.9510083,52.4219101],[4.950727,52.4218974],[4.9504682,52.421887],[4.9501923,52.4218757],[4.9499582,52.4218665],[4.9498625,52.4218627],[4.9498549,52.4218624],[4.9498525,52.4218623],[4.9498074,52.4218606],[4.9498045,52.4218661],[4.9497918,52.4218846],[4.9497712,52.4218995],[4.9497313,52.4219221],[4.9497202,52.4219248],[4.9497096,52.4219252],[4.9496824,52.421918],[4.9496524,52.4219069],[4.9495258,52.4218581],[4.9494635,52.421834],[4.94935,52.4217898],[4.949288,52.4217656],[4.9492107,52.4217354],[4.9489213,52.4216198],[4.9489115,52.4216157],[4.9489065,52.4216136],[4.9488456,52.421588],[4.9486362,52.4214998],[4.9486207,52.4214871],[4.9485766,52.4214645],[4.9485257,52.4214248],[4.9483096,52.4214651],[4.9477886,52.4215622],[4.9476982,52.4214338],[4.9474579,52.4209338],[4.9474461,52.4209017],[4.9473825,52.4207488],[4.9473224,52.420617],[4.9473096,52.420589],[4.9472882,52.4205352],[4.9472276,52.4204033],[4.9472165,52.4203736],[4.9471695,52.4202783],[4.9469969,52.4199051],[4.9468341,52.4195448],[4.946809,52.4194917],[4.9467743,52.4194181],[4.9467642,52.4193913],[4.9466055,52.4190487],[4.9465938,52.4190175],[4.9465188,52.4188581],[4.9464832,52.418775],[4.9464218,52.4186464],[4.9464088,52.4186128],[4.9462516,52.4182722],[4.9462441,52.4182565],[4.9462237,52.4182113],[4.9461492,52.4180464],[4.9461459,52.4180368],[4.9460695,52.417879],[4.946052,52.4178367],[4.9459995,52.4177312],[4.9459611,52.4176449],[4.9458056,52.4173145],[4.9457742,52.4172409],[4.9457731,52.4172385],[4.9457036,52.4170918],[4.9455683,52.4167884],[4.9450978,52.4155722],[4.9449746,52.4153155],[4.9447799,52.4150182],[4.9447565,52.4149902],[4.9445551,52.4147501],[4.9444365,52.4146325],[4.9441196,52.4143744],[4.9440691,52.4143425],[4.9440093,52.4143124],[4.9439749,52.4142966],[4.9438764,52.4142596],[4.9435702,52.4141488],[4.943269,52.414051],[4.943137,52.4140045],[4.9430778,52.4139883],[4.942959,52.4139533],[4.9429294,52.4139447],[4.9427961,52.4139049],[4.9426568,52.4138627],[4.9426469,52.41386],[4.9426429,52.4138589],[4.9425697,52.4138387],[4.9424909,52.4138214],[4.942356,52.4137916],[4.9420759,52.4137317],[4.9417205,52.4136554],[4.9412739,52.4135606],[4.940747,52.4134495],[4.9403022,52.4133559],[4.9399039,52.4132723],[4.9397352,52.4132367],[4.9395932,52.413208],[4.9394898,52.4131833],[4.9388525,52.4130112],[4.9379964,52.4127814],[4.9372608,52.4125795],[4.9368252,52.4124595],[4.9364521,52.4123565],[4.9360994,52.4122637],[4.9359949,52.4122372],[4.9357924,52.412186],[4.9354796,52.4121148],[4.9352838,52.412069],[4.9352041,52.4120527],[4.9351424,52.4120398],[4.9350419,52.4120239],[4.9350116,52.4120216],[4.9348854,52.4120065],[4.9347426,52.4119901],[4.9346268,52.4119757],[4.9345165,52.4119623],[4.9342694,52.4119409],[4.9337453,52.4118965],[4.9334068,52.4118664],[4.9331761,52.4118474],[4.9329188,52.411827],[4.932603,52.4118063],[4.9323252,52.411788],[4.9319225,52.4117587],[4.9316023,52.411736],[4.9315908,52.411735],[4.9314517,52.4117232],[4.931212,52.4116998],[4.9311203,52.4116927],[4.9310641,52.4116832],[4.9309692,52.4116664],[4.9308624,52.4116464],[4.9307969,52.4116323],[4.930716,52.4116076],[4.9305658,52.4117716],[4.9304062,52.4119428],[4.9304024,52.4119669],[4.9303981,52.4119943],[4.930397,52.4120013],[4.9303845,52.4120813],[4.9303556,52.412086],[4.9303376,52.4120891],[4.9302755,52.4121108],[4.9302571,52.4121173],[4.930173,52.4121527],[4.9301327,52.4121738],[4.9300907,52.4121957],[4.9300586,52.4122056],[4.929987,52.4122409],[4.9299644,52.4122496],[4.9299305,52.4122586],[4.9299054,52.4122711],[4.929884,52.4122856],[4.9298626,52.412297],[4.9298062,52.4123143],[4.9297145,52.4123545],[4.9296511,52.4123753],[4.9296259,52.412387],[4.9295838,52.4124133],[4.9294702,52.4124502],[4.9293967,52.4124825],[4.929332,52.4125178],[4.9292397,52.412558],[4.9291988,52.4125804],[4.9291122,52.412611],[4.929028,52.4126508],[4.9290092,52.4126589],[4.9289149,52.4126993],[4.928854,52.4127289],[4.9287728,52.4127772],[4.9287195,52.4127991],[4.9286566,52.4128333],[4.9286208,52.4128469],[4.9285636,52.4128762],[4.9285309,52.4128894],[4.9284405,52.4129319],[4.928382,52.4129645],[4.9282671,52.4130065],[4.9282099,52.4130361],[4.9281679,52.4130543],[4.9281378,52.4130622],[4.9281045,52.4130747],[4.9280403,52.4131085],[4.9279373,52.4131532],[4.9278977,52.413176],[4.9278701,52.4131889],[4.9275996,52.4132911],[4.9273748,52.4133948],[4.9270404,52.4135477],[4.9269506,52.4135887],[4.9268752,52.4136175],[4.9267835,52.4136622],[4.926678,52.4137073],[4.9266339,52.4137301],[4.9265579,52.4137627],[4.9264913,52.4137972],[4.9264869,52.4137995],[4.9263487,52.413859],[4.9261829,52.4139348],[4.9261263,52.4139652],[4.9260572,52.4139939],[4.9259579,52.4140417],[4.9258329,52.414094],[4.9257757,52.414124],[4.9257343,52.4141407],[4.9256904,52.4141527],[4.9255397,52.4142122],[4.9254964,52.4142359],[4.925471,52.4142677],[4.9251804,52.414403],[4.9251169,52.414444],[4.9250772,52.4144696],[4.9244037,52.4147938],[4.9241553,52.4149115],[4.9237998,52.4150799],[4.9234568,52.4152435],[4.9227458,52.4155297],[4.9220553,52.4158076],[4.9220277,52.4158201],[4.9219944,52.4158379],[4.9219321,52.4158714],[4.9217121,52.4159692],[4.9216009,52.4160238],[4.921538,52.4160515],[4.921489,52.4160773],[4.9214519,52.4160943],[4.9213646,52.4161292],[4.9212616,52.4161655],[4.9212283,52.4161799],[4.9211485,52.4162216],[4.9211013,52.4162436],[4.9210103,52.4162777],[4.9208909,52.4163273],[4.9208456,52.4163524],[4.9207984,52.4163878],[4.920775,52.4164114],[4.9207605,52.4164213],[4.920722,52.4164548],[4.9207049,52.4164754],[4.9206802,52.4164978],[4.9206727,52.4165024],[4.920657,52.4165054],[4.9206082,52.4165075],[4.9205481,52.4165172],[4.9205374,52.4165236],[4.9205271,52.4165519],[4.9205157,52.4165656],[4.9204504,52.416607],[4.9204414,52.4166128],[4.9204257,52.4166158],[4.920265,52.416614],[4.9202612,52.4166189],[4.9202204,52.4166321],[4.920121,52.4166799],[4.9199603,52.4167401],[4.9198805,52.416775],[4.9198548,52.4167833],[4.9198109,52.4167935],[4.9197833,52.4168018],[4.9197236,52.4168256],[4.9196684,52.4168437],[4.9195791,52.4168874],[4.9194516,52.4169416],[4.919395,52.4169685],[4.9193887,52.41697],[4.9193875,52.4169719],[4.9193843,52.4169719],[4.9193824,52.4169742],[4.9193755,52.4169757],[4.9193749,52.4169776],[4.9191876,52.4170579],[4.9191167,52.4170863],[4.9190044,52.4171382],[4.918969,52.4171546],[4.9188999,52.4171799],[4.9187893,52.4172315],[4.9187064,52.4172595],[4.9184771,52.4173603],[4.9183972,52.4174017],[4.9183344,52.4174289],[4.9181961,52.4174946],[4.9180975,52.4175297],[4.9179963,52.4175764],[4.9179272,52.4176029],[4.9178593,52.417634],[4.9177626,52.4176726],[4.9176243,52.4177382],[4.9175389,52.4177734],[4.9174685,52.4178072],[4.9173931,52.4178405],[4.9172926,52.4178803],[4.9172297,52.4179083],[4.9171544,52.4179367],[4.9170463,52.4179856],[4.9169885,52.4180072],[4.9168261,52.4180801],[4.9168163,52.4180845],[4.9167447,52.4181106],[4.9166454,52.4181573],[4.9165612,52.4181921],[4.91646,52.4182418],[4.9163035,52.4183116],[4.9162658,52.4183259],[4.916178,52.418355],[4.9161277,52.4183747],[4.9160498,52.4184088],[4.9159945,52.41843],[4.9159116,52.4184672],[4.9158713,52.4184873],[4.9157884,52.4185225],[4.9157318,52.4185491],[4.9156904,52.4185638],[4.9156628,52.4185706],[4.9155663,52.4185893],[4.9154973,52.4186001],[4.915456,52.418603],[4.9153872,52.418605],[4.9151981,52.4186234],[4.9150103,52.4186391],[4.9149826,52.4186431],[4.9149276,52.418651],[4.9147486,52.4186656],[4.9147085,52.418672],[4.9147035,52.4186751],[4.9146463,52.4185005],[4.9146336,52.4185021],[4.9146244,52.418502],[4.9146153,52.4185012],[4.9146081,52.4184994],[4.9146018,52.418497],[4.9145976,52.418496],[4.914588,52.4184901],[4.914582,52.4184905],[4.9145747,52.4184918],[4.9145514,52.4184958],[4.9145268,52.4184979],[4.9144105,52.4184974],[4.914169,52.4184964],[4.9141112,52.4184959],[4.9140452,52.4184955],[4.9139336,52.4185316],[4.9139122,52.4185398],[4.9138053,52.4185795],[4.9136684,52.4186268],[4.9135941,52.4186537],[4.9135636,52.4186663],[4.9135441,52.4186743],[4.9135316,52.4186777],[4.9134605,52.4187069],[4.9134008,52.4187315],[4.9132634,52.4187856],[4.913122,52.4188332],[4.9130917,52.4188446],[4.9130829,52.4188479],[4.9128632,52.4189312],[4.9124383,52.4190959],[4.9119228,52.4192956],[4.9118787,52.4193127],[4.9117974,52.4193443],[4.9117668,52.4193563],[4.9116272,52.4194111],[4.9114282,52.4194893],[4.911317,52.419534],[4.9111138,52.4196156],[4.9109575,52.4196796],[4.9108248,52.4197373],[4.9106826,52.4197986],[4.9106021,52.4198332],[4.9104255,52.4199129],[4.910263,52.4199853],[4.910149,52.4200363],[4.9096177,52.4202678],[4.9096096,52.4202714],[4.9094243,52.4203613],[4.909235,52.4204515],[4.9091968,52.4204694],[4.9089554,52.4205825],[4.9088555,52.4206298],[4.9088164,52.4206484],[4.9086893,52.4207084],[4.9086769,52.420715],[4.9086163,52.4207325],[4.9085688,52.4207449],[4.9085662,52.4207454],[4.9085519,52.4207486],[4.9080707,52.4208502],[4.9080019,52.4208646],[4.9079762,52.4208705],[4.9079637,52.4208733],[4.9079623,52.4208737],[4.9079719,52.4208939],[4.9079759,52.4209019],[4.9079785,52.4209072],[4.9079871,52.4209248],[4.9080023,52.4209568],[4.9080159,52.4209822],[4.9080317,52.4210153],[4.9080417,52.4210326],[4.9080457,52.4210407],[4.9080644,52.4210764],[4.9080825,52.4211246],[4.9080017,52.4211414],[4.9079732,52.4211473],[4.907968,52.4211484],[4.9078003,52.4211856],[4.9077254,52.4212019],[4.9076642,52.4212159],[4.907613,52.4212261],[4.9075733,52.4212361],[4.9075312,52.4212472],[4.9075088,52.4212568],[4.9074047,52.421305],[4.907302,52.4213523],[4.9071641,52.4214177],[4.9070118,52.4214895],[4.906927,52.4215303],[4.9068029,52.4215867],[4.9066791,52.4216447],[4.9066238,52.4216696],[4.9064788,52.4217372],[4.9063296,52.4218097],[4.9063256,52.4218106],[4.9061747,52.4218876],[4.9061254,52.4219132],[4.9061239,52.4219139],[4.9061214,52.4219147],[4.9059883,52.4219825],[4.9059282,52.4220166],[4.9058995,52.4220279],[4.9057043,52.422122],[4.9056991,52.4221253],[4.9056867,52.4221328],[4.9056702,52.4221427],[4.9056603,52.4221457],[4.9056396,52.4221532],[4.9056147,52.4221651],[4.9055722,52.4221811],[4.9053821,52.4222588],[4.9053438,52.4222763],[4.9052818,52.4223083],[4.9051727,52.4223521],[4.9050565,52.4224064],[4.9049862,52.4224334],[4.9049372,52.4224589],[4.9048547,52.4224924],[4.9047319,52.4225419],[4.9046407,52.4225848],[4.9043659,52.4226976],[4.9043285,52.4227161],[4.9041272,52.4228024],[4.9039499,52.4228756],[4.9038372,52.4229201],[4.9037452,52.4229566],[4.9036896,52.4229808],[4.9036854,52.4229826],[4.9036527,52.4229969],[4.9033355,52.4231108],[4.9032535,52.4231439],[4.9031154,52.4232031],[4.9030451,52.423228],[4.9029973,52.4232448],[4.9029446,52.4232608],[4.9029134,52.4232691],[4.9028699,52.4232864],[4.9027712,52.423323],[4.9025806,52.423388],[4.9024879,52.4234171],[4.9024174,52.4234425],[4.9023604,52.4234604],[4.9022828,52.4234884],[4.9022213,52.4235054],[4.9021798,52.4235216],[4.9021414,52.4235352],[4.9020666,52.4235617],[4.9020487,52.423568],[4.9018859,52.423623],[4.9014624,52.4237552],[4.9013207,52.423794],[4.90128,52.4238075],[4.9012566,52.4238153],[4.9011259,52.423852],[4.9011229,52.4238529],[4.9011202,52.423854],[4.9010976,52.4238639],[4.901093,52.4238657],[4.9010879,52.4238672],[4.9010288,52.4238834],[4.901027,52.4238839],[4.9010256,52.4238844],[4.9009602,52.4239081],[4.90096,52.4239082],[4.9008885,52.4239256],[4.900886,52.4239263],[4.9008835,52.4239272],[4.9008392,52.4239436],[4.9008352,52.423945],[4.9008308,52.4239462],[4.9007598,52.4239633],[4.9007576,52.4239639],[4.900756,52.4239644],[4.9005811,52.424023],[4.9005219,52.4240417],[4.9005039,52.4240457],[4.9004708,52.4240531],[4.9003204,52.4241008],[4.9003165,52.424102],[4.9003126,52.4241029],[4.9002708,52.4241116],[4.9002672,52.4241125],[4.9002638,52.4241136],[4.9002298,52.4241267],[4.9002268,52.4241277],[4.9002233,52.4241288],[4.9000568,52.4241753],[4.8999758,52.4241952],[4.8999415,52.4242036],[4.8999397,52.4242041],[4.8999379,52.4242046],[4.8998975,52.4242182],[4.8998923,52.4242198],[4.8998865,52.424221],[4.8998493,52.4242277],[4.8998464,52.4242283],[4.8998435,52.4242291],[4.8997584,52.4242563],[4.8996626,52.4242798],[4.8996153,52.4242945],[4.8996101,52.4242959],[4.8996043,52.424297],[4.899571,52.4243024],[4.8994891,52.4243208],[4.8994748,52.4243247],[4.899464,52.4243285],[4.8994565,52.4243302],[4.8993547,52.424359],[4.899267,52.4243778],[4.8992284,52.4243861],[4.8991696,52.4243987],[4.8991208,52.4244091],[4.8990789,52.424418],[4.8990136,52.4244307],[4.8990089,52.4244317],[4.8987411,52.4244898],[4.8987398,52.4244613],[4.8985792,52.4244905],[4.8985286,52.4244998],[4.8984499,52.4245141],[4.8984228,52.4245167],[4.8983826,52.4245207],[4.8983893,52.4245401],[4.8984059,52.4245836],[4.8983674,52.4245772],[4.8983451,52.4245764],[4.8983116,52.4245846],[4.8982481,52.4245962],[4.8981466,52.4246156],[4.8980841,52.4246279],[4.8980219,52.4246415],[4.8979578,52.4246556],[4.8978745,52.4246708],[4.8978287,52.4246803],[4.8977303,52.4246994],[4.897549,52.4247385],[4.8974944,52.4247497],[4.8974334,52.4247612],[4.8973735,52.4247756],[4.8972573,52.4247948],[4.8971388,52.4248134],[4.8970649,52.4248306],[4.8968603,52.4248799],[4.8967219,52.4248969],[4.8966416,52.424911],[4.8965293,52.4249327],[4.8964136,52.4249436],[4.8963245,52.4249575],[4.8962331,52.424969],[4.8961509,52.4249829],[4.8960766,52.4249986],[4.8959924,52.4250124],[4.8958986,52.4250338],[4.89574,52.4250516],[4.8956408,52.4250668],[4.895509,52.4250888],[4.8954495,52.4250946],[4.8953604,52.4251037],[4.8952712,52.4251176],[4.8951709,52.4251329],[4.8950684,52.4251448],[4.8949825,52.4251582],[4.8948965,52.4251697],[4.8947809,52.4251819],[4.8946878,52.4251967],[4.894637,52.4252016],[4.894567,52.425212],[4.8944682,52.425226],[4.8943906,52.4252361],[4.8941904,52.4252555],[4.8939617,52.4252815],[4.8939017,52.4252883],[4.8937397,52.4253091],[4.8936476,52.4253176],[4.8936009,52.4253259],[4.8935344,52.4253353],[4.8934405,52.4253436],[4.8933295,52.4253512],[4.8932605,52.4253603],[4.8931632,52.4253734],[4.8930503,52.425383],[4.8929806,52.4253881],[4.8928598,52.4254028],[4.8926833,52.4254237],[4.8925525,52.4254381],[4.892508,52.4254432],[4.8924581,52.425449],[4.8923798,52.4254537],[4.8922946,52.4254574],[4.8922122,52.4254647],[4.8921008,52.4254675],[4.8919706,52.425479],[4.8918592,52.4254916],[4.8916917,52.4255096],[4.8916159,52.4255168],[4.8915556,52.4255193],[4.8914763,52.4255279],[4.8913522,52.4255387],[4.8912228,52.4255468],[4.8910567,52.4255583],[4.8908704,52.425571],[4.890692,52.4255807],[4.8905909,52.4255884],[4.8904306,52.4255959],[4.8902463,52.4256073],[4.8900968,52.4256162],[4.8899398,52.4256237],[4.8898542,52.4256269],[4.8896896,52.4256331],[4.8894782,52.4256358],[4.8893061,52.4256361],[4.8891148,52.4256362],[4.8889212,52.4256355],[4.8887436,52.425629],[4.8885935,52.425627],[4.888451,52.4256224],[4.8882987,52.4256183],[4.888154,52.4256177],[4.8881058,52.4256151],[4.8877664,52.4255912],[4.8877482,52.42559],[4.8876845,52.4255855],[4.8875685,52.4255774],[4.8875768,52.4255695],[4.8874448,52.4255666],[4.8873917,52.425566],[4.8873758,52.4255659],[4.8873426,52.4255655],[4.8872085,52.4255641],[4.8870471,52.4255628],[4.8869751,52.4255633],[4.8868714,52.4255641],[4.8867955,52.4255661],[4.8867642,52.4255693],[4.8866402,52.4255823],[4.8866058,52.4255863],[4.8865418,52.4255891],[4.8864483,52.4255933],[4.8863348,52.4255956],[4.8862166,52.4255987],[4.8860948,52.4256042],[4.8860646,52.4256054],[4.8860333,52.4256066],[4.885992,52.4256081],[4.8859401,52.4256097],[4.885921,52.4256107],[4.8859063,52.4256115],[4.8858369,52.4256132],[4.8858095,52.4256124],[4.8857232,52.4256138],[4.8856364,52.4256141],[4.8854518,52.4256126],[4.8852896,52.4256123],[4.8851411,52.4256092],[4.8849896,52.4256056],[4.8848132,52.4256022],[4.8846523,52.4255962],[4.8844223,52.4255933],[4.8842707,52.4255836],[4.8841415,52.4255782],[4.8839989,52.4255705],[4.8838458,52.4255609],[4.8836805,52.4255489],[4.8835322,52.4255403],[4.8833835,52.4255261],[4.883272,52.4255178],[4.8830443,52.4255133],[4.8830092,52.4255106],[4.8829922,52.4255089],[4.8829821,52.4255087],[4.8829772,52.4255086],[4.8829718,52.4255109],[4.8829658,52.4255139],[4.8829586,52.4255203],[4.8829444,52.4255342],[4.8829176,52.4255568],[4.8829077,52.4255661],[4.8828996,52.4255742],[4.8828665,52.4256043],[4.882836,52.4256314],[4.8828229,52.4256447],[4.882785,52.4256757],[4.8827575,52.425699],[4.882724,52.4257253],[4.88272,52.4257298],[4.8826847,52.4257531],[4.882663,52.4257673],[4.8826294,52.4257894],[4.8825732,52.4258242],[4.8825306,52.425849],[4.8824994,52.425866],[4.88247,52.4258813],[4.8824557,52.4258879],[4.8824203,52.4259032],[4.8823933,52.4259132],[4.8823602,52.425926],[4.8823327,52.4259342],[4.8823091,52.4259415],[4.8822611,52.4259544],[4.8822505,52.4259569],[4.8822118,52.4259655],[4.8821938,52.4259692],[4.8821483,52.4259772],[4.8820954,52.4259869],[4.8820465,52.425995],[4.8819931,52.4260028],[4.8819294,52.4260129],[4.8818887,52.4260171],[4.8818717,52.4260187],[4.8818594,52.4260192],[4.8818259,52.4260212],[4.881808,52.4260219],[4.8817673,52.4260221],[4.8817557,52.4260219],[4.881729,52.4260207],[4.8817022,52.4260186],[4.8816674,52.4260152],[4.8816568,52.4260135],[4.8816359,52.4260114],[4.8816149,52.4260065],[4.8815824,52.4260005],[4.8814865,52.4259812],[4.8807799,52.4258234],[4.8804641,52.4257685],[4.8801572,52.4257364],[4.8799155,52.4257042],[4.8794074,52.4256865],[4.8791217,52.4256912],[4.8787987,52.4257078],[4.8786576,52.4257212],[4.8783697,52.4257587],[4.8780359,52.4258109],[4.8776664,52.4258828],[4.8773387,52.4259686],[4.8770119,52.4260702],[4.8765736,52.4262279],[4.8766121,52.4262351],[4.876233,52.4263985],[4.8759667,52.4265456],[4.8757149,52.4267063],[4.8754777,52.426876],[4.8752433,52.4270593],[4.8747277,52.4275244],[4.8744753,52.4277381],[4.8742206,52.4279711],[4.8741124,52.4279639],[4.8738329,52.42851],[4.8735439,52.4290569],[4.873366,52.4294461],[4.8733368,52.4294857],[4.8732475,52.4295431],[4.8730464,52.4295562],[4.8727365,52.4295428],[4.8726723,52.4296066],[4.8726433,52.4296086],[4.8724461,52.429745],[4.8722243,52.4298634],[4.8721012,52.4299176],[4.8718479,52.4300058],[4.8717216,52.4300436],[4.871422,52.4301095],[4.8709576,52.4301878],[4.870741,52.4303946],[4.8706624,52.4303762],[4.8706231,52.4303677],[4.8705974,52.4303591],[4.8705471,52.4303318],[4.8704804,52.4302841],[4.8704711,52.4302777],[4.8703584,52.4301992],[4.8702713,52.4301372],[4.8702409,52.4301147],[4.8702236,52.430096],[4.8701973,52.4300684],[4.8701587,52.4300461],[4.8700953,52.4300192],[4.870043,52.4300053],[4.8699737,52.4299908],[4.8699335,52.429968],[4.8698949,52.4299313],[4.8698588,52.429858],[4.8698283,52.4298251],[4.8698027,52.4298069],[4.8697388,52.4297687],[4.8696973,52.4297461],[4.8696566,52.429773],[4.8695442,52.4298465],[4.8694798,52.4298891],[4.8693083,52.4300044],[4.869183,52.4300876],[4.8690741,52.4301618],[4.8690077,52.4302063],[4.868962,52.4302352],[4.8689131,52.430259],[4.8688592,52.4302775],[4.8687433,52.4303163],[4.8685477,52.4303703],[4.8684091,52.4304089],[4.8683645,52.4304213],[4.8681893,52.4304648],[4.8680162,52.4305043],[4.8679285,52.4305236],[4.867783,52.4305442],[4.867528,52.430576],[4.8673384,52.4306016],[4.8671269,52.4306267],[4.8669909,52.4306444],[4.866857,52.4306593],[4.8667262,52.4306701],[4.866691,52.4306717],[4.8665852,52.4306708],[4.8664046,52.4306651],[4.8662328,52.4306572],[4.8661839,52.4306567],[4.8661589,52.4306594],[4.866056,52.4306691],[4.8659705,52.4306787],[4.8659646,52.4306781],[4.8659392,52.4306757],[4.8658571,52.4306648],[4.8657159,52.4306429],[4.8655723,52.4306181],[4.8655494,52.4306133],[4.8654692,52.4305897],[4.8653865,52.4305643],[4.86533,52.4305547],[4.8652571,52.4305434],[4.86523,52.4305416],[4.8651726,52.4305452],[4.8651375,52.430541],[4.8650138,52.4305493],[4.8649915,52.4305445],[4.8649296,52.4305246],[4.8648789,52.4305132],[4.8647327,52.4304828],[4.8644928,52.4304333],[4.8643676,52.4304076],[4.8642854,52.4303908],[4.8642065,52.4303746],[4.8641971,52.430319],[4.8641872,52.4302642],[4.8641107,52.4302479],[4.8639982,52.4302228],[4.8639591,52.4302165],[4.863958,52.4302162],[4.8638534,52.4301901],[4.8637552,52.4301689],[4.8635558,52.4301241],[4.8635464,52.430122],[4.8635075,52.4301132],[4.8633788,52.4300848],[4.8632862,52.4300644],[4.8630359,52.4300092],[4.8628527,52.4299696],[4.8628262,52.4299661],[4.8627952,52.4299609],[4.8626775,52.4299413],[4.8627298,52.4298086],[4.8627378,52.4297889],[4.8627391,52.4297859],[4.8627696,52.4297115],[4.8627729,52.4297034],[4.8628051,52.4296226],[4.8627585,52.429612],[4.8627022,52.4295993],[4.8627328,52.4295082],[4.8627444,52.4294415],[4.8627448,52.4293782],[4.8627367,52.429314],[4.8627064,52.4291975],[4.8626689,52.4291049],[4.86262,52.4290162],[4.862562,52.42892],[4.8625118,52.4288447],[4.8624538,52.428776],[4.8623941,52.4287182],[4.8622113,52.4285622],[4.8617329,52.4281565],[4.8617047,52.4281325],[4.8615007,52.4279589],[4.8612712,52.4277636],[4.8608848,52.4274313],[4.8605615,52.4271434],[4.8604002,52.4270032],[4.8590383,52.4258191],[4.8583882,52.4252539],[4.8582431,52.4251224],[4.858188,52.4250656],[4.8581456,52.4250193],[4.8581107,52.4249776],[4.8580806,52.4249372],[4.8580469,52.4248872],[4.8580198,52.4248451],[4.8579862,52.4247879],[4.8579487,52.4247191],[4.8579476,52.4247171],[4.8579239,52.4246635],[4.857899,52.4245936],[4.8578783,52.4245325],[4.8578626,52.4244795],[4.8578557,52.4244564],[4.8578339,52.4243626],[4.8578171,52.4242744],[4.8578114,52.4241801],[4.8578168,52.4240775],[4.8578294,52.423984],[4.8578464,52.4238978],[4.8578661,52.4238293],[4.8579067,52.4237292],[4.8579386,52.4236654],[4.8579618,52.423626],[4.8579641,52.423622],[4.8579833,52.4235894],[4.8580322,52.4235141],[4.8582013,52.4232789],[4.8583294,52.423112],[4.8584794,52.4229139],[4.8590822,52.4221312],[4.8594826,52.4216112],[4.8596034,52.4214501],[4.8596649,52.4213711],[4.8596974,52.4213218],[4.8597241,52.4212797],[4.8598068,52.4211275],[4.8598542,52.4209905],[4.8598819,52.4207843],[4.8598843,52.4206494],[4.859867,52.4205148],[4.8598303,52.4203818],[4.8597837,52.4202597],[4.8597517,52.420176],[4.8596311,52.4199556],[4.859556,52.4198596],[4.8594701,52.4197671],[4.8593738,52.4196784],[4.8591143,52.4194408],[4.8590989,52.4194267],[4.858779,52.4191318],[4.85877,52.4191235],[4.8582105,52.4186118],[4.8580238,52.4184409],[4.8568546,52.417371],[4.8567591,52.4172836],[4.8560781,52.4166622],[4.8559492,52.4166838],[4.8554733,52.4167645],[4.8548551,52.4168673],[4.8521575,52.417316],[4.8515676,52.4174141],[4.8514485,52.4174337],[4.8507756,52.4175768],[4.8157299,52.4222736],[4.8153371,52.4223243],[4.813872,52.4225137],[4.8138679,52.4225143],[4.8126239,52.4226758],[4.8101905,52.4229918],[4.8101679,52.4229947],[4.8099396,52.4230242],[4.8071521,52.4233842],[4.8070035,52.4234034],[4.8066674,52.4234489],[4.8045452,52.4237162],[4.8031956,52.4238877],[4.8018794,52.4240548],[4.7991458,52.4244066],[4.7983722,52.4245062],[4.7962004,52.4247858],[4.7952328,52.4249104],[4.7921119,52.4253037],[4.789205,52.4256774],[4.7888862,52.4257184],[4.7883458,52.4257881],[4.7856416,52.426137],[4.7844184,52.4262934],[4.7843469,52.4263026],[4.7834418,52.4264183],[4.7822092,52.4265811],[4.781854,52.426628],[4.7752127,52.4275048],[4.7736634,52.4277093],[4.7724596,52.4278682],[4.7705887,52.4281077],[4.7698692,52.4281998],[4.7696892,52.4282228],[4.7682163,52.4284113],[4.7675379,52.4284981],[4.7672552,52.427676],[4.7671837,52.4274681],[4.7665604,52.4275489],[4.7656253,52.4276675],[4.7647562,52.4277776],[4.7612349,52.4282238],[4.7549748,52.4290168],[4.7542383,52.4291101],[4.7532052,52.4292409],[4.7511973,52.4294952],[4.7502214,52.4296187],[4.7486562,52.4298242],[4.7472413,52.4300099],[4.741078,52.4308185],[4.7402436,52.430928],[4.7393941,52.4310394],[4.7392082,52.4310638],[4.7387844,52.4298446],[4.7387621,52.4297803],[4.7387587,52.4297704],[4.7386837,52.4295546],[4.7385667,52.4292246],[4.7287776,52.4007083],[4.7560693,52.3972092],[4.75603,52.397097],[4.7565841,52.3970292],[4.7574915,52.3969013],[4.7576926,52.3967963],[4.7578294,52.396681],[4.7578928,52.3965543],[4.7581041,52.388688],[4.7581098,52.3884759],[4.7585135,52.3871938],[4.7586888,52.3860626],[4.7589351,52.3844741],[4.7589435,52.3844197],[4.7589435,52.3843507],[4.7589451,52.3842678],[4.7589465,52.3841915],[4.7589466,52.3841876],[4.7589527,52.3841176],[4.7589623,52.3840079],[4.7589656,52.3839605],[4.7589658,52.3839473],[4.7589693,52.3839002],[4.7589812,52.3837429],[4.7589868,52.3836683],[4.758987,52.3836633],[4.7589947,52.3834202],[4.7589964,52.3833621],[4.7590082,52.3829706],[4.7590142,52.3827658],[4.7590165,52.3826939],[4.7590268,52.3823736],[4.7590414,52.381918],[4.7590471,52.3817943],[4.759053,52.3816734],[4.759053,52.3816724],[4.759055,52.3815533],[4.7590555,52.3815217],[4.7590644,52.3813183],[4.7590651,52.3813006],[4.7590653,52.3812939],[4.7590665,52.3812603],[4.759072,52.3811089],[4.7590735,52.3810692],[4.7590781,52.3809407],[4.759082,52.3808298],[4.7590846,52.3807575],[4.7590851,52.3807378],[4.7590902,52.3805027],[4.7590915,52.3804416],[4.7590922,52.3804074],[4.7590926,52.3803957],[4.7591021,52.3800388],[4.7591024,52.3800254],[4.7591028,52.3800137],[4.7591125,52.3797112],[4.7591243,52.3793435],[4.7591248,52.3793292],[4.7591176,52.379324],[4.7585202,52.3788921],[4.7578876,52.3784348],[4.7575521,52.3781922],[4.7572565,52.3779785],[4.7567834,52.3778549],[4.7567179,52.3778378],[4.7564339,52.3777635],[4.756986,52.3770463],[4.7575305,52.3761888],[4.758047,52.3750653],[4.7583805,52.3740153],[4.758517,52.3732593],[4.7585676,52.3727554],[4.7585964,52.3722176],[4.7585748,52.3715944],[4.7585108,52.3712412],[4.7584414,52.3709576],[4.7579835,52.3692394],[4.7578265,52.3687135],[4.7564836,52.3638992],[4.7554729,52.3603912],[4.7550968,52.3590343],[4.7549019,52.3583838],[4.7548372,52.3579073],[4.754941,52.3572189],[4.755104,52.3568318],[4.7553141,52.3565371],[4.7556839,52.35615],[4.7561061,52.3558294],[4.756653,52.3555196],[4.7573302,52.3552029],[4.7580805,52.3549156],[4.7621227,52.3533399],[4.7649377,52.3522334],[4.7691334,52.3505845],[4.7717404,52.3495584],[4.773304,52.3489285],[4.7751726,52.3481538],[4.7787366,52.3466896],[4.7814579,52.3455797],[4.78329,52.34483],[4.7861685,52.3436501],[4.7881503,52.3428411],[4.7901574,52.3420079],[4.7905413,52.3418417],[4.7914375,52.341296],[4.7917815,52.3410274],[4.7923193,52.3405038],[4.7960853,52.3367984],[4.7973263,52.3355964],[4.7977656,52.3352825],[4.7982163,52.3350417],[4.7987932,52.3348018],[4.7997874,52.3343884],[4.8047405,52.3323292],[4.8077187,52.3310905],[4.8126681,52.3290508],[4.8154359,52.3278927],[4.8164041,52.3274058],[4.8171216,52.3269251]]]]}},{"type":"Feature","properties":{"layer":"city","location_id":"NL-rotterdam","city_name":"Feijenoord","order":1,"color":"#22c55e"},"geometry":{"type":"Polygon","coordinates":[[[4.4137104,51.9007546],[4.4136846,51.9007495],[4.4136791,51.9007485],[4.41084,51.9001115],[4.4097128,51.8998579],[4.4080172,51.8994763],[4.4079578,51.8994629],[4.4077858,51.8994243],[4.4021377,51.8981556],[4.3992261,51.8974625],[4.3990341,51.8974168],[4.398632,51.8973418],[4.3981258,51.8972511],[4.3979364,51.8972204],[4.3975998,51.8971658],[4.3970108,51.8970785],[4.3964123,51.8969977],[4.4132095,51.8768023],[4.4141009,51.8747912],[4.412899,51.8717121],[4.4130595,51.8717195],[4.4135362,51.8717354],[4.413699,51.8717431],[4.41431,51.8718409],[4.4143364,51.8718452],[4.4146296,51.8718921],[4.4146495,51.8718838],[4.4150014,51.8717363],[4.415609,51.8722534],[4.4156729,51.8723079],[4.4156741,51.8723088],[4.4157455,51.8723697],[4.4157696,51.8723901],[4.4158238,51.8724363],[4.4159241,51.8724403],[4.4160672,51.8724462],[4.416117,51.8724482],[4.4164457,51.8724547],[4.4169462,51.8724544],[4.4171896,51.8724405],[4.4176188,51.8724211],[4.4181486,51.8723747],[4.4185548,51.8723119],[4.4191256,51.8722292],[4.4195643,51.8721628],[4.4202932,51.8720467],[4.4211928,51.871894],[4.421571,51.8718297],[4.4222431,51.8717155],[4.4233724,51.8715241],[4.4245492,51.8713128],[4.4253583,51.8711441],[4.425902,51.8710453],[4.4265306,51.8709333],[4.4269731,51.8708514],[4.4272612,51.8708002],[4.4276516,51.8706998],[4.4279269,51.8705989],[4.4280011,51.8705625],[4.4282124,51.8704588],[4.4283644,51.8703804],[4.4283688,51.8703781],[4.428515,51.8703027],[4.428868,51.8701205],[4.4291075,51.869997],[4.4292644,51.8699147],[4.4300922,51.8694803],[4.4300961,51.8694783],[4.4302277,51.8694092],[4.4305163,51.869478],[4.4310332,51.8696181],[4.4310585,51.8696249],[4.4317364,51.8698086],[4.4322948,51.8696805],[4.4331177,51.8694902],[4.4343207,51.8692157],[4.4347004,51.8691094],[4.4365302,51.8685735],[4.4374875,51.8682272],[4.4374344,51.8682068],[4.437066,51.8680652],[4.4370466,51.8680577],[4.437059,51.8680527],[4.4370608,51.868052],[4.43758,51.8678429],[4.437897,51.8677152],[4.4381423,51.8676164],[4.4382115,51.8676136],[4.4390441,51.8672025],[4.4400901,51.8665169],[4.4400927,51.8665152],[4.4401057,51.8665067],[4.4401479,51.8664791],[4.440148,51.8664791],[4.4402409,51.8664183],[4.4402463,51.8664147],[4.4409466,51.8659578],[4.4409766,51.8659382],[4.4409997,51.8659231],[4.4410203,51.8659097],[4.441718,51.8661342],[4.4417613,51.8661479],[4.4419662,51.8662023],[4.4419847,51.8662067],[4.4421162,51.8662375],[4.4422198,51.8662618],[4.4427658,51.8663111],[4.4434685,51.8663207],[4.4435021,51.8663212],[4.4443367,51.8663326],[4.444959,51.8662826],[4.4450262,51.8662724],[4.4452963,51.8662311],[4.4464755,51.8660509],[4.4503552,51.865219],[4.4514195,51.8649924],[4.4521364,51.864837],[4.4534187,51.8645699],[4.4534909,51.8645549],[4.4534932,51.8645544],[4.4535332,51.8645461],[4.4563373,51.8638638],[4.4580501,51.863447],[4.4605881,51.8628355],[4.4610077,51.8627413],[4.4611375,51.8627122],[4.4621914,51.8624756],[4.4630876,51.8623235],[4.4636822,51.8622303],[4.4643564,51.8621298],[4.4649538,51.8620517],[4.4652286,51.8620185],[4.4653497,51.8620486],[4.465398,51.8620623],[4.4665455,51.8619361],[4.467364,51.8618506],[4.4679329,51.8618044],[4.468222,51.8617842],[4.4688807,51.8617595],[4.4710082,51.8616796],[4.4718629,51.8616672],[4.4726014,51.8617012],[4.4734228,51.861739],[4.4743508,51.8618893],[4.474657,51.8619373],[4.4772746,51.8619969],[4.4773201,51.8620017],[4.4799804,51.8622818],[4.4804027,51.8623276],[4.4804011,51.8623535],[4.4803833,51.8626398],[4.4803664,51.8629112],[4.4803632,51.8629631],[4.4803512,51.863155],[4.4803505,51.8631665],[4.4803479,51.8631873],[4.4803329,51.8632707],[4.4803304,51.8632835],[4.4803302,51.8632845],[4.480327,51.8633012],[4.4803269,51.8633022],[4.4803216,51.8633564],[4.4803177,51.8633968],[4.4803138,51.8634372],[4.480309,51.8634878],[4.4803046,51.8635376],[4.4803016,51.8635713],[4.4803015,51.863578],[4.4803009,51.8636184],[4.4803005,51.863653],[4.4803004,51.8636611],[4.4803004,51.8636612],[4.4803003,51.8636675],[4.4803002,51.8636744],[4.4802992,51.8637059],[4.4802991,51.8637084],[4.480299,51.8637118],[4.4802988,51.8637169],[4.4802975,51.863757],[4.4802961,51.8637974],[4.4802943,51.8638518],[4.48029,51.8640354],[4.480288,51.8640512],[4.4802866,51.8640629],[4.4802859,51.8640683],[4.480264,51.8642428],[4.4802574,51.8642952],[4.4802501,51.8643529],[4.4802429,51.8644102],[4.4802421,51.8644168],[4.4802414,51.864422],[4.4802381,51.8644785],[4.4802344,51.8645402],[4.4802342,51.8645443],[4.4802305,51.8646066],[4.4802271,51.8646639],[4.4802264,51.8646776],[4.4802234,51.8647355],[4.4802201,51.8647982],[4.480219,51.8648673],[4.4802181,51.8649236],[4.4802171,51.8649505],[4.4802152,51.8650021],[4.4802117,51.8650394],[4.4802113,51.8650459],[4.4802099,51.8650651],[4.480188,51.865105],[4.4801353,51.8651725],[4.4801342,51.8651739],[4.4801313,51.8651767],[4.4800776,51.865229],[4.4800529,51.865253],[4.48003,51.8652666],[4.4799973,51.8652706],[4.4799156,51.8652745],[4.4801498,51.865279],[4.4802135,51.8652803],[4.4803509,51.865285],[4.4804402,51.8652816],[4.4804593,51.8652809],[4.4805715,51.8652771],[4.4807284,51.8652664],[4.4807405,51.8652931],[4.4807682,51.865305],[4.4807714,51.8653064],[4.4808151,51.8653138],[4.4809238,51.8653182],[4.4809451,51.8653226],[4.4809476,51.8653231],[4.4809681,51.8653279],[4.4810552,51.8653479],[4.4810959,51.8653634],[4.4811205,51.86537],[4.4812022,51.8653912],[4.4812767,51.8654078],[4.4814454,51.8654298],[4.4814704,51.8654309],[4.4814856,51.8654315],[4.481701,51.865437],[4.4817033,51.865437],[4.4817603,51.8654469],[4.4821487,51.865547],[4.482283,51.8655837],[4.4826052,51.8656768],[4.4826117,51.8656787],[4.4827045,51.8657051],[4.4827857,51.8657247],[4.4828022,51.8657285],[4.4828858,51.865748],[4.4830505,51.8657835],[4.4835434,51.8659055],[4.4836719,51.8659422],[4.4837196,51.8659573],[4.4838189,51.8659888],[4.4838805,51.8660102],[4.4839396,51.8660318],[4.4839915,51.8660499],[4.4840563,51.8660707],[4.484081,51.8660782],[4.4841779,51.8661038],[4.4842019,51.8661102],[4.4842492,51.8661227],[4.4844147,51.8661703],[4.4845331,51.8662038],[4.4845685,51.8662163],[4.4846985,51.8662601],[4.4847173,51.8662666],[4.4847233,51.8662686],[4.4847366,51.8662636],[4.4847779,51.8662737],[4.4847936,51.866289],[4.4853089,51.8664731],[4.4854788,51.8665303],[4.4856463,51.8665773],[4.4856492,51.8665781],[4.4856503,51.8665772],[4.4856655,51.8665643],[4.4857087,51.8665805],[4.4856932,51.8665955],[4.4857915,51.8666425],[4.4858244,51.8666562],[4.4860391,51.8667446],[4.4861352,51.8667795],[4.4862682,51.8668277],[4.486399,51.8668752],[4.4864261,51.8668855],[4.4864512,51.8668919],[4.4864863,51.8669044],[4.4866002,51.8669519],[4.4866717,51.8669817],[4.4867609,51.8670237],[4.4867929,51.8670387],[4.4868231,51.8670364],[4.4868627,51.867052],[4.486859,51.867056],[4.4868636,51.8670655],[4.4869386,51.867097],[4.4869671,51.8671059],[4.4870111,51.8671198],[4.4871753,51.8671715],[4.4873179,51.8671889],[4.4873571,51.8671905],[4.4874847,51.8671971],[4.4875475,51.8672011],[4.4875567,51.8672017],[4.4877056,51.8672239],[4.4877955,51.8672378],[4.4880142,51.8672655],[4.4880462,51.8672699],[4.4881734,51.8672784],[4.4882891,51.8672893],[4.4884924,51.867306],[4.4885677,51.8673157],[4.4886826,51.8673368],[4.4887528,51.8673482],[4.488937,51.8674162],[4.4891164,51.8674685],[4.4891389,51.867473],[4.4891344,51.867483],[4.489149,51.8675033],[4.4891761,51.8675152],[4.4892267,51.8675376],[4.4895669,51.8676564],[4.4898039,51.8677194],[4.4898176,51.8677034],[4.4898622,51.8677136],[4.4898547,51.867729],[4.4901992,51.8678308],[4.490393,51.8678831],[4.4905541,51.8679265],[4.4907518,51.8679923],[4.4907768,51.8679866],[4.4908276,51.8680027],[4.49116,51.8681013],[4.4913591,51.86817],[4.4916617,51.8682863],[4.4917907,51.8683317],[4.4918669,51.8683584],[4.4919959,51.8683872],[4.4920476,51.8684041],[4.4921421,51.868427],[4.492304,51.8684476],[4.4924105,51.8684653],[4.4925225,51.868484],[4.4926224,51.8685025],[4.4926267,51.8685033],[4.492778,51.8685384],[4.4928882,51.868567],[4.4929263,51.8685755],[4.4929661,51.8685844],[4.4930406,51.8686107],[4.4931113,51.8686357],[4.4931333,51.8686441],[4.4932061,51.8686717],[4.4933499,51.8687263],[4.493698,51.8688584],[4.4938623,51.8689],[4.4939505,51.8689338],[4.4939643,51.8689391],[4.4939957,51.8689511],[4.4940121,51.8689574],[4.4940238,51.8689619],[4.4940403,51.8689682],[4.4940479,51.8689682],[4.4940986,51.8689683],[4.4942342,51.8689686],[4.4942904,51.8689687],[4.4944055,51.8689689],[4.4945824,51.8689693],[4.4946536,51.8689695],[4.4947661,51.8689697],[4.4948258,51.8689698],[4.4949002,51.86897],[4.4954854,51.8689707],[4.4954847,51.8690062],[4.4954845,51.8690165],[4.4961442,51.869022],[4.4961391,51.8690097],[4.4961217,51.8689686],[4.4962188,51.8689692],[4.4983064,51.8689838],[4.5002989,51.8689917],[4.5002992,51.8689917],[4.5006454,51.868993],[4.5009447,51.8689942],[4.5014939,51.8689964],[4.5016913,51.8689972],[4.5020215,51.8689977],[4.5020566,51.8689978],[4.5021184,51.8689979],[4.5037519,51.8690008],[4.5046797,51.8690034],[4.5059053,51.8690068],[4.5059188,51.8690068],[4.5070387,51.8690099],[4.5071742,51.8690102],[4.50833,51.8690123],[4.5087537,51.869013],[4.5088973,51.8690133],[4.5090307,51.8690135],[4.5095135,51.8690144],[4.5101889,51.8690156],[4.5103203,51.8690158],[4.5116768,51.8690203],[4.5124844,51.8690213],[4.5126138,51.8690215],[4.5127335,51.8690217],[4.5143292,51.8690297],[4.5152395,51.8690366],[4.5152848,51.869037],[4.5153339,51.8690373],[4.5153797,51.8690377],[4.5154927,51.8690385],[4.5155582,51.869039],[4.5157664,51.8690402],[4.5157811,51.8690403],[4.5160133,51.8690416],[4.5168456,51.8690463],[4.5168901,51.8690465],[4.5170671,51.8690472],[4.5175759,51.8690493],[4.5195101,51.8690523],[4.5196864,51.8690526],[4.5211882,51.8690532],[4.5218267,51.8690508],[4.5226311,51.869078],[4.5232024,51.8691334],[4.5232541,51.8691384],[4.5232715,51.8691403],[4.5234664,51.8691614],[4.5242389,51.8692834],[4.5245581,51.8693436],[4.5246515,51.8693612],[4.5246695,51.8693647],[4.5249678,51.8694221],[4.524982,51.8694261],[4.5257508,51.8696479],[4.5259161,51.8696966],[4.5259905,51.8697213],[4.5260186,51.8697306],[4.5260652,51.8697227],[4.526085,51.8697193],[4.5260955,51.8697308],[4.5261721,51.8696885],[4.5262433,51.8696592],[4.5263968,51.8695895],[4.5266901,51.8694676],[4.5267261,51.8694554],[4.5269654,51.8693764],[4.5270015,51.8693889],[4.5270891,51.8693866],[4.5272058,51.8693544],[4.5273376,51.8693246],[4.5280725,51.869164],[4.5281871,51.8691612],[4.5281993,51.8691418],[4.5282348,51.8691396],[4.528254,51.869155],[4.5284479,51.869138],[4.5285393,51.8691329],[4.5286918,51.8691366],[4.5287949,51.869139],[4.5289023,51.8691119],[4.5290364,51.8690763],[4.5291105,51.8690588],[4.5291894,51.8690351],[4.5292227,51.8690259],[4.5293052,51.8690029],[4.52934,51.8689933],[4.5294221,51.8689692],[4.5295039,51.8689485],[4.5296699,51.8689252],[4.529734,51.868917],[4.5299575,51.8688882],[4.529964,51.8688707],[4.5299987,51.8688659],[4.5300099,51.8688809],[4.5304137,51.8688576],[4.5305369,51.8688653],[4.530574,51.8688676],[4.5306132,51.8688483],[4.5308274,51.8688416],[4.5308388,51.8688242],[4.5308765,51.868823],[4.5308898,51.8688384],[4.5311075,51.8688255],[4.5313437,51.8688103],[4.5314512,51.8688034],[4.5314717,51.868777],[4.5315187,51.8687756],[4.5315309,51.8687899],[4.5315521,51.8687901],[4.5316298,51.8687875],[4.5317726,51.8687827],[4.5320267,51.8687767],[4.5323192,51.8688163],[4.5326756,51.8688645],[4.5327968,51.8688832],[4.5329738,51.8689123],[4.5329808,51.8689137],[4.5331215,51.8689417],[4.5336308,51.8690429],[4.5340876,51.8691368],[4.5342164,51.8691633],[4.5343727,51.8691993],[4.5344371,51.8692154],[4.5348109,51.869309],[4.5348222,51.8693118],[4.5350464,51.8693679],[4.5350494,51.8693696],[4.53506,51.8693722],[4.5350999,51.8693819],[4.5352387,51.8693252],[4.5353183,51.8693444],[4.5353434,51.8693939],[4.535351,51.8694089],[4.5353514,51.8694096],[4.5353561,51.8694189],[4.5355403,51.8694751],[4.5357981,51.8695538],[4.5358177,51.8695598],[4.5358689,51.8695754],[4.5359817,51.8696013],[4.5360814,51.8696293],[4.5361517,51.8696432],[4.5362229,51.8696574],[4.5363267,51.8696824],[4.5363373,51.869685],[4.5364339,51.8697089],[4.5364493,51.8697111],[4.5365803,51.8697308],[4.5365943,51.8697312],[4.5367665,51.8697373],[4.5368215,51.8697393],[4.5370183,51.8697604],[4.5370382,51.8697625],[4.5372398,51.8697911],[4.5372562,51.8697945],[4.5372908,51.8698017],[4.5375544,51.8698575],[4.537638,51.8698668],[4.5376405,51.8698671],[4.5376456,51.8698677],[4.5376946,51.8698731],[4.5377283,51.8698742],[4.5377471,51.8698747],[4.5378948,51.8698793],[4.5379732,51.8698804],[4.5379885,51.8698806],[4.5380856,51.8698795],[4.5381052,51.8698803],[4.5382054,51.86988],[4.5382258,51.8698799],[4.5382735,51.8698815],[4.5383419,51.869884],[4.5384162,51.869889],[4.5385385,51.8699041],[4.5386151,51.8699135],[4.5386993,51.8699243],[4.5387848,51.8699369],[4.5388245,51.8699428],[4.5390236,51.8699675],[4.5391348,51.8699815],[4.5391426,51.8699825],[4.5392159,51.8699964],[4.5394073,51.8700329],[4.5394485,51.8700408],[4.5396616,51.8700827],[4.5397374,51.8701081],[4.539911,51.8701604],[4.5399717,51.8701786],[4.5399869,51.8701832],[4.539988,51.8701836],[4.5399963,51.8701863],[4.5400108,51.8701911],[4.5400615,51.8702039],[4.5402902,51.8702617],[4.5403203,51.8702693],[4.5404734,51.8702985],[4.5404749,51.8702988],[4.5406727,51.8703534],[4.5408457,51.8704012],[4.5410495,51.8704604],[4.541521,51.8705968],[4.5417818,51.8706698],[4.5418757,51.8706923],[4.5419421,51.870707],[4.542165,51.8707563],[4.5423459,51.8707893],[4.5425407,51.8708071],[4.5425787,51.8707987],[4.5426336,51.870845],[4.5426357,51.8708467],[4.5427178,51.870916],[4.5427217,51.8709193],[4.5428647,51.87104],[4.542971,51.8711296],[4.5433927,51.8713063],[4.5433981,51.8713122],[4.5435751,51.8714443],[4.543653,51.8715065],[4.543711,51.8715555],[4.5437896,51.8716267],[4.5438338,51.8716716],[4.5438432,51.8716811],[4.5438915,51.8717365],[4.5439366,51.8717911],[4.5439379,51.8717927],[4.5439664,51.8718328],[4.5440388,51.8719233],[4.5440989,51.8720134],[4.5441562,51.8721085],[4.5441855,51.8721667],[4.5442114,51.8722181],[4.5442123,51.8722201],[4.5442501,51.8723025],[4.544306,51.8723025],[4.544474,51.8723026],[4.5445163,51.8723026],[4.5445188,51.8723005],[4.5445386,51.8723026],[4.5447796,51.8723025],[4.5449387,51.8723109],[4.544992,51.8723488],[4.5450815,51.8724127],[4.5450915,51.8724185],[4.545096,51.8724211],[4.5453403,51.8725401],[4.5453507,51.872545],[4.54545,51.8725927],[4.5454937,51.8726134],[4.5454959,51.8726146],[4.5455504,51.8726444],[4.5455823,51.8726588],[4.5456276,51.8726791],[4.5456353,51.8726826],[4.5456646,51.8726957],[4.5457835,51.8727491],[4.5461255,51.8729058],[4.5461284,51.8729072],[4.5462394,51.8729588],[4.5462715,51.8729728],[4.5462797,51.8729764],[4.5463175,51.8729929],[4.5463927,51.8730244],[4.5463963,51.8730259],[4.5464068,51.8730303],[4.546537,51.8730848],[4.5466057,51.8731104],[4.5467122,51.8731531],[4.5467816,51.8731817],[4.5468327,51.8732027],[4.5468336,51.8732031],[4.5468475,51.8732089],[4.5469219,51.87324],[4.5469377,51.8732467],[4.5470312,51.8732864],[4.5471222,51.8733249],[4.5472136,51.8733624],[4.5473047,51.8733987],[4.5473803,51.8734299],[4.5473951,51.8734347],[4.5474268,51.8734462],[4.5474784,51.8734667],[4.5476112,51.8735206],[4.5476581,51.8735408],[4.5476707,51.8735462],[4.5477485,51.8735849],[4.547809,51.8736189],[4.547838,51.8736381],[4.5478606,51.873655],[4.5478632,51.873657],[4.5479234,51.8737033],[4.5479262,51.8737055],[4.5479659,51.8737376],[4.5479857,51.8737516],[4.5479889,51.8737539],[4.5480343,51.8737795],[4.5480466,51.8737855],[4.5480498,51.873787],[4.548112,51.8738155],[4.5481171,51.8738178],[4.5481849,51.8738355],[4.5481898,51.8738368],[4.5482222,51.8738439],[4.548284,51.8738543],[4.5483494,51.8738646],[4.548389,51.8738708],[4.5484021,51.8738739],[4.5484038,51.8738743],[4.5484048,51.8738745],[4.5485828,51.8739172],[4.5487009,51.8739473],[4.5487759,51.8739623],[4.548803,51.8739671],[4.5489312,51.8739796],[4.5490287,51.8739891],[4.5493832,51.8740272],[4.5492534,51.8742009],[4.5492749,51.8742087],[4.5496752,51.8743533],[4.5497855,51.8743877],[4.5500882,51.8744609],[4.5500933,51.8744622],[4.5501373,51.8744768],[4.5502009,51.8744979],[4.5502128,51.8745022],[4.5502707,51.8745229],[4.5503012,51.8745345],[4.5503532,51.8745543],[4.5504015,51.8745622],[4.5505002,51.8745801],[4.5505137,51.8745818],[4.5505409,51.8745854],[4.5507297,51.874605],[4.5507561,51.87461],[4.5507964,51.8746175],[4.5509097,51.8746478],[4.5509475,51.8746568],[4.550991,51.874662],[4.5509937,51.8746621],[4.5511,51.8746603],[4.5512085,51.8746536],[4.5512434,51.8746515],[4.5513042,51.8746477],[4.5513248,51.8746473],[4.5514928,51.874644],[4.551635,51.8746494],[4.5517105,51.8746601],[4.551815,51.8746708],[4.5519369,51.8746957],[4.5520328,51.874719],[4.5520939,51.874744],[4.5521081,51.8747513],[4.5521179,51.8747563],[4.5522071,51.8748022],[4.552219,51.8748083],[4.5522393,51.8748158],[4.5525018,51.8749131],[4.5525045,51.8749141],[4.5525128,51.8749172],[4.5525477,51.8749332],[4.5525596,51.874937],[4.5526435,51.8749636],[4.5527924,51.8750108],[4.5528123,51.8750171],[4.5528239,51.8750208],[4.553065,51.8750797],[4.5531416,51.8751008],[4.5532961,51.8751435],[4.5532976,51.875144],[4.5533876,51.87516],[4.5534688,51.8751821],[4.5534755,51.8751839],[4.553748,51.8752582],[4.5540706,51.8753511],[4.5541433,51.8753706],[4.5542245,51.8753832],[4.5545821,51.8754813],[4.5546837,51.8755063],[4.5548057,51.8755313],[4.5548108,51.8755335],[4.5548117,51.8755339],[4.5548727,51.8755599],[4.5550386,51.8756457],[4.5553977,51.8757891],[4.5555251,51.8758399],[4.5555356,51.8758441],[4.5555709,51.8758581],[4.5556557,51.8758869],[4.5556815,51.8758957],[4.5556824,51.875896],[4.55587,51.8759623],[4.5560229,51.8760179],[4.5561742,51.8760701],[4.5561903,51.876076],[4.5562512,51.8760985],[4.5565038,51.876199],[4.5565261,51.8762031],[4.5565715,51.8762235],[4.5566311,51.8762584],[4.5566332,51.8762595],[4.5566704,51.8762796],[4.556781,51.8763493],[4.5569935,51.8764654],[4.5573195,51.8766366],[4.557321,51.8766374],[4.5574091,51.8766851],[4.5576106,51.8767943],[4.5577515,51.8768743],[4.557779,51.8768884],[4.5578457,51.8769193],[4.5579805,51.8769716],[4.5581124,51.8770174],[4.5581171,51.8770191],[4.55812,51.8770201],[4.5581753,51.8770387],[4.5582654,51.8770637],[4.5582961,51.8770762],[4.5585152,51.8771646],[4.5585333,51.8771719],[4.5586604,51.8772227],[4.5586873,51.8772334],[4.5586963,51.8772376],[4.5587142,51.8772458],[4.5588385,51.8773031],[4.5588868,51.8773211],[4.5588926,51.8773232],[4.5590974,51.8773995],[4.5594184,51.8775089],[4.5595379,51.8775496],[4.5596311,51.8775791],[4.5596777,51.877588],[4.5596839,51.8775897],[4.559702,51.8775947],[4.5598091,51.8776247],[4.5600483,51.8777151],[4.5601904,51.8777662],[4.5603305,51.8778166],[4.5603343,51.877818],[4.5605044,51.877868],[4.5605052,51.8778682],[4.5605384,51.8778779],[4.5607076,51.8779388],[4.5609045,51.877996],[4.5611845,51.8780881],[4.5612989,51.8781319],[4.5613085,51.8781356],[4.561352,51.8781593],[4.5613815,51.8781755],[4.5614005,51.8781848],[4.5614564,51.8782017],[4.5615257,51.8782186],[4.5615904,51.8782316],[4.5617347,51.8782571],[4.5619023,51.8782812],[4.5620853,51.878295],[4.5621094,51.8782969],[4.5621428,51.8782983],[4.562182,51.878298],[4.5624146,51.8782916],[4.5626253,51.8782884],[4.5627059,51.8782944],[4.562824,51.8783031],[4.5630465,51.8783009],[4.5633752,51.8782906],[4.5635625,51.8782798],[4.5635991,51.8782778],[4.563647,51.8782767],[4.5637984,51.8782855],[4.563845,51.8782855],[4.5639453,51.8782808],[4.5639904,51.8782835],[4.5641999,51.8783003],[4.5644894,51.8783242],[4.5646175,51.8783258],[4.5647702,51.8783301],[4.5648531,51.8783282],[4.5649111,51.8783248],[4.5649171,51.8783245],[4.5649913,51.8783181],[4.565138,51.8782901],[4.5651932,51.8782818],[4.5652471,51.8782764],[4.5653227,51.8782772],[4.5654336,51.8782635],[4.5654478,51.8782618],[4.5654735,51.8782609],[4.5655059,51.8782598],[4.5655285,51.8782593],[4.5661764,51.8782455],[4.566495,51.8782549],[4.5666673,51.8782459],[4.5672599,51.8782172],[4.5674437,51.8782082],[4.5677374,51.878177],[4.5689118,51.878052],[4.5690384,51.8781053],[4.5691113,51.8781482],[4.569115,51.8781503],[4.5691352,51.8781691],[4.5691462,51.8781804],[4.5691361,51.8781867],[4.5689199,51.8783231],[4.568946,51.8783799],[4.5689464,51.8783807],[4.5689588,51.878408],[4.5689872,51.8784842],[4.5690589,51.8786731],[4.5690632,51.8786861],[4.5690944,51.8787806],[4.5691381,51.8788982],[4.5691383,51.8788987],[4.5691452,51.8789172],[4.5691602,51.8789575],[4.5691823,51.8790527],[4.5691825,51.8790536],[4.5691854,51.8790655],[4.5692042,51.8791559],[4.5692357,51.8793054],[4.5692637,51.8794442],[4.5692677,51.8794608],[4.5692679,51.8794618],[4.5692752,51.8794926],[4.5692762,51.8794971],[4.5693189,51.8796777],[4.5693317,51.8797278],[4.5693319,51.8797286],[4.5693323,51.8797302],[4.5693325,51.8797308],[4.5693485,51.8797929],[4.5693487,51.8797938],[4.5693489,51.8797944],[4.569349,51.8797947],[4.5693963,51.879979],[4.5694138,51.8800328],[4.5694168,51.8800413],[4.569417,51.8800418],[4.5695239,51.8803509],[4.569589,51.8805408],[4.5697011,51.8808475],[4.5697915,51.8811011],[4.5697919,51.8811023],[4.5697947,51.88111],[4.5698169,51.8811732],[4.5698375,51.8812486],[4.5698745,51.8813926],[4.5699327,51.8816514],[4.5699476,51.8817236],[4.5699707,51.8818347],[4.5700571,51.8822518],[4.5700765,51.8823448],[4.5701172,51.882503],[4.5701518,51.8825977],[4.5701855,51.8826852],[4.5701868,51.8826884],[4.5702133,51.8827559],[4.570227,51.8827959],[4.5702776,51.8829431],[4.5703107,51.8830463],[4.570329,51.8831238],[4.5703834,51.8834522],[4.5703927,51.8834997],[4.570402,51.8835352],[4.5704216,51.8836034],[4.5704323,51.8836341],[4.5704436,51.8836581],[4.5704441,51.8836592],[4.5704682,51.8836854],[4.5704703,51.8836894],[4.5704703,51.8836895],[4.5704731,51.8836947],[4.5704811,51.8837094],[4.5705855,51.8839013],[4.5706256,51.8839815],[4.5706323,51.8839947],[4.5706692,51.8840767],[4.5706934,51.884124],[4.5707084,51.8841662],[4.5707187,51.8841999],[4.5707282,51.8842324],[4.5707326,51.8842552],[4.5707379,51.8842801],[4.5707468,51.8843319],[4.5707665,51.8844292],[4.5707783,51.8845436],[4.5707879,51.8845553],[4.5708029,51.8846348],[4.5708122,51.8846801],[4.570862,51.8848456],[4.5708909,51.8849405],[4.5709042,51.8849843],[4.570908,51.8849976],[4.5709081,51.8849978],[4.5709082,51.8849981],[4.5709294,51.8850728],[4.5709372,51.8850971],[4.5709773,51.8852227],[4.5709907,51.8852587],[4.5710007,51.885259],[4.5710363,51.8853354],[4.5710837,51.8854464],[4.5712194,51.8857538],[4.5712841,51.8858929],[4.5713625,51.886062],[4.571409,51.8861668],[4.5714219,51.8861959],[4.5714291,51.8862106],[4.571439,51.8862311],[4.5714863,51.8863336],[4.5715062,51.8863769],[4.5715198,51.8864056],[4.5715737,51.8865193],[4.5715782,51.8865288],[4.5716289,51.8866266],[4.5716509,51.8866729],[4.5716651,51.8867101],[4.5716886,51.8867652],[4.5716963,51.886788],[4.5717146,51.886843],[4.5717329,51.8869016],[4.5717758,51.8870434],[4.5717861,51.8870742],[4.5717954,51.8871124],[4.571811,51.8871734],[4.5718159,51.8871941],[4.5718289,51.8872493],[4.571845,51.8873184],[4.5718578,51.8873694],[4.5718638,51.8874064],[4.5718762,51.8874682],[4.5718831,51.8875126],[4.571897,51.8875739],[4.571915,51.8876798],[4.5719307,51.8877396],[4.5719443,51.8877895],[4.5719602,51.8878548],[4.5719629,51.8878659],[4.5719748,51.8879107],[4.5719748,51.8879109],[4.571986,51.8879411],[4.572001,51.8879788],[4.5720119,51.888006],[4.5720055,51.888007],[4.5720623,51.8881716],[4.5721043,51.8882933],[4.572108,51.8883038],[4.57212,51.8883377],[4.5721374,51.8883868],[4.5721519,51.8883877],[4.5721947,51.8885181],[4.5721993,51.8885321],[4.5722105,51.8885638],[4.5722146,51.8885753],[4.572242,51.8886528],[4.5722495,51.8886741],[4.5722594,51.8887003],[4.5722772,51.8887477],[4.5722951,51.8887951],[4.5723081,51.8888296],[4.5723127,51.8888423],[4.5723299,51.8888896],[4.5723533,51.8889543],[4.5723726,51.8890073],[4.5724269,51.8891463],[4.5724338,51.8891613],[4.572457,51.8892116],[4.5725096,51.8893194],[4.5725402,51.8893887],[4.5725525,51.8894166],[4.5725639,51.8894464],[4.5725889,51.8895118],[4.572589,51.8895122],[4.572603,51.8895524],[4.5726031,51.8895527],[4.5726169,51.8895902],[4.572617,51.8895903],[4.5726305,51.8896277],[4.5726307,51.8896281],[4.57264,51.8896658],[4.5726401,51.8896663],[4.5726483,51.8897046],[4.5726577,51.8897426],[4.5726578,51.8897429],[4.5726673,51.889781],[4.5726674,51.8897812],[4.5726741,51.8898198],[4.5726808,51.8898582],[4.5726875,51.8898969],[4.5726876,51.889897],[4.572697,51.8899352],[4.5727082,51.889989],[4.5727231,51.8900501],[4.5727232,51.8900505],[4.5727386,51.8900878],[4.5727386,51.8900879],[4.5727509,51.8901255],[4.5727509,51.8901256],[4.5727649,51.8901633],[4.572783,51.8902004],[4.5727831,51.8902007],[4.5728012,51.8902375],[4.5728013,51.8902377],[4.5728165,51.890275],[4.5728168,51.8902756],[4.5728471,51.8903341],[4.5728471,51.8903342],[4.5728754,51.8903837],[4.5729107,51.890442],[4.5729191,51.8904559],[4.5729193,51.8904561],[4.5729399,51.8904955],[4.5729401,51.8904959],[4.572958,51.8905327],[4.5729582,51.8905333],[4.5729691,51.8905629],[4.5729718,51.8905704],[4.5729721,51.8905714],[4.5729815,51.8906088],[4.5729817,51.89061],[4.5729896,51.8906473],[4.5729898,51.8906479],[4.572999,51.8906852],[4.5729991,51.8906857],[4.5730102,51.8907238],[4.5730157,51.8907783],[4.5730157,51.8907785],[4.5730289,51.89084],[4.573029,51.8908402],[4.57303,51.8908794],[4.5730382,51.8909176],[4.5730382,51.8909181],[4.5730435,51.8909557],[4.5730436,51.8909564],[4.5730578,51.8909968],[4.5730623,51.8910088],[4.5730776,51.8910502],[4.5730889,51.8910712],[4.5731024,51.8910942],[4.573124,51.8911253],[4.5731456,51.8911645],[4.5731457,51.8911648],[4.5731665,51.8912014],[4.5731905,51.8912381],[4.5732113,51.8912743],[4.5732114,51.8912746],[4.5732442,51.8913332],[4.5732444,51.8913336],[4.5732495,51.8913417],[4.5732756,51.8913842],[4.573276,51.8913847],[4.5732969,51.8914215],[4.5733103,51.8914513],[4.5733137,51.891459],[4.573314,51.8914596],[4.5733319,51.8914962],[4.573332,51.8914964],[4.5733502,51.8915337],[4.5733654,51.891571],[4.5733656,51.8915713],[4.5733792,51.8916083],[4.5733933,51.8916466],[4.5733933,51.8916467],[4.5734064,51.8916843],[4.5734066,51.8916854],[4.5734095,51.8916994],[4.5734148,51.8917249],[4.5734149,51.8917256],[4.5734288,51.8917792],[4.5734373,51.8918338],[4.5734435,51.8918879],[4.5734476,51.8919497],[4.5734483,51.8920031],[4.5734484,51.8920076],[4.5734485,51.8920154],[4.5734485,51.8920211],[4.5734501,51.8920482],[4.5734893,51.8921831],[4.5735502,51.8923846],[4.5735933,51.8925288],[4.5736036,51.8925565],[4.5736519,51.892694],[4.5736662,51.8927248],[4.5737385,51.8928804],[4.5737424,51.8928886],[4.5737801,51.8929666],[4.5737848,51.8929786],[4.5738428,51.8931242],[4.5739185,51.8933115],[4.5739225,51.8933265],[4.5739266,51.8933584],[4.5739315,51.8933973],[4.5739341,51.8934042],[4.5739549,51.8934599],[4.5739784,51.8935227],[4.5739882,51.8935491],[4.573999,51.8935778],[4.5740085,51.8936032],[4.5741216,51.8939515],[4.5742751,51.8944242],[4.5742859,51.8944573],[4.5742884,51.894465],[4.5743064,51.8945197],[4.5743502,51.894653],[4.5743555,51.8946693],[4.5745873,51.8953617],[4.5746732,51.8957145],[4.5746817,51.8957491],[4.5746828,51.8957538],[4.574686,51.8957643],[4.5748198,51.8962035],[4.5749261,51.8965523],[4.5750424,51.8969036],[4.575136,51.8971822],[4.5752185,51.8974466],[4.5752288,51.8974795],[4.5752441,51.8975288],[4.5752627,51.8975884],[4.5753307,51.8978126],[4.5753365,51.8978319],[4.5753369,51.8978331],[4.5753845,51.8980015],[4.5754076,51.8980827],[4.5755995,51.8980576],[4.5756504,51.8981079],[4.5756729,51.8981534],[4.575695,51.898199],[4.5757117,51.8982458],[4.5757273,51.8982908],[4.5757441,51.8983358],[4.5757447,51.8983415],[4.5757643,51.8983983],[4.5757852,51.8984574],[4.5758007,51.8985039],[4.5758179,51.8985562],[4.5758355,51.8986042],[4.5758521,51.898653],[4.5758626,51.8986836],[4.5758694,51.8987023],[4.5758838,51.8987451],[4.5758874,51.8987521],[4.5758863,51.8987523],[4.5759035,51.8988015],[4.5759203,51.8988498],[4.5759357,51.8988956],[4.5759527,51.898945],[4.5759559,51.8989545],[4.5759459,51.8989558],[4.5759702,51.8990195],[4.575989,51.8990263],[4.5759965,51.8990431],[4.5760224,51.8991044],[4.5760454,51.8991517],[4.5760605,51.8991862],[4.5760637,51.8991934],[4.576086,51.8992571],[4.5760956,51.8993738],[4.5760982,51.8994053],[4.576108,51.8994099],[4.5761077,51.8994204],[4.5761076,51.8994291],[4.5760995,51.8994332],[4.5761056,51.8994816],[4.5761015,51.899507],[4.5760928,51.8995619],[4.5760774,51.8996699],[4.5760745,51.89969],[4.5760699,51.8997223],[4.5760687,51.8997306],[4.5761079,51.8997366],[4.5761127,51.899737],[4.5761088,51.8997529],[4.5761043,51.8997711],[4.5760822,51.8997742],[4.5760238,51.9003576],[4.5760234,51.9003622],[4.5760205,51.9003943],[4.5760079,51.9005023],[4.5759802,51.9007059],[4.5759237,51.9011204],[4.5759057,51.9012527],[4.5759519,51.9014471],[4.5759534,51.9014533],[4.5759771,51.9015531],[4.5760205,51.9017357],[4.5760313,51.9017813],[4.5763104,51.9029553],[4.5763285,51.9030317],[4.5747403,51.9034156],[4.5734673,51.9037208],[4.5729222,51.903852],[4.5715109,51.9040754],[4.5713463,51.9041014],[4.569463,51.9043509],[4.5693501,51.9043629],[4.5673787,51.9045715],[4.5668265,51.9046255],[4.566793,51.9046288],[4.5645181,51.9048503],[4.5629113,51.9050067],[4.5618844,51.9050904],[4.5617562,51.9051012],[4.5589061,51.9053343],[4.5551023,51.9056453],[4.5550876,51.9056465],[4.5547331,51.9056457],[4.5543506,51.905635],[4.5541014,51.9056281],[4.5492385,51.9048821],[4.5493023,51.9050593],[4.5498706,51.9066371],[4.5499013,51.9067285],[4.5499278,51.9068079],[4.5499969,51.9069997],[4.5500632,51.9071882],[4.5501396,51.907397],[4.5501763,51.9075033],[4.5501983,51.9075669],[4.5502163,51.9076162],[4.5502592,51.907734],[4.5502795,51.9077952],[4.5502938,51.9078383],[4.5503397,51.9079604],[4.5503611,51.908022],[4.5503816,51.9080844],[4.5504267,51.9082089],[4.5504565,51.9082853],[4.5504986,51.9083926],[4.5505335,51.90849],[4.5505381,51.9085029],[4.550567,51.9085931],[4.5505946,51.9086814],[4.550626,51.908803],[4.5506405,51.9088325],[4.5506653,51.9088494],[4.5511711,51.9090272],[4.5511625,51.9090388],[4.5511753,51.9090423],[4.5511266,51.9090996],[4.5511233,51.9091034],[4.5509893,51.9092611],[4.5509397,51.9093195],[4.5510094,51.9095195],[4.5510506,51.9096379],[4.5512177,51.9096133],[4.5513536,51.9096565],[4.5514437,51.9096851],[4.5514511,51.9096875],[4.5515586,51.9097216],[4.5517267,51.909775],[4.5517324,51.909774],[4.5517895,51.909764],[4.5518681,51.9097862],[4.5518852,51.9098268],[4.5519142,51.9098347],[4.5519146,51.9098349],[4.5519159,51.9098427],[4.5519596,51.9098565],[4.5523826,51.9099907],[4.5526001,51.9100589],[4.5526056,51.9100607],[4.5526556,51.9100772],[4.5527132,51.9100924],[4.5527458,51.9101008],[4.553039,51.9101764],[4.5531002,51.910188],[4.5534059,51.9102457],[4.5534251,51.9102488],[4.5536224,51.91028],[4.554098,51.9103496],[4.5544426,51.9103999],[4.5548486,51.9104551],[4.5548969,51.9104609],[4.5549791,51.9104709],[4.5550372,51.910478],[4.5553886,51.9105207],[4.5555524,51.9105412],[4.5560551,51.9104832],[4.5564881,51.9104331],[4.5564951,51.9104321],[4.5568284,51.9103857],[4.5568203,51.910464],[4.5568124,51.9105414],[4.5567811,51.9109022],[4.5567902,51.9110274],[4.5567907,51.91104],[4.5567904,51.9110451],[4.5567915,51.9111419],[4.5567903,51.9111653],[4.5567849,51.9112344],[4.5567784,51.9113173],[4.5567755,51.9113571],[4.5567747,51.9113674],[4.5567721,51.9114018],[4.5567516,51.9116435],[4.5567406,51.9118073],[4.5567329,51.9119216],[4.5567291,51.9119701],[4.5567275,51.9119913],[4.5567099,51.9121909],[4.5566882,51.9124596],[4.5566652,51.9127865],[4.5566409,51.9130715],[4.5566179,51.913382],[4.5566144,51.9134281],[4.5566002,51.9135004],[4.5565804,51.9136005],[4.5565792,51.9136067],[4.5565749,51.9136731],[4.5565739,51.9136893],[4.5565558,51.9139666],[4.5565502,51.9140532],[4.5565501,51.9140549],[4.5565477,51.9140877],[4.5565433,51.9141494],[4.5565388,51.9142118],[4.5565343,51.9142738],[4.5565298,51.9143359],[4.5565253,51.9143982],[4.5565226,51.9144344],[4.5565221,51.914442],[4.5565196,51.9144761],[4.5565173,51.9145075],[4.5565139,51.9145553],[4.5565138,51.914557],[4.5565115,51.9145889],[4.556496,51.9148031],[4.556242,51.9147686],[4.5562404,51.9147684],[4.5561736,51.9147593],[4.5561714,51.914759],[4.5560308,51.9147604],[4.5558203,51.9147624],[4.5556101,51.9147644],[4.5554007,51.9147664],[4.5551923,51.9147684],[4.5549839,51.9147704],[4.55477,51.9147729],[4.5545653,51.9147745],[4.5543451,51.9147765],[4.5540684,51.9147791],[4.554025,51.9147796],[4.5540286,51.914806],[4.5540296,51.9148141],[4.5540305,51.9148202],[4.554033,51.9148388],[4.5542267,51.9162839],[4.5542564,51.916505],[4.5539353,51.9163156],[4.5539393,51.9163353],[4.5539497,51.9163869],[4.5539665,51.9164726],[4.5539667,51.9164735],[4.5539709,51.9164947],[4.5539785,51.9165322],[4.5539786,51.9165329],[4.5539959,51.9166178],[4.5539839,51.9166124],[4.5539398,51.9165899],[4.5537725,51.9164945],[4.5536449,51.9164184],[4.5535533,51.9163673],[4.553441,51.9163043],[4.5534112,51.916287],[4.553394,51.916278],[4.5532787,51.9162175],[4.5531403,51.9161446],[4.5530799,51.9161129],[4.5529748,51.9160576],[4.5527293,51.9159284],[4.5525901,51.9158611],[4.5522245,51.9156855],[4.5521664,51.9156562],[4.5518481,51.915506],[4.5518247,51.9154948],[4.5518226,51.9154939],[4.5515862,51.9153822],[4.5514545,51.9153222],[4.5514188,51.915306],[4.5510861,51.9151597],[4.550963,51.915107],[4.5509629,51.9151069],[4.5509174,51.9150874],[4.5505716,51.9149422],[4.5502628,51.9148179],[4.5501721,51.9145715],[4.5501526,51.9145184],[4.5499644,51.9140064],[4.5491361,51.9117534],[4.5483421,51.9095931],[4.5483375,51.9095806],[4.548308,51.9095003],[4.5482737,51.9094074],[4.5482728,51.909405],[4.5482617,51.909375],[4.5482276,51.9092752],[4.5481865,51.909172],[4.5481512,51.9090716],[4.5480741,51.9088566],[4.5479674,51.9085701],[4.5477975,51.9085514],[4.5477935,51.908551],[4.5477594,51.9085472],[4.5477421,51.9085185],[4.5477205,51.9084822],[4.5476974,51.9084506],[4.5476872,51.9084366],[4.5476359,51.9083479],[4.5475945,51.9082748],[4.5475924,51.9082718],[4.5475885,51.9082661],[4.5475773,51.90825],[4.5475141,51.908159],[4.5474481,51.9080649],[4.547438,51.9080504],[4.547401,51.9079977],[4.5473966,51.907986],[4.5474255,51.9079934],[4.5475434,51.9079729],[4.5475145,51.9078853],[4.5474998,51.9078222],[4.5474699,51.9076931],[4.5474611,51.90765],[4.5474444,51.9075683],[4.5474367,51.9074847],[4.5474373,51.9074776],[4.5474434,51.9074063],[4.5474442,51.9073907],[4.5474442,51.9073905],[4.5474471,51.9073752],[4.5474472,51.9073749],[4.5474519,51.9073603],[4.5474523,51.9073594],[4.547459,51.9073452],[4.5474593,51.9073446],[4.547468,51.9073307],[4.5474685,51.90733],[4.5474793,51.9073163],[4.5474795,51.9073161],[4.5474922,51.9073028],[4.5474924,51.9073027],[4.547507,51.9072901],[4.5476961,51.9071738],[4.5476892,51.9071678],[4.5476822,51.9071618],[4.5476749,51.9071559],[4.5476675,51.9071502],[4.54766,51.9071444],[4.5476523,51.9071388],[4.5476444,51.9071333],[4.5476363,51.9071278],[4.5476281,51.9071224],[4.5476198,51.9071172],[4.5476113,51.907112],[4.5476027,51.9071069],[4.5475939,51.9071019],[4.547585,51.907097],[4.5475759,51.9070922],[4.5475667,51.9070875],[4.5475574,51.9070829],[4.547548,51.9070784],[4.5475474,51.9070781],[4.5475258,51.9070679],[4.5475041,51.9070579],[4.5474985,51.9070554],[4.5474968,51.9070546],[4.5474943,51.9070535],[4.5474822,51.907048],[4.5474602,51.9070382],[4.5474476,51.9070327],[4.5474454,51.9070317],[4.5474436,51.9070309],[4.547438,51.9070285],[4.5474157,51.9070189],[4.5473933,51.9070094],[4.5473708,51.9070001],[4.5473481,51.9069908],[4.5473426,51.9069886],[4.5473405,51.9069878],[4.5473378,51.9069867],[4.5473253,51.9069817],[4.5473024,51.9069727],[4.5472898,51.9069679],[4.5472871,51.9069668],[4.5472851,51.9069661],[4.5472794,51.9069638],[4.5472562,51.9069551],[4.5472329,51.9069465],[4.5468715,51.9068154],[4.5466387,51.9067381],[4.5466101,51.9067289],[4.5466068,51.9067278],[4.5465814,51.9067197],[4.5465747,51.9067176],[4.5465527,51.9067106],[4.5465426,51.9067074],[4.5465279,51.9067028],[4.5465105,51.9066974],[4.5465031,51.9066951],[4.5464782,51.9066874],[4.5464722,51.9066855],[4.5464662,51.9066837],[4.5464062,51.9066645],[4.5462918,51.9066279],[4.5462878,51.9066266],[4.5462838,51.9066252],[4.5462667,51.9066196],[4.5462415,51.9066114],[4.546232,51.9066084],[4.5462226,51.9066053],[4.54622,51.9066045],[4.5462131,51.9066023],[4.5462064,51.9066002],[4.5461985,51.9065977],[4.5461922,51.9065958],[4.5461867,51.9065941],[4.5461824,51.9065928],[4.5461769,51.906591],[4.5461601,51.9065859],[4.5461552,51.9065844],[4.5461335,51.9065779],[4.5461304,51.9065265],[4.5461302,51.9065247],[4.5461231,51.9065249],[4.5459463,51.906529],[4.545885,51.9065129],[4.5458766,51.9065107],[4.5458737,51.90651],[4.5458718,51.9065096],[4.545868,51.9065087],[4.5458643,51.9065078],[4.5458623,51.9065074],[4.5458612,51.9065071],[4.5458594,51.9065067],[4.5458507,51.9065049],[4.5458419,51.9065032],[4.5458404,51.9065029],[4.545839,51.9065027],[4.5458372,51.9065023],[4.5458332,51.9065016],[4.5458272,51.9065006],[4.5458261,51.9065005],[4.5458243,51.9065001],[4.5458154,51.9064988],[4.545672,51.9064815],[4.5448797,51.9063789],[4.5447454,51.9063615],[4.5444087,51.9063179],[4.5443792,51.9063141],[4.5440154,51.9062437],[4.544001,51.9062724],[4.5433885,51.9062201],[4.5433516,51.9062482],[4.5432619,51.9063824],[4.5431723,51.9063683],[4.542136,51.9062046],[4.5419713,51.906437],[4.5418204,51.9066472],[4.5416763,51.9068534],[4.5415737,51.9069982],[4.5414465,51.9071778],[4.5400846,51.9090997],[4.5401147,51.9091314],[4.540129,51.9091496],[4.5401382,51.9091613],[4.5401658,51.909199],[4.5401888,51.9092374],[4.5402066,51.9092771],[4.5402234,51.9093615],[4.5402227,51.9093784],[4.5402148,51.90943],[4.540213,51.9094422],[4.5393017,51.9106531],[4.5393142,51.911574],[4.5392318,51.9116775],[4.5392174,51.9116956],[4.5392036,51.9117055],[4.5388275,51.911977],[4.5385991,51.9119404],[4.5384371,51.9119146],[4.5383324,51.9118978],[4.5383313,51.9118976],[4.5383065,51.9118937],[4.5379145,51.9125328],[4.5378215,51.9126917],[4.5377807,51.9127578],[4.5377261,51.9128462],[4.5377242,51.9128492],[4.5376498,51.9129724],[4.537621,51.9130202],[4.5375717,51.9131025],[4.5375572,51.9131267],[4.5375029,51.9132172],[4.5373916,51.9134137],[4.5373483,51.9134901],[4.5373118,51.9135545],[4.5372977,51.9136093],[4.5372652,51.9137355],[4.5372632,51.9137433],[4.5372177,51.9139149],[4.5372039,51.9139579],[4.5371854,51.9140363],[4.5371798,51.9140595],[4.5371729,51.9140884],[4.5371712,51.9140955],[4.5371604,51.9141247],[4.5371654,51.9141863],[4.5371676,51.9141971],[4.5371773,51.9142459],[4.5371797,51.9142577],[4.5371975,51.9143307],[4.5372294,51.9144123],[4.537266,51.9144908],[4.5373152,51.9145615],[4.5373717,51.9146271],[4.5374389,51.9146822],[4.5375197,51.9147359],[4.5375883,51.914773],[4.5376543,51.9148036],[4.5377412,51.9148348],[4.5378598,51.9148666],[4.5379595,51.914886],[4.5379615,51.9148864],[4.5379618,51.9148865],[4.5379879,51.9148915],[4.5380622,51.9148999],[4.5382311,51.9149109],[4.5382271,51.9150553],[4.5382222,51.9153442],[4.5385902,51.9153412],[4.5389536,51.9153396],[4.5393168,51.9153328],[4.5396797,51.9153163],[4.5401359,51.9152814],[4.540253,51.9152695],[4.5403003,51.9152646],[4.5405227,51.9152419],[4.5403173,51.9155553],[4.5397692,51.9163914],[4.5396324,51.9166002],[4.5396306,51.9166029],[4.5395727,51.9166912],[4.5395702,51.9166951],[4.5393489,51.9170327],[4.5393375,51.9170504],[4.5389361,51.9176637],[4.5388126,51.9178515],[4.5385852,51.9181973],[4.5384406,51.9184181],[4.538382,51.9185076],[4.5381159,51.9189139],[4.5380156,51.919067],[4.5378517,51.9193173],[4.5376169,51.9196756],[4.5375496,51.9197784],[4.5375621,51.9197758],[4.5382897,51.9197198],[4.5389793,51.9196683],[4.5391045,51.9196603],[4.5403559,51.9194059],[4.5410714,51.9192596],[4.5434028,51.9192759],[4.5441126,51.9192822],[4.5472652,51.9193099],[4.5490393,51.9193255],[4.5507218,51.9193385],[4.5520729,51.9194486],[4.5535525,51.9196967],[4.5546671,51.9199434],[4.5563274,51.9203164],[4.5569125,51.919912],[4.5570248,51.9199741],[4.5570477,51.9199867],[4.5577277,51.9203626],[4.5586236,51.9206637],[4.5590662,51.9208124],[4.5591148,51.9208287],[4.5595596,51.9210525],[4.5596016,51.9210745],[4.5602445,51.9213948],[4.5602573,51.9214012],[4.5605472,51.9215506],[4.5609992,51.9217005],[4.5613525,51.9218177],[4.5614202,51.9218401],[4.5614338,51.9218446],[4.561488,51.9218626],[4.561524,51.9218745],[4.5615123,51.9219151],[4.5614747,51.922046],[4.5614394,51.9221689],[4.5614525,51.9221732],[4.5614538,51.9221736],[4.561812,51.9222915],[4.562154,51.9224088],[4.5625797,51.9225698],[4.5629125,51.9227037],[4.5632296,51.9228434],[4.5635602,51.9230029],[4.5636336,51.923043],[4.5636338,51.9230431],[4.5636971,51.9230778],[4.5636975,51.923078],[4.5637237,51.9230923],[4.5637443,51.9231036],[4.5640657,51.923294],[4.564379,51.9235032],[4.5645513,51.9236326],[4.5646363,51.9237042],[4.5647347,51.9237869],[4.5647695,51.9238162],[4.5648481,51.9238824],[4.564905,51.9239367],[4.5650106,51.9240374],[4.5650909,51.9241184],[4.5650919,51.9241194],[4.5651145,51.9241422],[4.5651483,51.9241787],[4.5651513,51.924182],[4.5652525,51.9242916],[4.5653931,51.9244602],[4.5655993,51.9247567],[4.5656475,51.9248416],[4.5656826,51.9249036],[4.5656989,51.9249323],[4.5657039,51.9249407],[4.5657084,51.9249483],[4.5657429,51.9250065],[4.5657472,51.9250137],[4.5657477,51.9250145],[4.5657773,51.9250644],[4.5657932,51.925091],[4.5657785,51.9251244],[4.565694,51.9253491],[4.5656781,51.9253911],[4.5656612,51.925436],[4.5656885,51.925551],[4.5657251,51.9255725],[4.5657548,51.92559],[4.5657865,51.9256086],[4.5659073,51.9256782],[4.5659351,51.9256888],[4.5659621,51.925693],[4.5659914,51.9256896],[4.5660115,51.9256854],[4.5660029,51.9257136],[4.5659997,51.9257238],[4.5659901,51.9257551],[4.5659852,51.925771],[4.5662389,51.9259088],[4.5661925,51.9260069],[4.5661904,51.9260109],[4.5661802,51.9260306],[4.5661622,51.9260634],[4.5661618,51.926064],[4.5661581,51.9260706],[4.5659974,51.9264195],[4.565993,51.9264291],[4.5659926,51.9264334],[4.5659905,51.9264572],[4.5659834,51.9265405],[4.5659737,51.9266515],[4.5659655,51.9267467],[4.5658747,51.9271161],[4.5658747,51.9271163],[4.5658746,51.9271165],[4.5658516,51.9272102],[4.5658042,51.9273433],[4.5657473,51.9275028],[4.5657264,51.9275562],[4.5657091,51.9276005],[4.5655163,51.9280933],[4.5652275,51.9287497],[4.5651551,51.9289142],[4.5651316,51.9289699],[4.5650969,51.9290467],[4.565096,51.9290486],[4.5650883,51.9290662],[4.5650588,51.9291333],[4.5651248,51.9291652],[4.5651528,51.929179],[4.5649831,51.9293157],[4.5647024,51.9295472],[4.5650035,51.9296904],[4.5651888,51.9297785],[4.5652883,51.9298258],[4.5652803,51.9298447],[4.5650905,51.9302928],[4.5643925,51.9319416],[4.5643871,51.9319542],[4.5643691,51.9319968],[4.5643317,51.9320852],[4.5643156,51.9321231],[4.5643099,51.9321366],[4.564299,51.9321624],[4.564211,51.9323702],[4.5638462,51.9332319],[4.5638097,51.933318],[4.5637435,51.9334743],[4.563743,51.9334756],[4.5637428,51.933476],[4.5637426,51.9334765],[4.5637423,51.9334773],[4.5637408,51.9334808],[4.5637371,51.9334895],[4.5637329,51.9334993],[4.5636422,51.9337135],[4.5636371,51.9337257],[4.5635312,51.9339758],[4.5633831,51.9343257],[4.5632717,51.9345887],[4.5626996,51.9359398],[4.5626467,51.9360648],[4.5624343,51.9365662],[4.5614854,51.9388067],[4.5611341,51.9396362],[4.5610666,51.9397955],[4.560624,51.9408405],[4.5605945,51.9409101],[4.5607607,51.9409355],[4.5613458,51.9410251],[4.5615358,51.9410542],[4.5631925,51.9413079],[4.5636461,51.9413774],[4.5636757,51.9413819],[4.5655081,51.9416625],[4.5673099,51.9419384],[4.5674868,51.9419655],[4.5704994,51.9424266],[4.5713371,51.9428048],[4.5716647,51.9429527],[4.572608,51.9433786],[4.5727477,51.9434416],[4.5727797,51.9434561],[4.5727469,51.9434836],[4.5726939,51.9435281],[4.5723335,51.9438307],[4.5721269,51.9440042],[4.5718746,51.9442159],[4.5718065,51.9442731],[4.5717843,51.9442917],[4.5717519,51.9443195],[4.5716934,51.9443682],[4.5716354,51.9444199],[4.5715703,51.9444715],[4.5715119,51.9445211],[4.5714512,51.9445714],[4.571441,51.94458],[4.5714029,51.944612],[4.5711078,51.944864],[4.5710496,51.9449137],[4.5709891,51.9449655],[4.5709298,51.945016],[4.5708709,51.9450664],[4.5708116,51.9451169],[4.5707527,51.9451672],[4.5706937,51.9452176],[4.5706346,51.9452681],[4.5705748,51.9453192],[4.5705166,51.9453689],[4.5704702,51.9454085],[4.570235,51.9456093],[4.5701692,51.9456655],[4.569741,51.9460227],[4.5697289,51.9460327],[4.5695899,51.9461487],[4.5693772,51.9463261],[4.5691679,51.9465007],[4.5680794,51.9474172],[4.5680449,51.9474462],[4.5680131,51.947473],[4.5677948,51.9476568],[4.5677831,51.9476667],[4.5675797,51.947838],[4.5671894,51.9481665],[4.5669427,51.9483743],[4.5669123,51.9483998],[4.5667272,51.9485557],[4.566657,51.9486148],[4.5666041,51.9486593],[4.5656167,51.9494906],[4.5654392,51.9496401],[4.5653609,51.9497066],[4.5652623,51.9497904],[4.5650781,51.9499469],[4.5650147,51.9500008],[4.5649371,51.9500667],[4.5648894,51.9501072],[4.5647707,51.9502076],[4.5646988,51.9502691],[4.5646303,51.9503274],[4.5645217,51.9504196],[4.5645051,51.9504338],[4.5644436,51.950486],[4.5642808,51.9506242],[4.5641989,51.9506939],[4.5641491,51.9507361],[4.564108,51.9507711],[4.5640635,51.9508089],[4.5639507,51.9510762],[4.563932,51.9511218],[4.5638505,51.9513144],[4.5636493,51.9517902],[4.5634489,51.9522648],[4.5634486,51.9522654],[4.5634326,51.9523033],[4.563408,51.9523616],[4.5632679,51.9526936],[4.5632277,51.9527887],[4.5631966,51.9528632],[4.5631594,51.9529525],[4.5630629,51.9531838],[4.5630616,51.9531869],[4.5630534,51.9532066],[4.5630532,51.9532071],[4.5630214,51.9532818],[4.5626545,51.9541427],[4.5626082,51.9542514],[4.5624916,51.954525],[4.5624835,51.9545438],[4.5624406,51.9546439],[4.5624295,51.9546698],[4.5624228,51.9546854],[4.5624182,51.9546961],[4.5624057,51.9547242],[4.5620097,51.9556129],[4.5616797,51.9563573],[4.5615724,51.9565986],[4.5615719,51.9565997],[4.5615693,51.9566054],[4.5615504,51.956648],[4.5615876,51.9566539],[4.5617898,51.9566864],[4.5621376,51.9567423],[4.5624387,51.9567906],[4.5626451,51.9568238],[4.5628992,51.9568646],[4.5627381,51.9572513],[4.562526,51.9577517],[4.562504,51.9578035],[4.5620532,51.9588745],[4.5622028,51.9589425],[4.5624125,51.9590376],[4.5626727,51.9591557],[4.5630098,51.9593086],[4.563053,51.9593282],[4.5630917,51.9593458],[4.5632211,51.9594045],[4.5638905,51.9597083],[4.5639005,51.9597128],[4.5639045,51.9597146],[4.5642617,51.9598767],[4.5643672,51.9599245],[4.5644447,51.9598593],[4.5647375,51.959613],[4.5647921,51.9595671],[4.5651864,51.9592354],[4.5653254,51.9591185],[4.5653457,51.9591014],[4.5653967,51.9590585],[4.5657523,51.9587594],[4.5658463,51.9586803],[4.5664502,51.9581723],[4.5665196,51.9581139],[4.5667955,51.9578818],[4.5669748,51.9579319],[4.5671014,51.9579672],[4.5672288,51.9580016],[4.567384,51.9580461],[4.5675924,51.9581043],[4.5675948,51.958105],[4.5676757,51.9581276],[4.5677116,51.9581376],[4.567886,51.9581863],[4.5679464,51.9581357],[4.5680129,51.9580799],[4.5682526,51.9581739],[4.5686349,51.9583237],[4.5691997,51.9585451],[4.5703781,51.9590417],[4.5704161,51.9590587],[4.5704949,51.959094],[4.5705,51.9590963],[4.5707912,51.959227],[4.5708708,51.9592624],[4.571539,51.9595616],[4.5724475,51.9599851],[4.5726908,51.9600984],[4.5738415,51.9606447],[4.5742013,51.9608159],[4.5745124,51.960964],[4.5745161,51.9609657],[4.5749941,51.9611933],[4.5753759,51.9613749],[4.5755681,51.9614664],[4.5761466,51.9617418],[4.5765871,51.9619514],[4.5766422,51.9619776],[4.5796607,51.9634139],[4.5800107,51.9635804],[4.5801675,51.9636551],[4.5802707,51.9637041],[4.5803811,51.9637567],[4.5810522,51.9640761],[4.5815886,51.9643313],[4.5814794,51.9644232],[4.5838058,51.9654918],[4.583832,51.9655038],[4.5839925,51.965369],[4.5840899,51.9654127],[4.5840995,51.965417],[4.5843146,51.9655136],[4.584296,51.9655302],[4.584267,51.9655697],[4.5842462,51.9655986],[4.5842496,51.9656206],[4.5842547,51.9656422],[4.5842845,51.9656662],[4.5843198,51.9656827],[4.5847216,51.965863],[4.5848276,51.9659341],[4.5848485,51.9659481],[4.5849172,51.9660237],[4.5849234,51.9660305],[4.5849857,51.9660991],[4.5851559,51.9663249],[4.5852134,51.9663762],[4.5852628,51.9664087],[4.5853716,51.9664776],[4.5855025,51.9665371],[4.5865542,51.9670047],[4.5868695,51.9671448],[4.5871772,51.9672816],[4.5871931,51.9672887],[4.5884675,51.9678666],[4.5892271,51.9682112],[4.5897577,51.9684518],[4.5898317,51.9684853],[4.590022,51.968581],[4.5900599,51.9685872],[4.5900869,51.9685867],[4.5901459,51.9685818],[4.5901816,51.9685677],[4.5902035,51.968554],[4.590477,51.9683267],[4.5905087,51.9683002],[4.5905387,51.9682786],[4.5905695,51.9682613],[4.590596,51.9682476],[4.5906294,51.968239],[4.5906613,51.9682338],[4.5906907,51.9682318],[4.5907255,51.968235],[4.5907537,51.9682395],[4.5907826,51.9682461],[4.5908452,51.9682637],[4.5910085,51.9683084],[4.5914333,51.9684289],[4.5915664,51.9684668],[4.5916996,51.9685046],[4.5923308,51.9686837],[4.5928653,51.9688722],[4.5931219,51.9689627],[4.5946231,51.9695192],[4.5947918,51.9695818],[4.5959449,51.9700029],[4.5963899,51.9701586],[4.5964238,51.9701705],[4.5964594,51.9701836],[4.5966379,51.9702499],[4.5967167,51.9702791],[4.5972007,51.970488],[4.5977457,51.9707291],[4.597877,51.9707872],[4.598005,51.9708432],[4.5990687,51.971309],[4.5993998,51.9714468],[4.5995062,51.971484],[4.5995613,51.9714983],[4.5996723,51.9715253],[4.5998141,51.9715534],[4.6001212,51.9716138],[4.6004863,51.9716774],[4.6008513,51.9717704],[4.6010441,51.9718414],[4.6013373,51.9719493],[4.6014783,51.9720012],[4.6016631,51.9720816],[4.6016705,51.9720845],[4.6017955,51.9721342],[4.6018083,51.9721401],[4.6017058,51.9721836],[4.6017479,51.9722018],[4.6013298,51.9723792],[4.6010165,51.972512],[4.6004075,51.9727807],[4.6003268,51.9728164],[4.5993343,51.9732542],[4.5981839,51.9737374],[4.5972072,51.9741676],[4.5955369,51.9748657],[4.5950415,51.975079],[4.5949901,51.9751011],[4.5943826,51.9753862],[4.5941858,51.9755064],[4.5941238,51.9755536],[4.5940223,51.9756432],[4.5939779,51.975698],[4.593942,51.9757586],[4.5939203,51.975807],[4.5938972,51.9758762],[4.5938945,51.9758853],[4.5938092,51.9759025],[4.5937689,51.9760002],[4.5937407,51.9760886],[4.5937421,51.9762211],[4.5937531,51.9763088],[4.5937723,51.976403],[4.5938027,51.9765143],[4.5938496,51.976637],[4.5938928,51.9767373],[4.5939037,51.9767562],[4.5939866,51.9768389],[4.5940683,51.9769061],[4.5941142,51.9769438],[4.5941832,51.9770003],[4.5942715,51.9770802],[4.5942912,51.9771007],[4.5943019,51.977158],[4.594287,51.9772138],[4.5942799,51.9772339],[4.5942599,51.9772908],[4.5942015,51.9774484],[4.5941977,51.9774651],[4.5941896,51.9774995],[4.5941774,51.9775537],[4.5941749,51.9776061],[4.594187,51.9776621],[4.5942277,51.9777725],[4.5943452,51.9780583],[4.5944717,51.9783272],[4.5945313,51.9784472],[4.5945946,51.978574],[4.5946824,51.9787559],[4.5947841,51.9789812],[4.5948917,51.9792716],[4.5952696,51.980234],[4.5953348,51.9804488],[4.5957659,51.981644],[4.5957709,51.9816587],[4.5957841,51.981706],[4.5958012,51.9817384],[4.5958117,51.9817584],[4.5958431,51.9818095],[4.5959784,51.9820037],[4.5961827,51.9822433],[4.5962852,51.9823701],[4.5963296,51.9824251],[4.5964307,51.9825501],[4.5965439,51.982722],[4.5965525,51.9827383],[4.5965871,51.982804],[4.5967206,51.9831222],[4.5971836,51.9842251],[4.59727,51.9844309],[4.5973051,51.9845144],[4.5973805,51.9846942],[4.5975413,51.985077],[4.5980389,51.9862477],[4.5982279,51.9866923],[4.598263,51.9867746],[4.5983928,51.9870902],[4.5984726,51.9872845],[4.5984884,51.9873407],[4.5985248,51.9874704],[4.5985821,51.9876308],[4.5986437,51.9878565],[4.5986741,51.9879678],[4.5986845,51.9879679],[4.5987002,51.987968],[4.5987016,51.987968],[4.5987731,51.9879686],[4.5987646,51.9881266],[4.5987645,51.988127],[4.5987643,51.9881322],[4.598763,51.9881561],[4.5987207,51.9883239],[4.5986797,51.9884198],[4.5985609,51.9886096],[4.5983822,51.9888634],[4.5981567,51.9891834],[4.5974876,51.99009],[4.5970144,51.9907351],[4.5967159,51.9911419],[4.5963351,51.9916287],[4.5960238,51.9920426],[4.5956658,51.9925347],[4.5951823,51.9931888],[4.5950188,51.993414],[4.5944321,51.9941956],[4.5943682,51.9942807],[4.5943676,51.9942816],[4.5942799,51.9942565],[4.5942769,51.9942556],[4.5941901,51.9942308],[4.5941855,51.9942295],[4.5941574,51.9942215],[4.593893,51.9941459],[4.5935637,51.9940518],[4.5928651,51.9938522],[4.5928548,51.9938493],[4.5928249,51.9938407],[4.5927692,51.9938248],[4.5926914,51.9938026],[4.592644,51.993789],[4.592618,51.9937816],[4.5926165,51.9937812],[4.5926161,51.9937811],[4.5922817,51.9936855],[4.5922676,51.9936815],[4.5913375,51.9934157],[4.5887219,51.9926682],[4.5884065,51.992578],[4.5864258,51.9920119],[4.5849151,51.9915801],[4.5848449,51.99156],[4.5833803,51.9911413],[4.5815909,51.9906351],[4.581244,51.9905406],[4.5809065,51.9904398],[4.5797248,51.9900962],[4.5789358,51.9898699],[4.5794392,51.9892201],[4.579531,51.9891016],[4.5795858,51.9890309],[4.5795962,51.9890174],[4.5797088,51.9888721],[4.5797364,51.9888364],[4.5787277,51.9885485],[4.5792689,51.9878257],[4.5794745,51.9875513],[4.5796158,51.9873625],[4.579652,51.9873142],[4.5796872,51.9872672],[4.5790549,51.9870376],[4.5790189,51.9870245],[4.5787236,51.9869173],[4.5782451,51.9867435],[4.577764,51.9865688],[4.5773123,51.9864048],[4.5777802,51.9859136],[4.5780932,51.9855588],[4.5783663,51.9851917],[4.5785984,51.984814],[4.5787882,51.9844274],[4.5789351,51.9840336],[4.5790381,51.9836347],[4.5790742,51.9834323],[4.5790989,51.9832293],[4.5791121,51.9830259],[4.579114,51.9828223],[4.5791045,51.9826188],[4.5790835,51.9824157],[4.5789933,51.9817146],[4.5789904,51.9816925],[4.578937,51.9812763],[4.5789186,51.9811342],[4.5733746,51.9797917],[4.57023,51.9790301],[4.5704092,51.9787882],[4.5735294,51.9745762],[4.5735295,51.9745761],[4.5738122,51.9747042],[4.5738362,51.9747151],[4.5739389,51.974761],[4.574304,51.9745095],[4.5773007,51.9761683],[4.577447,51.9762492],[4.5777393,51.9760075],[4.5777827,51.9759715],[4.5778746,51.9758934],[4.5779213,51.9758544],[4.5785245,51.976188],[4.5785518,51.976165],[4.5785789,51.9761421],[4.5785816,51.9761399],[4.5786645,51.97607],[4.5786896,51.9760488],[4.5786983,51.9760415],[4.5787017,51.9760386],[4.5787128,51.9760293],[4.5787274,51.9760169],[4.5789593,51.9758214],[4.5789999,51.9757872],[4.5785631,51.9755459],[4.578544,51.9755354],[4.5781433,51.9753141],[4.5781404,51.9753125],[4.5781266,51.9753049],[4.5781151,51.9752985],[4.5780881,51.9752837],[4.5779485,51.9752065],[4.5779371,51.9752002],[4.5778113,51.9751307],[4.5777783,51.9751125],[4.5776938,51.9750659],[4.5776901,51.9750638],[4.5776423,51.9750374],[4.5776151,51.9750224],[4.5774914,51.9749541],[4.5774696,51.974942],[4.5774424,51.974927],[4.5773417,51.9748714],[4.5772893,51.9748424],[4.5772591,51.9748257],[4.5772537,51.9748228],[4.5768224,51.9745845],[4.5768172,51.9745816],[4.5763887,51.9743449],[4.5763808,51.9743406],[4.5761627,51.97422],[4.5759496,51.9741021],[4.5759447,51.9740994],[4.575786,51.9740122],[4.5756986,51.9739641],[4.5755084,51.9738596],[4.5754156,51.9738085],[4.5750514,51.9736395],[4.5750472,51.9736376],[4.5740881,51.9731071],[4.5741201,51.97308],[4.5741428,51.973061],[4.5743634,51.9728762],[4.574348,51.9728693],[4.5738829,51.9726601],[4.573725,51.9725993],[4.5733996,51.9724739],[4.5728712,51.9722703],[4.5723913,51.9720853],[4.5722292,51.9720125],[4.571909,51.9718688],[4.5718036,51.9719568],[4.5716022,51.9721249],[4.5709143,51.9720726],[4.5705713,51.9720522],[4.5702757,51.9720241],[4.5697279,51.971867],[4.5691946,51.971714],[4.5686474,51.9715569],[4.5680654,51.971432],[4.5678536,51.9713866],[4.5678218,51.9713798],[4.5674849,51.9713075],[4.5669361,51.9711898],[4.5667142,51.9712422],[4.5657441,51.9714711],[4.5656712,51.9713374],[4.5653824,51.9712757],[4.5651092,51.9713431],[4.5651062,51.9713439],[4.564964,51.9713789],[4.5643144,51.9715424],[4.564131,51.9716986],[4.5637445,51.9717676],[4.5632124,51.9718632],[4.5633678,51.9717279],[4.5628976,51.9715208],[4.5624072,51.9719238],[4.5621602,51.9718217],[4.5620968,51.9717955],[4.5620791,51.9717882],[4.5619544,51.9717365],[4.5619285,51.9717258],[4.5619246,51.9717242],[4.5618378,51.9716883],[4.5618333,51.9716864],[4.5616079,51.9715931],[4.5616056,51.9715921],[4.5614432,51.9715249],[4.5615888,51.9713997],[4.56113,51.9711958],[4.5613379,51.9710229],[4.5614792,51.9708962],[4.5616553,51.9707496],[4.5614295,51.9706578],[4.5611048,51.970525],[4.5613554,51.9703122],[4.5613726,51.9702822],[4.5613579,51.970269],[4.5611765,51.9702032],[4.560735,51.9701143],[4.5607759,51.9700264],[4.56078,51.9700113],[4.5607969,51.9699492],[4.5607861,51.9698679],[4.5607504,51.9697752],[4.5607089,51.9697274],[4.5606744,51.9696904],[4.5605477,51.9696222],[4.5604056,51.9695692],[4.5602523,51.9695291],[4.5595433,51.9693906],[4.5588825,51.969254],[4.5584687,51.9691808],[4.5583261,51.9691497],[4.5582151,51.9691233],[4.5581396,51.9690994],[4.5577325,51.9689335],[4.556586,51.968466],[4.5565594,51.9684552],[4.5565316,51.9685214],[4.5565169,51.9685562],[4.5565164,51.9685575],[4.5565127,51.9685662],[4.5565034,51.9685882],[4.5565604,51.9686379],[4.5565829,51.9686575],[4.5566789,51.9687121],[4.5565454,51.9687961],[4.5564717,51.9688109],[4.5562614,51.9688277],[4.5554085,51.9688151],[4.5547624,51.9688945],[4.554568,51.9688617],[4.5545545,51.9688601],[4.5545438,51.9688596],[4.5545128,51.9688582],[4.5544889,51.9688578],[4.5544671,51.9688585],[4.5544418,51.96886],[4.5544201,51.9688619],[4.5543956,51.968865],[4.5543716,51.968869],[4.5543515,51.9688727],[4.5543115,51.9688831],[4.554272,51.9688959],[4.5542522,51.9689038],[4.5542346,51.9689114],[4.5542154,51.9689207],[4.5541972,51.9689305],[4.5541809,51.9689408],[4.5540109,51.9690323],[4.5538545,51.9691164],[4.5533672,51.9693817],[4.5526812,51.9697516],[4.5518518,51.9701988],[4.5510662,51.9706224],[4.5510391,51.970637],[4.5510039,51.970656],[4.5510012,51.9706575],[4.5504182,51.9709727],[4.5501857,51.9710984],[4.5499851,51.9712068],[4.5499346,51.9712342],[4.5498219,51.971303],[4.5497491,51.9713875],[4.549716,51.9714391],[4.5496644,51.9715199],[4.54957,51.9715871],[4.5493441,51.9717189],[4.5481091,51.9723746],[4.5480877,51.9723859],[4.5480829,51.9723885],[4.5481048,51.9723991],[4.5480842,51.9724192],[4.5479176,51.9725814],[4.5479105,51.9725883],[4.5478982,51.9726003],[4.5478877,51.9726106],[4.5478378,51.9726591],[4.5477936,51.9727021],[4.5476864,51.9728066],[4.5475029,51.9728011],[4.5473706,51.9727887],[4.5471599,51.9727522],[4.5468603,51.972689],[4.546468,51.9725939],[4.5458871,51.9724392],[4.5457803,51.9724027],[4.5456301,51.9723515],[4.5454199,51.9722548],[4.5451481,51.9721254],[4.5448909,51.9719896],[4.5447224,51.9719113],[4.5445359,51.9718364],[4.5443264,51.9717558],[4.5440296,51.9716218],[4.543881,51.9715343],[4.5436639,51.9713989],[4.5433381,51.9712223],[4.5431799,51.9711445],[4.5431387,51.9711269],[4.5430232,51.9710776],[4.5427788,51.9709952],[4.5425686,51.9709279],[4.5422504,51.9708356],[4.5421593,51.9708005],[4.5421296,51.9707882],[4.541246,51.9704221],[4.5410634,51.9703404],[4.5409398,51.9702833],[4.5404612,51.9700621],[4.5403072,51.9699968],[4.5399514,51.9698851],[4.5398552,51.9698657],[4.5396661,51.9698451],[4.5395029,51.969838],[4.5393161,51.9698373],[4.5391555,51.9698419],[4.5389322,51.9698648],[4.5386079,51.9699014],[4.5384576,51.9699277],[4.5382878,51.9699676],[4.5381218,51.970009],[4.5379555,51.9700447],[4.537411,51.9701638],[4.537165,51.9702231],[4.5369438,51.9702897],[4.5364433,51.9704541],[4.5363022,51.9704873],[4.5361782,51.9705022],[4.5360934,51.9705039],[4.5359827,51.9704978],[4.5358743,51.9704765],[4.5357824,51.9704478],[4.535687,51.9704151],[4.5356093,51.970373],[4.5355224,51.9703171],[4.5354659,51.9702641],[4.5354202,51.9702007],[4.5353988,51.9701343],[4.5353827,51.9700439],[4.5353829,51.9699485],[4.5353938,51.9698218],[4.5354295,51.9695863],[4.5354309,51.9695769],[4.5354275,51.9693636],[4.5354357,51.969193],[4.5354358,51.969056],[4.5354262,51.9688749],[4.5354123,51.9687646],[4.5353952,51.9686801],[4.5353573,51.968601],[4.5353021,51.9685164],[4.5352121,51.9684251],[4.5351283,51.9683585],[4.5350554,51.9683129],[4.5349852,51.9682723],[4.5348855,51.9682268],[4.5348531,51.9682139],[4.5347114,51.9681574],[4.5346061,51.968116],[4.5344721,51.9680689],[4.5343699,51.9680446],[4.5341916,51.9680061],[4.5341024,51.9679907],[4.5339225,51.9679598],[4.5337003,51.9679253],[4.5335201,51.9679046],[4.5333084,51.9678875],[4.5330886,51.9678719],[4.5328788,51.9678617],[4.5325105,51.9678553],[4.5322743,51.9678488],[4.5321043,51.9678347],[4.531868,51.9678081],[4.5318194,51.9678026],[4.5316411,51.9677723],[4.5315252,51.9677453],[4.531337,51.9676945],[4.5311157,51.967618],[4.5309698,51.9675587],[4.5307656,51.9674628],[4.5305939,51.9673863],[4.5304597,51.9673338],[4.53042,51.9673183],[4.5302544,51.9672651],[4.5301072,51.9672288],[4.5298394,51.9671761],[4.5296946,51.9671576],[4.5295723,51.967145],[4.5294711,51.9671295],[4.5292397,51.9670865],[4.5290895,51.9670663],[4.528837,51.9670454],[4.52876,51.9670236],[4.5286647,51.9669845],[4.5285279,51.9669284],[4.5284284,51.9668759],[4.5283198,51.9668007],[4.5282297,51.9667261],[4.5281533,51.9666444],[4.528114,51.9665705],[4.5280717,51.9664572],[4.5280678,51.9664405],[4.5280431,51.9663368],[4.5280346,51.9662379],[4.5280389,51.9661254],[4.5280467,51.9660244],[4.5280559,51.9659248],[4.5280097,51.9658465],[4.5279715,51.9657897],[4.5279051,51.9657216],[4.5278218,51.9656587],[4.5277377,51.9656156],[4.5277251,51.9656094],[4.5275497,51.9655246],[4.5274542,51.9654884],[4.5270165,51.965333],[4.5269165,51.9653015],[4.5266242,51.9652098],[4.5265014,51.9651616],[4.5263844,51.9651022],[4.5260931,51.9649353],[4.5259847,51.9648806],[4.5258838,51.9648332],[4.5257684,51.9647782],[4.5256723,51.964737],[4.5255655,51.9646925],[4.5253925,51.9646224],[4.5251417,51.9645255],[4.524794,51.9643797],[4.5243642,51.9641979],[4.5241318,51.9641071],[4.5238923,51.964009],[4.5236538,51.9639249],[4.5234741,51.9638616],[4.5231529,51.9637618],[4.5230426,51.963739],[4.5229029,51.9637113],[4.522765,51.9636989],[4.5225903,51.9636882],[4.5220859,51.9636748],[4.5219429,51.963662],[4.5216566,51.9636185],[4.5214494,51.96358],[4.5212331,51.9635261],[4.5210723,51.963479],[4.5210132,51.9634526],[4.5209467,51.9634079],[4.5208619,51.963342],[4.5207531,51.9632324],[4.5207188,51.9631978],[4.5204254,51.9628435],[4.5201662,51.9625468],[4.5198897,51.9622332],[4.5197334,51.9620561],[4.5193246,51.9615153],[4.5192358,51.961362],[4.5190218,51.9610088],[4.51859,51.9602914],[4.5185865,51.9602863],[4.5183732,51.9603954],[4.5183658,51.9603992],[4.5182618,51.9604523],[4.5180425,51.9605644],[4.518035,51.9605683],[4.5179481,51.9606127],[4.5179278,51.9606231],[4.5177257,51.9607264],[4.517716,51.9607314],[4.5176228,51.9607789],[4.5175525,51.960815],[4.5174429,51.960871],[4.5174302,51.9608775],[4.5172774,51.9609556],[4.5166389,51.961282],[4.5166201,51.9612783],[4.5164873,51.9613413],[4.5156772,51.9617527],[4.5156237,51.9617795],[4.5148785,51.9621579],[4.5141999,51.9625021],[4.5141996,51.9625022],[4.5141255,51.9625398],[4.5139008,51.9626538],[4.513789,51.9626056],[4.5131033,51.9629217],[4.5127454,51.9627122],[4.5122469,51.9624204],[4.5119549,51.9625662],[4.5118542,51.9626165],[4.5117904,51.9626484],[4.5107691,51.9631584],[4.5093917,51.9638463],[4.5092832,51.9639018],[4.5092739,51.9638949],[4.5073703,51.9648702],[4.5073101,51.9649011],[4.5071509,51.9649826],[4.5071187,51.9649991],[4.5058442,51.965652],[4.5066314,51.9663521],[4.5066279,51.9663538],[4.5065845,51.9663758],[4.5051886,51.9670822],[4.504946,51.967205],[4.5049369,51.9672096],[4.5041589,51.9676033],[4.5037022,51.9678344],[4.500482,51.9694659],[4.5004674,51.9694733],[4.499559,51.9699377],[4.4995017,51.9699667],[4.4980565,51.9706986],[4.4979907,51.9707319],[4.4978819,51.970787],[4.4978125,51.9708221],[4.4969591,51.9712543],[4.4969057,51.9712813],[4.4963398,51.9715679],[4.4963339,51.9715724],[4.4963319,51.971574],[4.4962418,51.9716198],[4.4961358,51.9716737],[4.4960698,51.9717072],[4.4960339,51.9717255],[4.4958942,51.9717965],[4.4958302,51.971829],[4.4957998,51.9718445],[4.4955635,51.9706202],[4.49531,51.9696918],[4.4953184,51.9690706],[4.4953162,51.9690428],[4.4952741,51.967854],[4.4952628,51.9675362],[4.4952594,51.9674388],[4.4952581,51.967403],[4.4952341,51.967415],[4.4951844,51.9674399],[4.4951792,51.9674425],[4.4951706,51.9674468],[4.4949969,51.9675342],[4.4948991,51.9675834],[4.4944299,51.9678195],[4.4943906,51.9678394],[4.4933902,51.9683455],[4.4926966,51.9686959],[4.4926723,51.9687082],[4.4910069,51.9695497],[4.4909947,51.9695559],[4.4909567,51.9695753],[4.487922,51.9711229],[4.4867102,51.9717347],[4.4859074,51.9719592],[4.4858104,51.9719863],[4.4848988,51.9724507],[4.4841656,51.9728241],[4.4841654,51.9728242],[4.4838421,51.9729885],[4.4833374,51.9732451],[4.4832513,51.9733631],[4.4831655,51.9734805],[4.4831171,51.9735044],[4.4829499,51.9735912],[4.4826236,51.9737556],[4.482548,51.9737912],[4.4819201,51.9741079],[4.4793339,51.975407],[4.4783881,51.9758815],[4.4783184,51.9759164],[4.4781021,51.9760209],[4.4779387,51.976099],[4.4776332,51.9762496],[4.4776077,51.9762621],[4.4773529,51.9763877],[4.4772948,51.9764163],[4.4769887,51.9765672],[4.4767352,51.9766922],[4.4766347,51.9767417],[4.4763679,51.9768732],[4.4763368,51.9768886],[4.4761635,51.976974],[4.4761211,51.9769949],[4.4759497,51.9770786],[4.4752897,51.9774013],[4.4752876,51.9774024],[4.4752855,51.9774034],[4.4750109,51.97754],[4.4748007,51.9776446],[4.4747544,51.9776677],[4.4744876,51.9778006],[4.4743616,51.9778633],[4.4743022,51.9778934],[4.4740745,51.978009],[4.4739673,51.9780634],[4.4739665,51.9780638],[4.4739656,51.9780643],[4.4739342,51.9780802],[4.4738544,51.9781193],[4.4737658,51.9781627],[4.4735154,51.9782893],[4.4731522,51.9784729],[4.4730678,51.9785151],[4.4726911,51.9787037],[4.4725564,51.9787711],[4.4719485,51.9790741],[4.4714325,51.9793369],[4.4709117,51.9795993],[4.4705582,51.9797795],[4.4704726,51.9798232],[4.4701914,51.9799654],[4.4699523,51.9800863],[4.4699387,51.9800932],[4.4698507,51.9801363],[4.4695407,51.9802884],[4.469505,51.980306],[4.4690226,51.9805439],[4.4690122,51.9805492],[4.4689628,51.9805242],[4.4689124,51.9804987],[4.4688749,51.9804797],[4.4690679,51.9803819],[4.4692144,51.9803076],[4.4692361,51.9802966],[4.4692586,51.9802852],[4.4694513,51.9801875],[4.469239,51.9799946],[4.4692275,51.9799841],[4.4691838,51.9800057],[4.4688545,51.9797372],[4.4685366,51.9794964],[4.4681867,51.9792667],[4.4680929,51.9792177],[4.4677795,51.9790476],[4.4674582,51.9788794],[4.4671297,51.9787098],[4.4666804,51.9784983],[4.4658027,51.9789297],[4.4647436,51.9785367],[4.4641247,51.978307],[4.4639673,51.978168],[4.4632411,51.9775265],[4.4633891,51.9774548],[4.4636759,51.9773159],[4.4640232,51.9771477],[4.4638681,51.9770024],[4.4638653,51.9769998],[4.4636773,51.976829],[4.4631605,51.976403],[4.463153,51.9764066],[4.4630006,51.9762758],[4.4629894,51.9762663],[4.4627961,51.9761004],[4.4617526,51.9751877],[4.4616764,51.975122],[4.4613465,51.9748372],[4.4613587,51.9747901],[4.4615885,51.9739026],[4.4615964,51.973872],[4.4616937,51.9737675],[4.4617468,51.9737105],[4.4622098,51.9727092],[4.4622206,51.9726814],[4.4622037,51.9726543],[4.4619607,51.9725052],[4.4619393,51.9724945],[4.4618853,51.9724676],[4.461663,51.9723569],[4.4615692,51.9723102],[4.4615532,51.9723021],[4.4614625,51.972257],[4.4614585,51.972255],[4.4610081,51.9720306],[4.4607413,51.9718977],[4.4605903,51.9718225],[4.4605213,51.9717881],[4.4604681,51.9717616],[4.4603457,51.9717006],[4.4601614,51.9716088],[4.4604476,51.9705944],[4.4605661,51.9701743],[4.4605757,51.9696669],[4.4605761,51.9696461],[4.460577,51.9695942],[4.4605684,51.9695496],[4.4604028,51.9691472],[4.4603747,51.9691014],[4.4603571,51.9690811],[4.4603499,51.9690728],[4.4601003,51.9687846],[4.4600985,51.9687825],[4.4600331,51.9687415],[4.4599331,51.9686789],[4.4592298,51.9682383],[4.4588489,51.9680318],[4.4587884,51.9679918],[4.4587811,51.967987],[4.4587612,51.9679791],[4.4583454,51.9678141],[4.4577703,51.9676008],[4.4573118,51.967451],[4.4573116,51.967451],[4.4573078,51.9674497],[4.4571959,51.9674132],[4.4568946,51.9673303],[4.4568246,51.967311],[4.4566722,51.9672691],[4.4565391,51.9672362],[4.4559026,51.967079],[4.4555082,51.9669816],[4.4542457,51.9666738],[4.4542644,51.9666524],[4.4529932,51.9663215],[4.4525482,51.9662245],[4.4520353,51.9661093],[4.4515173,51.9660084],[4.4508831,51.9658849],[4.4506472,51.9658389],[4.4505136,51.9658129],[4.4502182,51.9655775],[4.4500789,51.9654664],[4.4498686,51.9652625],[4.449528,51.9649322],[4.4491872,51.9646017],[4.4485084,51.9639434],[4.4474939,51.9629594],[4.4473451,51.9630695],[4.4473237,51.9630854],[4.4472958,51.9631058],[4.4468758,51.962883],[4.4467151,51.9628025],[4.4466821,51.962786],[4.4464049,51.9629883],[4.4453999,51.9637295],[4.444721,51.9642478],[4.4445444,51.9643965],[4.4443035,51.9645891],[4.4436275,51.9650808],[4.4434671,51.9651955],[4.4428397,51.9656409],[4.4426754,51.9657473],[4.4420865,51.9661442],[4.4419358,51.9662466],[4.4413841,51.9666599],[4.4413589,51.9666797],[4.4412434,51.9667705],[4.4408053,51.9670937],[4.4407825,51.9671105],[4.4405862,51.9672549],[4.440068,51.9676322],[4.4398935,51.9677602],[4.4394369,51.9680844],[4.439256,51.9682174],[4.4388113,51.9685426],[4.4386907,51.9686272],[4.4383107,51.9689078],[4.438189,51.9690018],[4.4378502,51.9692544],[4.4376788,51.9693859],[4.4373562,51.9696238],[4.437213,51.9697301],[4.4368899,51.9699696],[4.436751,51.9700764],[4.4363478,51.9703845],[4.4362411,51.9704998],[4.4361758,51.9705705],[4.4359996,51.9706721],[4.4358711,51.9707689],[4.4355906,51.9709834],[4.4354487,51.9710815],[4.4353587,51.9711478],[4.4353368,51.9711721],[4.4348945,51.9715134],[4.4348391,51.9715569],[4.4345615,51.9717749],[4.4344727,51.9717377],[4.4344556,51.9717511],[4.4344378,51.9717649],[4.4344197,51.9717807],[4.4344127,51.9717867],[4.4343886,51.971807],[4.4343545,51.9718351],[4.4343077,51.9718758],[4.4342511,51.9719233],[4.4342285,51.9719425],[4.4342069,51.9719614],[4.4341892,51.9719772],[4.4341781,51.9719885],[4.4341629,51.9720066],[4.4341563,51.9720137],[4.4341505,51.9720207],[4.4341452,51.9720272],[4.4339526,51.9721707],[4.4337648,51.9723107],[4.4336983,51.9723602],[4.4336916,51.9723648],[4.4336061,51.9724258],[4.4335785,51.9724454],[4.4335614,51.972458],[4.4335461,51.9724693],[4.4334214,51.9725577],[4.4333306,51.9726229],[4.4333161,51.9726349],[4.4333039,51.9726449],[4.4332994,51.9726486],[4.4332974,51.9726507],[4.4332897,51.9726586],[4.4332693,51.972682],[4.4332641,51.9726877],[4.4332565,51.972694],[4.4332494,51.9726977],[4.4332415,51.9727013],[4.433233,51.9727042],[4.4332233,51.9727085],[4.4331838,51.9727384],[4.4331706,51.9727489],[4.4331546,51.9727633],[4.4331423,51.9727738],[4.4331409,51.9727748],[4.433128,51.9727839],[4.4331134,51.9727939],[4.4330883,51.9728103],[4.4330618,51.9728289],[4.4330057,51.9728679],[4.4328984,51.9729489],[4.4328165,51.973009],[4.4326922,51.9730998],[4.4326631,51.9731207],[4.4325911,51.9731724],[4.432583,51.9731797],[4.4325723,51.9731886],[4.4325625,51.9731974],[4.4325468,51.9732121],[4.4325342,51.9732228],[4.4325263,51.9732239],[4.4325175,51.9732311],[4.4324998,51.973243],[4.4324642,51.9732687],[4.4324534,51.9732781],[4.4324436,51.9732868],[4.4324294,51.9733015],[4.4324141,51.9733169],[4.432391,51.9733361],[4.4323744,51.9733479],[4.4323662,51.9733537],[4.4323397,51.9733734],[4.4323186,51.9733877],[4.4323092,51.9733929],[4.432302,51.9733957],[4.43229,51.9733998],[4.43228,51.9734028],[4.43227,51.9734065],[4.4322574,51.9734128],[4.4322208,51.9734356],[4.4321722,51.9734639],[4.4321208,51.973498],[4.4320815,51.9735252],[4.4319308,51.9736285],[4.4319046,51.9736459],[4.4318647,51.9736723],[4.4317818,51.9737305],[4.4317063,51.9737847],[4.4316874,51.9737983],[4.4315952,51.9738614],[4.4314477,51.9739659],[4.4313689,51.9740238],[4.4313037,51.9740725],[4.4312315,51.9741266],[4.4311586,51.9741833],[4.4310936,51.9742322],[4.4310313,51.9742796],[4.4309542,51.9743416],[4.4309106,51.9743753],[4.4308684,51.974408],[4.4307905,51.9744677],[4.4307077,51.9745293],[4.4306332,51.974584],[4.4305899,51.9746207],[4.4305617,51.9746449],[4.4305199,51.9746762],[4.4301412,51.974968],[4.4300341,51.9750503],[4.4300054,51.9750716],[4.4299487,51.9751138],[4.4299012,51.9751525],[4.4298723,51.9751775],[4.4298002,51.9752408],[4.4297575,51.9752777],[4.4297263,51.9753056],[4.4296734,51.9753454],[4.4296209,51.9753845],[4.4295896,51.9754086],[4.4295638,51.9754274],[4.4295396,51.9754416],[4.4295156,51.9754538],[4.429496,51.9754652],[4.429493,51.975467],[4.429465,51.9754865],[4.4294468,51.9755007],[4.4294331,51.975512],[4.4294186,51.9755257],[4.4294058,51.9755378],[4.4293651,51.9755675],[4.4293563,51.975574],[4.4293531,51.975573],[4.4292921,51.9756166],[4.4292445,51.9756497],[4.4291447,51.9757301],[4.429059,51.9757953],[4.4290356,51.9758128],[4.42903,51.9758175],[4.4290246,51.9758258],[4.4290182,51.975832],[4.4289684,51.9758761],[4.4288346,51.9760025],[4.4287638,51.9760693],[4.4282414,51.9765248],[4.428132,51.9766201],[4.4279975,51.9765316],[4.4279607,51.9765074],[4.4278984,51.9764665],[4.427637,51.9762905],[4.4275168,51.9762096],[4.4270464,51.9759879],[4.4268893,51.9759138],[4.4266114,51.9758084],[4.4259611,51.9755615],[4.4251604,51.9752005],[4.4239061,51.9747259],[4.4226629,51.9741693],[4.4212247,51.9735828],[4.4208449,51.9734047],[4.4200136,51.973073],[4.4185354,51.9725769],[4.4174364,51.9721295],[4.4160093,51.9715485],[4.4156503,51.9713999],[4.4144154,51.970889],[4.4129885,51.9703001],[4.4121835,51.96996],[4.4121604,51.9699502],[4.4113429,51.9696437],[4.41042,51.969232],[4.4095133,51.9688833],[4.4085759,51.9684679],[4.4079109,51.9681986],[4.4076743,51.9681022],[4.4075465,51.9680467],[4.4073943,51.9679841],[4.407252,51.967927],[4.4071258,51.9678776],[4.4069668,51.967817],[4.4068542,51.9677685],[4.4067469,51.9677258],[4.4066351,51.9676773],[4.4065214,51.9676361],[4.4064107,51.967588],[4.4062873,51.9675398],[4.4060225,51.9674275],[4.4058066,51.967332],[4.40572,51.9672962],[4.4056238,51.9672565],[4.405541,51.9672228],[4.4054897,51.9672014],[4.405437,51.9671834],[4.4053868,51.9671679],[4.4053379,51.9671559],[4.4053064,51.9671469],[4.4052631,51.967134],[4.4052329,51.9671284],[4.4051592,51.9671207],[4.4050709,51.9671123],[4.4049154,51.9670909],[4.4048499,51.9670789],[4.4048072,51.9670682],[4.4047468,51.9670568],[4.4047022,51.9670484],[4.4046653,51.9670402],[4.4046293,51.9670311],[4.4045985,51.9670222],[4.404576,51.9670149],[4.4045416,51.9670029],[4.4045121,51.9669894],[4.4044738,51.9669769],[4.4044338,51.9669644],[4.4043912,51.9669452],[4.404351,51.9669229],[4.4042565,51.966882],[4.4041489,51.9668381],[4.4040549,51.9668025],[4.4039382,51.9667541],[4.4036758,51.9666404],[4.4036403,51.966625],[4.4032315,51.9664479],[4.4032314,51.9664479],[4.4032037,51.9664356],[4.4032008,51.9664344],[4.4029335,51.9663163],[4.4028182,51.9662654],[4.4024159,51.9661058],[4.402326,51.9660676],[4.4021085,51.9659751],[4.4015348,51.9657252],[4.4013155,51.9656261],[4.4011234,51.9655422],[4.4007649,51.9653885],[4.4004343,51.965258],[4.4002588,51.9651901],[4.3998099,51.9650045],[4.3996254,51.9649258],[4.3992812,51.9647804],[4.3989732,51.9646586],[4.3984737,51.9644607],[4.3982378,51.9643652],[4.397388,51.9640117],[4.3971382,51.9639113],[4.3954,51.9631906],[4.3947444,51.9629192],[4.3943142,51.9627548],[4.3939876,51.9626315],[4.3939851,51.9626306],[4.3939518,51.962618],[4.3935642,51.9624716],[4.3933365,51.9627467],[4.3923324,51.9640948],[4.3919353,51.9646674],[4.391752,51.964921],[4.3914822,51.9648659],[4.3914784,51.9648652],[4.3914674,51.9648629],[4.3914024,51.9648496],[4.3913681,51.9648426],[4.3912968,51.9648281],[4.3912693,51.9648225],[4.3911904,51.9648093],[4.3911888,51.964809],[4.3911674,51.9648054],[4.3911318,51.9647995],[4.3899475,51.9646017],[4.3899169,51.9645966],[4.3899002,51.9646835],[4.3899223,51.9646864],[4.3897795,51.9651264],[4.3897062,51.9651142],[4.3890489,51.9650043],[4.3887766,51.9649587],[4.3882593,51.9648723],[4.3865788,51.9645906],[4.3863647,51.9645567],[4.3857147,51.9644538],[4.3832095,51.9640459],[4.3827389,51.9639693],[4.3819676,51.9638438],[4.3818467,51.9638241],[4.3799935,51.9635226],[4.3797506,51.9634813],[4.3797439,51.9634802],[4.3796998,51.9634727],[4.3796795,51.9634693],[4.3795943,51.9634548],[4.3794657,51.963433],[4.3793558,51.9634143],[4.3793256,51.9634092],[4.3793095,51.9634066],[4.3796196,51.962861],[4.3796599,51.9627884],[4.3798209,51.9624986],[4.3798749,51.9624013],[4.37988,51.9623917],[4.3798975,51.9623589],[4.379917,51.9623221],[4.3800292,51.9621115],[4.3802564,51.9616848],[4.3806993,51.9608524],[4.3810317,51.9602277],[4.3810326,51.960226],[4.3811494,51.9600063],[4.3813634,51.9595915],[4.3816677,51.9590018],[4.3816704,51.9589967],[4.381671,51.9589955],[4.381895,51.9586027],[4.3819055,51.9585843],[4.3819225,51.9585545],[4.3820555,51.958307],[4.382328,51.9577999],[4.3823297,51.9577966],[4.382347,51.9577645],[4.3823639,51.957733],[4.3824149,51.957638],[4.3824152,51.9576376],[4.3825141,51.9574535],[4.3828475,51.9568668],[4.3829131,51.9567515],[4.3833449,51.9559281],[4.3833931,51.9558362],[4.383628,51.9553882],[4.3837429,51.9551743],[4.3839703,51.9547507],[4.3839793,51.954734],[4.3840099,51.954677],[4.3840233,51.9546519],[4.3840404,51.9546202],[4.3844332,51.9538886],[4.384439,51.9538778],[4.3844399,51.953876],[4.3844539,51.95385],[4.3846689,51.9534494],[4.3847655,51.9532696],[4.3848222,51.9531637],[4.3848893,51.9530384],[4.3851021,51.9526411],[4.3856012,51.9517092],[4.3856144,51.9516846],[4.3856171,51.9516796],[4.3862288,51.9505374],[4.3863025,51.9503997],[4.3866576,51.9497518],[4.3870741,51.9489919],[4.3871649,51.9488262],[4.3871653,51.9488255],[4.3872397,51.9486899],[4.3875234,51.9481722],[4.3875383,51.948145],[4.387548,51.9481273],[4.3875564,51.948112],[4.3875667,51.9480932],[4.3875911,51.9480487],[4.3876577,51.9479271],[4.3878298,51.947613],[4.3878309,51.9476112],[4.387971,51.9473554],[4.3881163,51.9470662],[4.3881302,51.9470386],[4.3881357,51.9470276],[4.3881731,51.9469532],[4.3882026,51.9468945],[4.388258,51.9467843],[4.3883021,51.9466964],[4.3883109,51.9466789],[4.3884228,51.9464562],[4.388423,51.9464557],[4.388425,51.9464518],[4.3884259,51.9464501],[4.3884264,51.946449],[4.3885359,51.9462312],[4.3885361,51.9462307],[4.3889104,51.9455298],[4.3889334,51.945535],[4.3893057,51.9456193],[4.3893334,51.9456256],[4.3895012,51.9455888],[4.3895994,51.9455199],[4.389672,51.9454723],[4.3897524,51.9454974],[4.3897675,51.9455021],[4.3898213,51.9455189],[4.3898491,51.9455276],[4.3898506,51.9455281],[4.3899252,51.9455514],[4.3899387,51.9455559],[4.3901602,51.9456302],[4.390314,51.9456819],[4.3903955,51.9457092],[4.3906337,51.9457892],[4.392407,51.9464225],[4.3939642,51.9469786],[4.3939663,51.9469793],[4.3940567,51.9470116],[4.394352,51.9471097],[4.3943562,51.9471088],[4.3947815,51.9470158],[4.3947857,51.9470149],[4.3948507,51.9470007],[4.3951424,51.946937],[4.3951649,51.9469321],[4.3951879,51.946927],[4.3951511,51.9468571],[4.3951318,51.9468236],[4.3949207,51.9464575],[4.3943788,51.9455177],[4.393669,51.9446127],[4.3935226,51.9445229],[4.3934783,51.9444651],[4.393448,51.9442595],[4.393482,51.9442484],[4.3938761,51.9441194],[4.3940627,51.9440935],[4.394216,51.9439995],[4.3949771,51.9429087],[4.3950057,51.9428923],[4.3977461,51.9413196],[4.3977776,51.9413015],[4.3978652,51.9412513],[4.3982693,51.9409632],[4.398472,51.9408186],[4.3987404,51.9406079],[4.3992559,51.9402525],[4.3993757,51.9401601],[4.3995123,51.9400755],[4.3996542,51.9399621],[4.3997886,51.9398707],[4.3998844,51.9398079],[4.4000965,51.9396691],[4.4003809,51.9394829],[4.4004702,51.9394403],[4.4007828,51.9392401],[4.4012738,51.9391803],[4.4014424,51.9391704],[4.401554,51.9391639],[4.4017305,51.9391545],[4.401755,51.9391533],[4.4017554,51.9391532],[4.4017773,51.9391521],[4.4019237,51.9390562],[4.4020346,51.9389836],[4.4021149,51.938931],[4.4021284,51.9389182],[4.40213,51.9389167],[4.402151,51.938897],[4.4021501,51.9388904],[4.4021299,51.9387371],[4.40209,51.9384346],[4.4021232,51.9384015],[4.4021607,51.9383734],[4.4039202,51.9372526],[4.4058223,51.9378611],[4.4060748,51.9378009],[4.4064221,51.9379197],[4.4065187,51.9379527],[4.407544,51.9383035],[4.4085177,51.9386366],[4.4086421,51.9385346],[4.4091025,51.9381574],[4.4093172,51.9379815],[4.4093716,51.937992],[4.4098894,51.9380917],[4.4099487,51.9381032],[4.4102459,51.9381604],[4.4103223,51.9381751],[4.410803,51.9382677],[4.4108944,51.9382978],[4.410946,51.9383147],[4.4111236,51.9383731],[4.4112167,51.9384037],[4.4112185,51.9384043],[4.4114725,51.9384877],[4.4114733,51.938488],[4.4116969,51.9385615],[4.4118079,51.9385979],[4.4119716,51.9386517],[4.4128569,51.9389426],[4.4132074,51.9390577],[4.4138143,51.9393864],[4.4141878,51.9396131],[4.414421,51.9399291],[4.4145574,51.940114],[4.4146186,51.9401562],[4.4154922,51.9407585],[4.4155011,51.9407478],[4.4155259,51.940718],[4.4157272,51.9404753],[4.4158239,51.9403587],[4.4161045,51.9400206],[4.4161684,51.9399435],[4.4162099,51.9398935],[4.4165254,51.9395131],[4.4165619,51.9395136],[4.4165743,51.9395138],[4.4165821,51.9395139],[4.4166438,51.9394666],[4.4172107,51.9389613],[4.4173364,51.9388433],[4.4173567,51.9388243],[4.4173581,51.9388229],[4.4175254,51.9386595],[4.417707,51.9384825],[4.4177077,51.9384818],[4.417713,51.9384766],[4.4176349,51.938439],[4.4175368,51.9383924],[4.4174542,51.9383531],[4.4174311,51.9383421],[4.4174238,51.9383386],[4.4173499,51.9383035],[4.4170478,51.9382577],[4.4170118,51.9382523],[4.4170048,51.9382512],[4.4167508,51.9382127],[4.4165877,51.9381662],[4.4165482,51.9381549],[4.4164636,51.9381329],[4.4164597,51.9381371],[4.4163117,51.9380745],[4.4163084,51.9380772],[4.4162373,51.9380478],[4.4162385,51.9380453],[4.4161784,51.9380223],[4.4161761,51.9380214],[4.4158803,51.9378971],[4.415586,51.9377737],[4.4154048,51.93769],[4.415286,51.9376352],[4.4150861,51.9375409],[4.4148293,51.9374078],[4.4148283,51.9374069],[4.4147793,51.9373819],[4.4147624,51.9373742],[4.4146788,51.937336],[4.4144785,51.9372488],[4.4139957,51.9370342],[4.4137796,51.9369362],[4.4135548,51.9368362],[4.4134856,51.9368068],[4.4134199,51.9367823],[4.4133575,51.9367606],[4.4133029,51.9367426],[4.4132307,51.9367206],[4.4131565,51.9366999],[4.4130874,51.9366845],[4.4130214,51.9366744],[4.412954,51.9366628],[4.4129065,51.9366575],[4.4128077,51.9366465],[4.4127379,51.9366423],[4.4126456,51.9366372],[4.4125809,51.9366353],[4.4124474,51.936633],[4.4121117,51.9366305],[4.4120992,51.9366303],[4.4119113,51.9366277],[4.4118604,51.9366271],[4.4115792,51.9366213],[4.4115372,51.9366205],[4.4115262,51.9366202],[4.411402,51.9366184],[4.4112688,51.9366128],[4.4110888,51.9366032],[4.4109141,51.9365918],[4.4106875,51.9365703],[4.4105054,51.9365416],[4.4103587,51.9365092],[4.4101873,51.9364685],[4.410018,51.9364164],[4.4098934,51.9363732],[4.4098107,51.9363391],[4.4096712,51.9362704],[4.4095631,51.9362068],[4.4095534,51.9362121],[4.4094655,51.9361515],[4.4094737,51.9361452],[4.4093292,51.9360362],[4.4092403,51.9359559],[4.4091449,51.935863],[4.4091259,51.9358407],[4.4090495,51.9357455],[4.4090092,51.9356817],[4.4089582,51.935568],[4.4088969,51.9353889],[4.4088872,51.9353604],[4.4088655,51.9352531],[4.4088494,51.9351861],[4.4088016,51.9351761],[4.4087969,51.9351328],[4.4088462,51.9351166],[4.4088126,51.9347873],[4.4087905,51.9345693],[4.4087616,51.9343943],[4.4087327,51.9342639],[4.4086559,51.9340291],[4.4085355,51.9336734],[4.4084944,51.9335542],[4.408452,51.9334138],[4.4084501,51.9334075],[4.4084446,51.9333892],[4.4083939,51.9332145],[4.4083533,51.9330629],[4.4083016,51.9328699],[4.4082445,51.9326218],[4.4082179,51.9324753],[4.408192,51.9323036],[4.408178,51.9321874],[4.4081653,51.9320429],[4.4081567,51.9319239],[4.4081474,51.9318081],[4.4081546,51.9316644],[4.4081653,51.9314733],[4.4081727,51.9314142],[4.4081904,51.9313352],[4.4082067,51.9312698],[4.4082363,51.9311838],[4.4082668,51.931108],[4.4082936,51.9310574],[4.4083427,51.9309675],[4.4083889,51.9308902],[4.4083942,51.9308813],[4.4085058,51.9307232],[4.4085666,51.9306439],[4.4085913,51.930611],[4.4086708,51.930518],[4.4087347,51.9304573],[4.4088224,51.9303755],[4.4089907,51.9302327],[4.4090832,51.9301524],[4.4091213,51.9301171],[4.4092533,51.9299737],[4.4093252,51.9298948],[4.4094082,51.9298061],[4.4094288,51.929784],[4.4095892,51.9295973],[4.4096683,51.9295038],[4.4097081,51.9294479],[4.4097694,51.9293574],[4.409856,51.9291561],[4.4098747,51.9291125],[4.4099531,51.929135],[4.4102999,51.9292342],[4.4103493,51.9292485],[4.4104963,51.9292916],[4.4110681,51.9285255],[4.4121344,51.9271041],[4.412213,51.9269993],[4.4126392,51.9264311],[4.4131428,51.9257598],[4.4135635,51.925199],[4.4136831,51.9250395],[4.4143391,51.924165],[4.4151588,51.923072],[4.4152351,51.9229704],[4.4153216,51.9229741],[4.4154523,51.9229788],[4.4155731,51.9229846],[4.4157154,51.9229921],[4.4158719,51.9230031],[4.4160475,51.9230147],[4.4161482,51.9230232],[4.4161862,51.9230264],[4.4163252,51.923038],[4.4164355,51.9230477],[4.4165483,51.9230596],[4.4165618,51.9230611],[4.4165833,51.9230635],[4.416627,51.9230682],[4.4166428,51.9230699],[4.4167452,51.9230842],[4.4168309,51.9230996],[4.416831,51.9230952],[4.4168315,51.9230749],[4.4168354,51.9229176],[4.4168355,51.9229175],[4.4168356,51.9229114],[4.4168429,51.9226237],[4.4170126,51.9225219],[4.4170152,51.9224143],[4.4170157,51.9223931],[4.417017,51.9223424],[4.4170261,51.921973],[4.4170517,51.9209378],[4.4170517,51.920937],[4.4170519,51.9209304],[4.4170524,51.9209104],[4.4170579,51.9206884],[4.4170635,51.9204591],[4.4170644,51.9204237],[4.4170645,51.9204184],[4.4170728,51.9200828],[4.4170759,51.9199568],[4.4170369,51.9198294],[4.4170052,51.9197257],[4.4169511,51.9195486],[4.4168255,51.919138],[4.4166449,51.9185474],[4.416431,51.9178481],[4.4163418,51.9175563],[4.4163163,51.9174728],[4.4158423,51.9159229],[4.4156971,51.9159381],[4.415691,51.9159183],[4.4154768,51.9152186],[4.4152938,51.9146208],[4.4152519,51.9144839],[4.4151516,51.9144901],[4.4150809,51.9144944],[4.4136012,51.9145851],[4.413598,51.9145625],[4.4135652,51.9143337],[4.4135627,51.9143158],[4.4135625,51.9143145],[4.4135356,51.9141414],[4.4135064,51.9139527],[4.4135001,51.9139126],[4.4133995,51.9139137],[4.4128058,51.9139198],[4.4127901,51.9139199],[4.4127833,51.9139198],[4.4127771,51.9139195],[4.4127703,51.9139191],[4.4127643,51.9139184],[4.4127586,51.9139177],[4.4127516,51.9139166],[4.4127458,51.9139155],[4.4127393,51.9139142],[4.4127317,51.9139122],[4.4127235,51.9139099],[4.4127154,51.913907],[4.4127081,51.913904],[4.4127009,51.9139009],[4.4126934,51.9138969],[4.4126859,51.9138925],[4.412679,51.9138877],[4.4126733,51.9138833],[4.4126682,51.9138786],[4.412662,51.9138721],[4.4125536,51.9137387],[4.4125437,51.9137262],[4.4125389,51.9137195],[4.4125285,51.9137041],[4.4125235,51.9136957],[4.4125157,51.9136809],[4.4125118,51.9136725],[4.4125082,51.9136644],[4.412505,51.9136562],[4.4125012,51.9136441],[4.41245,51.9134154],[4.412444,51.9134029],[4.4123917,51.9132951],[4.412381,51.9132966],[4.4123686,51.9132977],[4.4123558,51.9132983],[4.4123423,51.9132978],[4.4123288,51.9132968],[4.4123144,51.9132949],[4.4123013,51.9132922],[4.4122879,51.9132886],[4.4122769,51.9132848],[4.4122651,51.9132798],[4.4122569,51.9132756],[4.4122568,51.9132755],[4.412253,51.9132736],[4.4122438,51.9132677],[4.4122295,51.9132564],[4.4122194,51.9132476],[4.4122099,51.9132386],[4.4121997,51.91323],[4.4121893,51.9132219],[4.4121784,51.913214],[4.4121668,51.9132058],[4.4121537,51.9131971],[4.4121372,51.9131873],[4.4121183,51.9131771],[4.4121013,51.9131684],[4.4120819,51.9131593],[4.4120632,51.9131516],[4.4120454,51.9131447],[4.4120259,51.913138],[4.4120099,51.913133],[4.4118288,51.9130661],[4.4114826,51.9129383],[4.4091593,51.9120807],[4.4090754,51.9120497],[4.4094684,51.9106744],[4.4095431,51.9104132],[4.4099994,51.9098525],[4.4100741,51.9098758],[4.4101185,51.9098896],[4.4101611,51.9099029],[4.4113463,51.9102727],[4.4127432,51.9085453],[4.4127443,51.9085439],[4.4128164,51.908455],[4.4134456,51.9076788],[4.4134398,51.9076438],[4.4134359,51.9076206],[4.4134173,51.9075452],[4.4134133,51.9075318],[4.4134091,51.9075185],[4.4134047,51.9075052],[4.4134034,51.9075016],[4.4134031,51.9075008],[4.4134027,51.9074997],[4.4134,51.9074919],[4.4133952,51.9074787],[4.4133901,51.9074655],[4.413387,51.9074577],[4.4133866,51.9074567],[4.4133863,51.9074558],[4.4133849,51.9074523],[4.4133794,51.9074392],[4.4133737,51.9074261],[4.4133679,51.907413],[4.4133678,51.9074129],[4.4133618,51.9073999],[4.4133555,51.9073869],[4.413349,51.907374],[4.4133471,51.9073703],[4.4133467,51.9073696],[4.4133463,51.9073687],[4.4133423,51.907361],[4.4133354,51.9073482],[4.4133283,51.9073353],[4.4133239,51.9073276],[4.4133234,51.9073268],[4.413323,51.9073261],[4.4133209,51.9073225],[4.4133134,51.9073098],[4.4133057,51.9072971],[4.4132978,51.9072844],[4.4135499,51.9069691],[4.4136176,51.9068845],[4.4136192,51.9068824],[4.4140599,51.9064898],[4.4151796,51.9054926],[4.4153455,51.9053449],[4.4153956,51.9052798],[4.415677,51.9050248],[4.4143284,51.9039731],[4.4136267,51.9034258],[4.4123384,51.9024211],[4.4136838,51.9007869],[4.4137104,51.9007546]]]}},{"type":"Feature","properties":{"layer":"city","location_id":"GH-kumasi","city_name":"New Tafo","order":0,"color":"#2563eb"},"geometry":{"type":"Polygon","coordinates":[[[-1.6197378,6.7217115],[-1.6186219,6.7214984],[-1.6153979,6.7195592],[-1.6148776,6.7191863],[-1.6137993,6.718856],[-1.6109455,6.7183871],[-1.6098726,6.7183392],[-1.607464,6.718499],[-1.6055757,6.7186002],[-1.6048032,6.7184937],[-1.6047535,6.7186428],[-1.605056,6.7189833],[-1.6052846,6.7193873],[-1.6054661,6.7197345],[-1.6055905,6.7199949],[-1.6057485,6.7202119],[-1.6058393,6.7203488],[-1.6057888,6.720479],[-1.6058057,6.7206459],[-1.6058494,6.7208362],[-1.6060376,6.7209364],[-1.6061116,6.7209731],[-1.6062326,6.7210566],[-1.6062965,6.7212302],[-1.6063234,6.7214205],[-1.6065183,6.7216976],[-1.6066024,6.7219413],[-1.6067671,6.7221683],[-1.6068982,6.7225022],[-1.6069486,6.7227859],[-1.6069217,6.7229696],[-1.6069722,6.7232533],[-1.6070898,6.7235404],[-1.6071604,6.723704],[-1.6072008,6.7238743],[-1.6072949,6.7240279],[-1.6075537,6.7242048],[-1.6076916,6.7243016],[-1.6078529,6.7246155],[-1.6080176,6.7248692],[-1.6082664,6.7250795],[-1.608532,6.7253499],[-1.608848,6.7256304],[-1.6089757,6.7257506],[-1.6091035,6.7258207],[-1.6091707,6.7259542],[-1.6092379,6.7260043],[-1.6091511,6.7262053],[-1.6087058,6.7264956],[-1.6088426,6.7269059],[-1.6088507,6.7273028],[-1.6087058,6.7280433],[-1.6087461,6.7288344],[-1.6065681,6.7291807],[-1.6025421,6.7300997],[-1.6011574,6.7303154],[-1.6011274,6.7304834],[-1.6011757,6.7306075],[-1.6013928,6.7309194],[-1.6014859,6.7311119],[-1.6016487,6.7314969],[-1.6018658,6.7319628],[-1.6019046,6.7321553],[-1.6019317,6.7323093],[-1.601827,6.7323979],[-1.601796,6.732498],[-1.6017727,6.7325942],[-1.6017107,6.7327829],[-1.6016642,6.7330177],[-1.6016022,6.7332603],[-1.6016332,6.7334105],[-1.6017378,6.7335144],[-1.6018503,6.7335491],[-1.6018425,6.7337185],[-1.6018425,6.7339148],[-1.6017417,6.7341728],[-1.6016681,6.7343922],[-1.6015905,6.7345039],[-1.6015246,6.734577],[-1.6014006,6.7347349],[-1.6013463,6.7348928],[-1.6012881,6.735066],[-1.6011873,6.7351969],[-1.6011127,6.7352758],[-1.6009556,6.7353192],[-1.600797,6.7354167],[-1.6006791,6.7355937],[-1.6006686,6.7357881],[-1.6005371,6.7359297],[-1.6004274,6.736044],[-1.6003835,6.7361584],[-1.600378,6.7363707],[-1.6004274,6.7365341],[-1.6003452,6.7366648],[-1.6000381,6.7367736],[-1.5998736,6.7367791],[-1.5997749,6.7368227],[-1.5996324,6.7369207],[-1.5994679,6.7369533],[-1.5993254,6.7370296],[-1.5991828,6.7371493],[-1.5990951,6.7373617],[-1.5989964,6.7374869],[-1.5989854,6.7376666],[-1.5989909,6.737879],[-1.5989361,6.7379715],[-1.5988374,6.7381675],[-1.5987387,6.7383037],[-1.5985907,6.7384126],[-1.598481,6.7385922],[-1.5984755,6.7387774],[-1.5984975,6.739115],[-1.5984975,6.7393328],[-1.5983768,6.7394253],[-1.5981027,6.7394743],[-1.5978889,6.7395614],[-1.597675,6.739654],[-1.5975435,6.7397629],[-1.5975051,6.7399752],[-1.5976038,6.7401495],[-1.5977025,6.7402529],[-1.5977299,6.7403509],[-1.5976641,6.7404816],[-1.597697,6.7406504],[-1.598004,6.7410207],[-1.5980534,6.7411786],[-1.597993,6.7412929],[-1.598004,6.7415434],[-1.5980369,6.7417721],[-1.5981082,6.7419211],[-1.5981411,6.7419898],[-1.5982014,6.7421042],[-1.5982398,6.7423982],[-1.5983549,6.7424799],[-1.59847,6.7425126],[-1.5984975,6.7426922],[-1.59847,6.7429645],[-1.5984262,6.7432258],[-1.5983549,6.7433402],[-1.5983768,6.7435634],[-1.5983494,6.7438411],[-1.5983768,6.7440643],[-1.5983385,6.7444346],[-1.5984317,6.7447449],[-1.5985852,6.74499],[-1.598788,6.7453166],[-1.5988056,6.7456412],[-1.5985537,6.7456822],[-1.598213,6.7458687],[-1.5976739,6.7460791],[-1.5974754,6.7461803],[-1.597454,6.7462762],[-1.5970731,6.7462682],[-1.5966895,6.7463428],[-1.5963569,6.7464653],[-1.5961692,6.7465453],[-1.5957776,6.7467583],[-1.5954316,6.7471606],[-1.5954879,6.7474988],[-1.595563,6.7478638],[-1.595392,6.7480869],[-1.5975807,6.7502764],[-1.5978167,6.7507771],[-1.5998805,6.7536017],[-1.5988533,6.7544236],[-1.5992463,6.7549377],[-1.6002495,6.7543863],[-1.6006706,6.7550495],[-1.6002219,6.7554278],[-1.6008235,6.7562229],[-1.5998901,6.7571977],[-1.6002113,6.757755],[-1.6003387,6.7581373],[-1.6004057,6.7585408],[-1.6004527,6.7588498],[-1.6004364,6.7588984],[-1.6004017,6.7590016],[-1.6004037,6.7593139],[-1.6004101,6.7594702],[-1.6005321,6.7597801],[-1.6005357,6.7599084],[-1.600568,6.7601149],[-1.6005966,6.7602645],[-1.6005464,6.7603251],[-1.6005931,6.7604106],[-1.6007114,6.7606065],[-1.6010378,6.7607917],[-1.6010952,6.7609555],[-1.6011131,6.7611906],[-1.6011777,6.7614008],[-1.6012064,6.7614613],[-1.6012494,6.7616679],[-1.6012387,6.7619315],[-1.6013427,6.7621345],[-1.6014154,6.7623684],[-1.6014905,6.7623569],[-1.6016427,6.7623066],[-1.6018913,6.7623267],[-1.6020992,6.7623217],[-1.6022261,6.762372],[-1.6022983,6.7624183],[-1.6024134,6.7624043],[-1.602485,6.7623663],[-1.6026572,6.7622461],[-1.602813,6.7622178],[-1.6029058,6.7622763],[-1.6029884,6.7624402],[-1.6030732,6.7625401],[-1.6031683,6.7625518],[-1.6032663,6.7625508],[-1.6033802,6.7625264],[-1.6035271,6.7625309],[-1.6036641,6.7625964],[-1.603801,6.7626467],[-1.6039735,6.7626417],[-1.6041105,6.7626971],[-1.6044047,6.7628835],[-1.60478,6.7631102],[-1.6050056,6.7632651],[-1.6050822,6.7633632],[-1.6051507,6.7634284],[-1.6051718,6.7635429],[-1.6051247,6.7637009],[-1.6055167,6.7633658],[-1.6057259,6.762961],[-1.6060209,6.7625934],[-1.6063106,6.7618796],[-1.6063696,6.7613628],[-1.6062677,6.7607396],[-1.6062623,6.760063],[-1.6060263,6.7597327],[-1.6059365,6.7594571],[-1.606033,6.7593292],[-1.606021,6.7591055],[-1.6061349,6.7588257],[-1.6059673,6.7583051],[-1.6058439,6.7581293],[-1.6055167,6.7579908],[-1.6053879,6.7576658],[-1.6051841,6.7570745],[-1.605227,6.7564832],[-1.6053987,6.7560943],[-1.6055811,6.755764],[-1.6057849,6.7554231],[-1.6045833,6.7545281],[-1.6039342,6.753713],[-1.6038089,6.7523028],[-1.6040254,6.7521175],[-1.6045672,6.7517313],[-1.6049615,6.7515129],[-1.607303,6.7506685],[-1.6076819,6.750524],[-1.6080748,6.7503656],[-1.6084202,6.7501345],[-1.6092664,6.7493887],[-1.6096942,6.7489345],[-1.6099182,6.7486775],[-1.6101488,6.7483445],[-1.6110273,6.7462309],[-1.6112848,6.7455863],[-1.611384,6.7450723],[-1.6115101,6.7387767],[-1.6115329,6.7381973],[-1.6115744,6.7378431],[-1.6116965,6.7374475],[-1.6122115,6.7363328],[-1.612532,6.7355829],[-1.612819,6.734897],[-1.6135821,6.7320815],[-1.6137537,6.7314369],[-1.6141588,6.7307923],[-1.6169268,6.7274706],[-1.6177207,6.726485],[-1.6188526,6.7247136],[-1.6194078,6.7235016],[-1.6197243,6.7225107],[-1.6197378,6.7217115]]]}},{"type":"Feature","properties":{"layer":"city","location_id":"GH-kumasi","city_name":"Kumasi","order":1,"color":"#22c55e"},"geometry":{"type":"Polygon","coordinates":[[[-1.6143224,6.6805791],[-1.6131341,6.6802854],[-1.612123,6.6799924],[-1.6113746,6.6814869],[-1.6110259,6.6814123],[-1.61057,6.6814549],[-1.6099638,6.6819238],[-1.6095829,6.6814922],[-1.6095078,6.6814336],[-1.6093844,6.6814283],[-1.607464,6.6828136],[-1.6067505,6.6822541],[-1.6065681,6.6820144],[-1.6065949,6.6814123],[-1.6053772,6.6806717],[-1.6047657,6.6805039],[-1.6039744,6.6804586],[-1.6039449,6.6798113],[-1.6031376,6.6798352],[-1.6008309,6.6796434],[-1.600399,6.6795608],[-1.5999055,6.6793584],[-1.5993744,6.6790227],[-1.5985778,6.678354],[-1.5977463,6.6796061],[-1.5975358,6.6795329],[-1.5967914,6.6791559],[-1.59631,6.6786617],[-1.5958366,6.6782075],[-1.5953672,6.6778199],[-1.5948536,6.6774802],[-1.5946311,6.6773151],[-1.5948362,6.6800686],[-1.594828,6.6819223],[-1.5952941,6.6841768],[-1.5959907,6.686655],[-1.5963291,6.6885779],[-1.5977597,6.688701],[-1.5977597,6.6894122],[-1.5996265,6.6920682],[-1.6009998,6.6946255],[-1.6019225,6.6961173],[-1.6018917,6.6967015],[-1.6070708,6.6965815],[-1.6107738,6.6965808],[-1.6150385,6.6974333],[-1.6147489,6.6979074],[-1.6179998,6.7000243],[-1.6168866,6.7018234],[-1.6122531,6.7039926],[-1.610992,6.7046346],[-1.6101193,6.7059917],[-1.6097726,6.7065825],[-1.6088007,6.7071394],[-1.6077937,6.7074185],[-1.6057894,6.7081424],[-1.6034183,6.7085699],[-1.6009599,6.7086343],[-1.5987646,6.7095133],[-1.5967273,6.7194481],[-1.5964504,6.7203167],[-1.5962771,6.7206294],[-1.5954095,6.7212903],[-1.5890551,6.7281619],[-1.5885746,6.7283832],[-1.5878454,6.7285924],[-1.5772517,6.7299595],[-1.57489,6.7303443],[-1.5710986,6.7320655],[-1.5710932,6.7321561],[-1.5710449,6.7322946],[-1.5710959,6.7323532],[-1.5712568,6.7324411],[-1.5713936,6.7324491],[-1.5714419,6.7325263],[-1.5714285,6.7325876],[-1.5714607,6.7326702],[-1.5716028,6.7327075],[-1.5716457,6.7327634],[-1.5717262,6.73279],[-1.5718201,6.7327607],[-1.5719032,6.732814],[-1.5719622,6.7328993],[-1.5721205,6.7330537],[-1.5721768,6.7330431],[-1.5722546,6.7330617],[-1.5723324,6.7331017],[-1.5723431,6.7331843],[-1.5723109,6.7332375],[-1.5723377,6.7332642],[-1.5723968,6.7332535],[-1.5724906,6.7332455],[-1.5725443,6.7333148],[-1.5725201,6.7333681],[-1.5724933,6.7334746],[-1.5725067,6.7335492],[-1.5726542,6.7334773],[-1.5727374,6.7335146],[-1.5727347,6.7335998],[-1.5726998,6.7336771],[-1.5727589,6.7336797],[-1.572783,6.7337463],[-1.572783,6.7338475],[-1.5727079,6.7339488],[-1.572555,6.7340313],[-1.5723458,6.7341059],[-1.5723351,6.7342338],[-1.5723373,6.7344801],[-1.5723538,6.7345987],[-1.572488,6.7347532],[-1.5725711,6.734929],[-1.5727159,6.7350728],[-1.5728501,6.7351474],[-1.5729288,6.7352057],[-1.5729868,6.7352486],[-1.5732068,6.7354085],[-1.573298,6.7356642],[-1.5732001,6.7358213],[-1.5731116,6.7359319],[-1.573121,6.7360291],[-1.5732081,6.7360757],[-1.5733328,6.7360997],[-1.5734334,6.736161],[-1.5733543,6.7362009],[-1.5732296,6.7362289],[-1.5731565,6.7361923],[-1.5731116,6.7361523],[-1.5730787,6.7361403],[-1.5730526,6.7361623],[-1.5730459,6.7362289],[-1.5730834,6.7362608],[-1.573129,6.7363274],[-1.5731129,6.7363967],[-1.5730619,6.7364899],[-1.5730754,6.7365885],[-1.5731156,6.7366604],[-1.5730727,6.7367696],[-1.5730646,6.7368655],[-1.5730633,6.736976],[-1.5730579,6.7371732],[-1.5730914,6.7372198],[-1.5732121,6.7372384],[-1.5733168,6.7372557],[-1.5733597,6.7372957],[-1.573357,6.7373849],[-1.5732121,6.7374435],[-1.5730673,6.7374941],[-1.5729976,6.7376353],[-1.5730754,6.7377552],[-1.5730997,6.7378609],[-1.5731263,6.7379763],[-1.5730566,6.7380429],[-1.5730083,6.738176],[-1.5730566,6.7383012],[-1.5731344,6.7384317],[-1.5732041,6.7385862],[-1.5732095,6.7387567],[-1.573306,6.7389565],[-1.5734482,6.739143],[-1.5735903,6.7393241],[-1.5737084,6.7393933],[-1.5738478,6.7395611],[-1.5738076,6.739729],[-1.5738398,6.7399527],[-1.5739605,6.7401818],[-1.5740329,6.7403123],[-1.5741402,6.7404082],[-1.5740973,6.7404641],[-1.5741321,6.7405174],[-1.5742636,6.7406026],[-1.5743387,6.7406905],[-1.5743038,6.7408077],[-1.5742958,6.7409143],[-1.5743762,6.7409995],[-1.5745237,6.7410688],[-1.5745854,6.7411514],[-1.5746418,6.7411487],[-1.5746981,6.7410741],[-1.5747544,6.7410981],[-1.5748698,6.7411167],[-1.5751031,6.7411407],[-1.5752909,6.7411167],[-1.5754116,6.7412366],[-1.5755188,6.7412845],[-1.575661,6.7412792],[-1.5756959,6.7414257],[-1.5756798,6.7416361],[-1.5757629,6.7416761],[-1.5758461,6.7417507],[-1.5758514,6.7418359],[-1.5758193,6.7419052],[-1.575889,6.7420437],[-1.5759265,6.7421422],[-1.5759587,6.7422248],[-1.576058,6.742326],[-1.5761867,6.7424006],[-1.5763128,6.7424326],[-1.5764791,6.74239],[-1.576522,6.7424672],[-1.5766507,6.7425258],[-1.5767849,6.7425684],[-1.5769377,6.7425791],[-1.5770182,6.7426563],[-1.5770263,6.7427868],[-1.576919,6.7428854],[-1.5767527,6.7429973],[-1.5767688,6.7431411],[-1.5767446,6.7432716],[-1.5768439,6.7433356],[-1.5768331,6.7434235],[-1.5768787,6.74357],[-1.5768921,6.7436898],[-1.5769592,6.7438603],[-1.5769753,6.7439429],[-1.5770611,6.7439695],[-1.5771952,6.7440734],[-1.577265,6.7441027],[-1.5773964,6.7441426],[-1.5774795,6.7442758],[-1.5775654,6.7443398],[-1.5776807,6.7446194],[-1.5778443,6.744718],[-1.5779275,6.7448698],[-1.5779248,6.7450509],[-1.5778658,6.7452507],[-1.5778282,6.7454984],[-1.5778872,6.7456929],[-1.5779033,6.7458714],[-1.5779892,6.7460418],[-1.5780294,6.7462043],[-1.5781635,6.7462629],[-1.5782493,6.7463082],[-1.5782842,6.7466065],[-1.5783808,6.7466358],[-1.5784451,6.7466838],[-1.5784317,6.7468249],[-1.5785202,6.7469075],[-1.578539,6.7470141],[-1.5784693,6.7471046],[-1.5784666,6.7472405],[-1.5784746,6.7474056],[-1.5785524,6.7474749],[-1.578598,6.7474296],[-1.5786999,6.7474322],[-1.5787697,6.7475148],[-1.5788904,6.7475947],[-1.5790406,6.7477013],[-1.5791586,6.7478131],[-1.5792364,6.747901],[-1.5792015,6.7480049],[-1.579223,6.7480981],[-1.5793276,6.7481408],[-1.579569,6.7482153],[-1.5797782,6.7482739],[-1.579974,6.7483032],[-1.5801886,6.7482899],[-1.5805265,6.7482926],[-1.5806741,6.748535],[-1.5809155,6.7486522],[-1.5811837,6.7487694],[-1.5812641,6.7489825],[-1.5814036,6.7490943],[-1.5815914,6.7491529],[-1.5817308,6.7492861],[-1.5819776,6.7495418],[-1.5822941,6.7496004],[-1.5827984,6.749691],[-1.5833831,6.7498988],[-1.5837747,6.7500213],[-1.5841126,6.7500319],[-1.584464,6.7500186],[-1.5846571,6.7500639],[-1.5848208,6.7501571],[-1.5850192,6.7501891],[-1.5851641,6.7501571],[-1.5852767,6.7500532],[-1.5854162,6.7500106],[-1.5857327,6.7500965],[-1.5860331,6.7501332],[-1.5862531,6.750261],[-1.5865957,6.7504441],[-1.5870255,6.7504981],[-1.5873903,6.7504794],[-1.5877336,6.7503676],[-1.588136,6.750293],[-1.5884686,6.7501598],[-1.5887958,6.7501864],[-1.5889728,6.7502024],[-1.5894985,6.7502264],[-1.5896943,6.7501465],[-1.5898767,6.7501305],[-1.589874,6.7475601],[-1.595392,6.7480869],[-1.595563,6.7478638],[-1.5954879,6.7474988],[-1.5954316,6.7471606],[-1.5957776,6.7467583],[-1.5961692,6.7465453],[-1.5963569,6.7464653],[-1.5966895,6.7463428],[-1.5970731,6.7462682],[-1.597454,6.7462762],[-1.5974754,6.7461803],[-1.5976739,6.7460791],[-1.598213,6.7458687],[-1.5985537,6.7456822],[-1.5988056,6.7456412],[-1.598788,6.7453166],[-1.5985852,6.74499],[-1.5984317,6.7447449],[-1.5983385,6.7444346],[-1.5983768,6.7440643],[-1.5983494,6.7438411],[-1.5983768,6.7435634],[-1.5983549,6.7433402],[-1.5984262,6.7432258],[-1.59847,6.7429645],[-1.5984975,6.7426922],[-1.59847,6.7425126],[-1.5983549,6.7424799],[-1.5982398,6.7423982],[-1.5982014,6.7421042],[-1.5981411,6.7419898],[-1.5981082,6.7419211],[-1.5980369,6.7417721],[-1.598004,6.7415434],[-1.597993,6.7412929],[-1.5980534,6.7411786],[-1.598004,6.7410207],[-1.597697,6.7406504],[-1.5976641,6.7404816],[-1.5977299,6.7403509],[-1.5977025,6.7402529],[-1.5976038,6.7401495],[-1.5975051,6.7399752],[-1.5975435,6.7397629],[-1.597675,6.739654],[-1.5978889,6.7395614],[-1.5981027,6.7394743],[-1.5983768,6.7394253],[-1.5984975,6.7393328],[-1.5984975,6.739115],[-1.5984755,6.7387774],[-1.598481,6.7385922],[-1.5985907,6.7384126],[-1.5987387,6.7383037],[-1.5988374,6.7381675],[-1.5989361,6.7379715],[-1.5989909,6.737879],[-1.5989854,6.7376666],[-1.5989964,6.7374869],[-1.5990951,6.7373617],[-1.5991828,6.7371493],[-1.5993254,6.7370296],[-1.5994679,6.7369533],[-1.5996324,6.7369207],[-1.5997749,6.7368227],[-1.5998736,6.7367791],[-1.6000381,6.7367736],[-1.6003452,6.7366648],[-1.6004274,6.7365341],[-1.600378,6.7363707],[-1.6003835,6.7361584],[-1.6004274,6.736044],[-1.6005371,6.7359297],[-1.6006686,6.7357881],[-1.6006791,6.7355937],[-1.600797,6.7354167],[-1.6009556,6.7353192],[-1.6011127,6.7352758],[-1.6011873,6.7351969],[-1.6012881,6.735066],[-1.6013463,6.7348928],[-1.6014006,6.7347349],[-1.6015246,6.734577],[-1.6015905,6.7345039],[-1.6016681,6.7343922],[-1.6017417,6.7341728],[-1.6018425,6.7339148],[-1.6018425,6.7337185],[-1.6018503,6.7335491],[-1.6017378,6.7335144],[-1.6016332,6.7334105],[-1.6016022,6.7332603],[-1.6016642,6.7330177],[-1.6017107,6.7327829],[-1.6017727,6.7325942],[-1.601796,6.732498],[-1.601827,6.7323979],[-1.6019317,6.7323093],[-1.6019046,6.7321553],[-1.6018658,6.7319628],[-1.6016487,6.7314969],[-1.6014859,6.7311119],[-1.6013928,6.7309194],[-1.6011757,6.7306075],[-1.6011274,6.7304834],[-1.6011574,6.7303154],[-1.6025421,6.7300997],[-1.6065681,6.7291807],[-1.6087461,6.7288344],[-1.6087058,6.7280433],[-1.6088507,6.7273028],[-1.6088426,6.7269059],[-1.6087058,6.7264956],[-1.6091511,6.7262053],[-1.6092379,6.7260043],[-1.6091707,6.7259542],[-1.6091035,6.7258207],[-1.6089757,6.7257506],[-1.608848,6.7256304],[-1.608532,6.7253499],[-1.6082664,6.7250795],[-1.6080176,6.7248692],[-1.6078529,6.7246155],[-1.6076916,6.7243016],[-1.6075537,6.7242048],[-1.6072949,6.7240279],[-1.6072008,6.7238743],[-1.6071604,6.723704],[-1.6070898,6.7235404],[-1.6069722,6.7232533],[-1.6069217,6.7229696],[-1.6069486,6.7227859],[-1.6068982,6.7225022],[-1.6067671,6.7221683],[-1.6066024,6.7219413],[-1.6065183,6.7216976],[-1.6063234,6.7214205],[-1.6062965,6.7212302],[-1.6062326,6.7210566],[-1.6061116,6.7209731],[-1.6060376,6.7209364],[-1.6058494,6.7208362],[-1.6058057,6.7206459],[-1.6057888,6.720479],[-1.6058393,6.7203488],[-1.6057485,6.7202119],[-1.6055905,6.7199949],[-1.6054661,6.7197345],[-1.6052846,6.7193873],[-1.605056,6.7189833],[-1.6047535,6.7186428],[-1.6048032,6.7184937],[-1.6055757,6.7186002],[-1.607464,6.718499],[-1.6098726,6.7183392],[-1.6109455,6.7183871],[-1.6137993,6.718856],[-1.6148776,6.7191863],[-1.6153979,6.7195592],[-1.6186219,6.7214984],[-1.6197378,6.7217115],[-1.6197109,6.7208112],[-1.6240199,6.7160164],[-1.6249275,6.7154571],[-1.6254846,6.7146524],[-1.6273016,6.7118448],[-1.6278206,6.7112222],[-1.6280311,6.7118635],[-1.6282028,6.7131075],[-1.6292167,6.7150361],[-1.6327143,6.7207526],[-1.6331971,6.7229688],[-1.6319203,6.7252384],[-1.6313195,6.727689],[-1.6344738,6.7319723],[-1.6366625,6.7342311],[-1.6383791,6.7396437],[-1.6394949,6.7443318],[-1.6403318,6.747102],[-1.6416192,6.7500639],[-1.6451383,6.7553485],[-1.6454025,6.7583783],[-1.645546,6.7583916],[-1.6457015,6.7584302],[-1.6460851,6.7586007],[-1.646364,6.7586487],[-1.6465625,6.7587073],[-1.6466725,6.758686],[-1.6467047,6.7586567],[-1.6466698,6.7585741],[-1.6466403,6.7585155],[-1.6466993,6.7584462],[-1.6467503,6.758329],[-1.6468281,6.7581959],[-1.6469809,6.758092],[-1.647056,6.7579082],[-1.6471767,6.757783],[-1.6472036,6.7575646],[-1.6474208,6.7573488],[-1.6476595,6.7572396],[-1.6478393,6.7571384],[-1.6480055,6.757173],[-1.6480753,6.7571411],[-1.6482604,6.7570532],[-1.6484186,6.7570505],[-1.6485447,6.7570532],[-1.648652,6.7570878],[-1.6487324,6.7571358],[-1.6487968,6.7571198],[-1.6489282,6.7569786],[-1.6491509,6.7567202],[-1.6493949,6.756603],[-1.6496015,6.756358],[-1.649643,6.7561422],[-1.649698,6.7560397],[-1.6498724,6.7558439],[-1.6500293,6.7556495],[-1.6502291,6.7554683],[-1.6505979,6.7552273],[-1.6507736,6.7550502],[-1.6508299,6.7549396],[-1.6508313,6.7548304],[-1.6507843,6.7547532],[-1.6520047,6.7544322],[-1.6522728,6.7545402],[-1.6525071,6.754798],[-1.6535381,6.7550791],[-1.6549284,6.7555712],[-1.656592,6.7559851],[-1.6572793,6.75636],[-1.6578494,6.757352],[-1.658304,6.7575164],[-1.6595412,6.7571613],[-1.6606363,6.7562452],[-1.6620755,6.755674],[-1.6645409,6.7582055],[-1.6652834,6.7601023],[-1.6650957,6.761087],[-1.6658309,6.7614636],[-1.6674543,6.7617304],[-1.6682482,6.7619009],[-1.6695318,6.7625802],[-1.6697402,6.7627204],[-1.6698507,6.7627948],[-1.6705173,6.7632433],[-1.6708177,6.7631155],[-1.6714167,6.763404],[-1.6719657,6.763792],[-1.6726255,6.7639145],[-1.6729768,6.7644825],[-1.6736502,6.7648254],[-1.6744548,6.7650012],[-1.6748089,6.7649107],[-1.6754258,6.7649853],[-1.6761216,6.7660717],[-1.6761661,6.7661412],[-1.6765351,6.7669013],[-1.6791237,6.7665053],[-1.6802747,6.7662779],[-1.6814796,6.7660728],[-1.6821018,6.7659042],[-1.6822211,6.7658522],[-1.6834392,6.7655385],[-1.6847056,6.7650244],[-1.6867192,6.764627],[-1.6874106,6.7641115],[-1.6878132,6.7641124],[-1.6891946,6.7637135],[-1.6902326,6.7625678],[-1.6930665,6.7618338],[-1.6950107,6.7620285],[-1.6971897,6.7625538],[-1.6976498,6.7625261],[-1.6985723,6.7616669],[-1.6994348,6.7616686],[-1.701333,6.7613859],[-1.7023127,6.7605842],[-1.7036991,6.7605168],[-1.7072088,6.7573794],[-1.7091066,6.7572113],[-1.7104341,6.7553767],[-1.7104352,6.7549748],[-1.7108387,6.7546313],[-1.7116892,6.7534201],[-1.7118824,6.7526636],[-1.7125046,6.7519817],[-1.7127568,6.7513611],[-1.7126066,6.7512519],[-1.7125556,6.7511347],[-1.7124939,6.7510574],[-1.7124805,6.7509562],[-1.7125368,6.7509269],[-1.7125958,6.7509029],[-1.7126039,6.7508097],[-1.7126066,6.7507218],[-1.7125717,6.7506339],[-1.7125019,6.750522],[-1.7125851,6.7504421],[-1.7125207,6.7503249],[-1.7124724,6.7501811],[-1.7124081,6.7501358],[-1.7124108,6.7500692],[-1.7124698,6.7500266],[-1.7124242,6.7499494],[-1.7123276,6.7499281],[-1.7122605,6.7499414],[-1.7122284,6.7500346],[-1.7121881,6.7500825],[-1.7121345,6.7500612],[-1.7120835,6.7497709],[-1.7119789,6.7497176],[-1.7117992,6.7498029],[-1.7117697,6.749731],[-1.7115498,6.7496297],[-1.7114747,6.7497043],[-1.7114532,6.7498481],[-1.7113137,6.7499227],[-1.7111957,6.7498721],[-1.7110938,6.749699],[-1.7109489,6.7496617],[-1.7103723,6.7496617],[-1.7102516,6.7496297],[-1.7100504,6.7496537],[-1.7099029,6.7497416],[-1.7098895,6.7498668],[-1.7098975,6.7500266],[-1.7098975,6.7501571],[-1.7098171,6.7502823],[-1.7097473,6.7503862],[-1.7097017,6.7504395],[-1.7095944,6.7504634],[-1.7095166,6.7503782],[-1.7094201,6.7503223],[-1.7092592,6.7504155],[-1.7091599,6.7504981],[-1.709125,6.7505966],[-1.7092109,6.7506526],[-1.7092913,6.7507005],[-1.7092994,6.7507644],[-1.7092297,6.7508124],[-1.7090607,6.750879],[-1.7089936,6.750855],[-1.7089105,6.7508124],[-1.7088246,6.7508124],[-1.7087308,6.7507831],[-1.7086127,6.7507431],[-1.7085081,6.7506978],[-1.7084625,6.7507378],[-1.708476,6.7507911],[-1.7081997,6.7509029],[-1.7081353,6.7509509],[-1.7080763,6.7510628],[-1.7079771,6.7510761],[-1.7079181,6.7510255],[-1.707902,6.7509349],[-1.7078403,6.7508177],[-1.7077008,6.7507831],[-1.7076311,6.7508204],[-1.7075855,6.7509163],[-1.707513,6.750895],[-1.7073119,6.7508403],[-1.7071952,6.7508457],[-1.7071737,6.7507418],[-1.7071322,6.7506725],[-1.7070919,6.750598],[-1.7071134,6.7505487],[-1.7071161,6.7505087],[-1.7070584,6.7504941],[-1.7069766,6.7504834],[-1.7069283,6.7504781],[-1.70688,6.7504741],[-1.7069015,6.7503822],[-1.7068934,6.7503383],[-1.7068478,6.7503263],[-1.7067902,6.7503462],[-1.7067379,6.7503862],[-1.7066655,6.7503422],[-1.706644,6.750273],[-1.7066064,6.750237],[-1.7065595,6.7502597],[-1.7064871,6.7502876],[-1.7064281,6.750237],[-1.7064415,6.7501638],[-1.706416,6.7501145],[-1.7063597,6.7501265],[-1.7063087,6.7501505],[-1.7062725,6.7501838],[-1.7062323,6.7501864],[-1.7062216,6.7501065],[-1.7061961,6.7500532],[-1.7060432,6.7500586],[-1.7059895,6.7500905],[-1.7059118,6.7501864],[-1.7057964,6.750309],[-1.7056784,6.7502211],[-1.7054907,6.7501944],[-1.7053445,6.7501971],[-1.705205,6.7502597],[-1.7051232,6.7503409],[-1.7051286,6.7504275],[-1.7050883,6.7505247],[-1.7050172,6.7506233],[-1.7048523,6.7506805],[-1.7048161,6.7507431],[-1.7047356,6.7507831],[-1.7046444,6.7507524],[-1.70458,6.7506765],[-1.7045344,6.7506552],[-1.7044915,6.7506659],[-1.7044714,6.7507618],[-1.7045318,6.7508457],[-1.70458,6.7509056],[-1.7045572,6.7509868],[-1.7045197,6.7510068],[-1.7044647,6.7510255],[-1.7044486,6.7510867],[-1.7044929,6.751176],[-1.7044982,6.7512572],[-1.7044647,6.7513238],[-1.704407,6.7514197],[-1.7043561,6.751465],[-1.7043145,6.7515156],[-1.7042662,6.7515675],[-1.7042166,6.7515688],[-1.7041884,6.7515262],[-1.7041737,6.751449],[-1.7041361,6.7513917],[-1.7040624,6.751393],[-1.7040154,6.7514463],[-1.7039658,6.7515009],[-1.7038907,6.7514996],[-1.7038505,6.751441],[-1.7038465,6.7513784],[-1.7038491,6.7512998],[-1.7037995,6.7512758],[-1.7037566,6.7512918],[-1.7037298,6.7513717],[-1.7037003,6.7513944],[-1.7035742,6.7514516],[-1.7035675,6.7515209],[-1.7035796,6.7516501],[-1.7035662,6.7517127],[-1.7035179,6.7517646],[-1.7034602,6.7517513],[-1.7034347,6.7516914],[-1.7034401,6.7516141],[-1.7034039,6.7515502],[-1.703247,6.7515555],[-1.7032228,6.7514849],[-1.7031705,6.7514024],[-1.7031263,6.7512545],[-1.7030565,6.7511866],[-1.7029426,6.7512079],[-1.702909,6.7512625],[-1.7028849,6.7513198],[-1.7028232,6.7513371],[-1.7027669,6.7512918],[-1.7026931,6.7512346],[-1.7026475,6.7512572],[-1.7026073,6.7514303],[-1.7025858,6.7514596],[-1.7025402,6.7514556],[-1.702508,6.751401],[-1.7025188,6.7512652],[-1.702567,6.7511613],[-1.7026207,6.7510867],[-1.7025831,6.7510228],[-1.7024222,6.7510308],[-1.7023337,6.7509749],[-1.7023364,6.750831],[-1.7023551,6.7506392],[-1.7022693,6.7505247],[-1.702213,6.7505407],[-1.7021459,6.7506552],[-1.7020279,6.7507804],[-1.7019421,6.7507671],[-1.701875,6.7506606],[-1.7017972,6.7504501],[-1.7017436,6.750267],[-1.6991249,6.7502864],[-1.6991131,6.7487123],[-1.6826878,6.7488336],[-1.6826508,6.7438904],[-1.6716001,6.7439719],[-1.671578,6.7410098],[-1.6636951,6.741068],[-1.6636678,6.7374221],[-1.6625499,6.7374303],[-1.6625122,6.732397],[-1.6635464,6.7323894],[-1.6635098,6.7274945],[-1.661371,6.7271722],[-1.6599253,6.7265569],[-1.6587397,6.7260322],[-1.6585064,6.7259123],[-1.6579914,6.7255527],[-1.6572028,6.7250546],[-1.6565216,6.7247509],[-1.6562077,6.7247163],[-1.6559529,6.7245325],[-1.6536677,6.7230008],[-1.6533619,6.7228543],[-1.6529462,6.7226891],[-1.6505,6.7220365],[-1.6498643,6.7218234],[-1.6493976,6.7215171],[-1.6489899,6.7211388],[-1.6486305,6.7205714],[-1.6467905,6.7172164],[-1.6465035,6.7167129],[-1.64625,6.7163254],[-1.6459724,6.7160603],[-1.6425526,6.7132833],[-1.6412598,6.7124841],[-1.6405919,6.7121219],[-1.6397443,6.7115491],[-1.6386795,6.7106141],[-1.6381551,6.7100794],[-1.637176,6.708382],[-1.6404911,6.7055644],[-1.6452697,6.7000066],[-1.6459322,6.6985575],[-1.6460931,6.6975559],[-1.6435397,6.6757433],[-1.6431963,6.6748429],[-1.6426277,6.6738412],[-1.641925,6.6729407],[-1.6410506,6.6723014],[-1.6431615,6.6670532],[-1.6435692,6.6659876],[-1.6437838,6.6651191],[-1.6438293,6.664136],[-1.6437247,6.6633768],[-1.6422281,6.6567751],[-1.6421315,6.6557094],[-1.6422495,6.6546465],[-1.6430299,6.6509418],[-1.643445,6.6492365],[-1.6440952,6.6464503],[-1.6466806,6.6343215],[-1.6467158,6.6341882],[-1.6464646,6.6341655],[-1.6459845,6.633931],[-1.6455166,6.6336946],[-1.6450741,6.6335442],[-1.6446206,6.6334155],[-1.6443771,6.6332824],[-1.6442362,6.6331754],[-1.6441679,6.6330892],[-1.6440678,6.6328702],[-1.6439291,6.6324755],[-1.6438178,6.6321271],[-1.6437489,6.6319808],[-1.6434807,6.6317263],[-1.6432513,6.6315518],[-1.643026,6.6312068],[-1.6427605,6.6309031],[-1.6424775,6.630578],[-1.6422093,6.6303329],[-1.6421221,6.6301358],[-1.6421704,6.6299999],[-1.6423126,6.6298294],[-1.6424105,6.6297534],[-1.6424038,6.6296482],[-1.6423407,6.6295949],[-1.6423166,6.6294271],[-1.6423219,6.6292486],[-1.6421597,6.6291646],[-1.6420296,6.6290527],[-1.6418713,6.6289995],[-1.6416299,6.6290661],[-1.6414234,6.6290594],[-1.641288,6.6289329],[-1.6413416,6.6286291],[-1.6413604,6.628404],[-1.6412491,6.6284306],[-1.6410841,6.6285212],[-1.6409802,6.6286169],[-1.6408159,6.6286971],[-1.6406979,6.6285505],[-1.6405933,6.6283587],[-1.6406678,6.6280581],[-1.6406939,6.6279484],[-1.6408561,6.6277899],[-1.6408145,6.6275501],[-1.6406952,6.6274435],[-1.6406322,6.627297],[-1.6406067,6.6271957],[-1.6405852,6.6270212],[-1.6405928,6.6268553],[-1.6405047,6.6267615],[-1.6404176,6.6268041],[-1.6403103,6.6270052],[-1.6402338,6.6271145],[-1.6401547,6.6271584],[-1.6400367,6.6270639],[-1.6400112,6.6269133],[-1.6400434,6.6267535],[-1.6399482,6.6265683],[-1.6398355,6.6263938],[-1.6397001,6.6260554],[-1.6396773,6.6257997],[-1.639625,6.6255652],[-1.6394815,6.6250337],[-1.6394723,6.6248545],[-1.6394238,6.6247259],[-1.6392812,6.6245505],[-1.6391663,6.6244462],[-1.6390282,6.624249],[-1.6389035,6.6240852],[-1.6388029,6.6240439],[-1.6387023,6.6240159],[-1.6386326,6.6240465],[-1.638528,6.6241731],[-1.6384166,6.6242011],[-1.6382745,6.6240785],[-1.6379835,6.6237868],[-1.6371037,6.6229981],[-1.6370299,6.6227424],[-1.6370729,6.6224133],[-1.6370326,6.6222028],[-1.636637,6.6216247],[-1.6363774,6.621242],[-1.6361918,6.6212277],[-1.6360509,6.6212064],[-1.6359866,6.6211225],[-1.6360992,6.6207561],[-1.6362602,6.6207468],[-1.6364399,6.6207828],[-1.6365874,6.6206056],[-1.6366383,6.6204164],[-1.6365941,6.6202805],[-1.6365404,6.6201966],[-1.6365458,6.6196145],[-1.6365445,6.6193081],[-1.6363983,6.6191575],[-1.6362226,6.6190656],[-1.6358498,6.6189843],[-1.6357559,6.6188738],[-1.6356419,6.6186366],[-1.6354206,6.6184182],[-1.6352583,6.6182463],[-1.6350062,6.6179612],[-1.6347662,6.6179093],[-1.6346361,6.6178493],[-1.6346911,6.6176895],[-1.6346696,6.6175136],[-1.6345543,6.617463],[-1.6343665,6.6175416],[-1.6342512,6.617515],[-1.6339481,6.6174297],[-1.6337255,6.617471],[-1.6334666,6.6173831],[-1.6333151,6.6173178],[-1.6331542,6.6172032],[-1.633015,6.6170397],[-1.6330227,6.6172698],[-1.6329289,6.6175443],[-1.6326794,6.6179386],[-1.6325131,6.6182237],[-1.6323039,6.6186313],[-1.6321081,6.6190843],[-1.6319498,6.6195692],[-1.6318184,6.6196891],[-1.6316253,6.6199901],[-1.6316897,6.6202965],[-1.6315663,6.6204777],[-1.6315421,6.6207361],[-1.630944,6.6210665],[-1.6309038,6.6213303],[-1.6304719,6.621626],[-1.6302252,6.6216873],[-1.6300347,6.6218418],[-1.6300347,6.6221136],[-1.6294715,6.6223347],[-1.629096,6.6223534],[-1.6289753,6.6222788],[-1.6288814,6.6223694],[-1.628868,6.6226464],[-1.6287634,6.622769],[-1.6283664,6.6232246],[-1.6282618,6.6235443],[-1.6280445,6.6237628],[-1.6278595,6.6239173],[-1.6275135,6.6241678],[-1.6274625,6.6244395],[-1.6272479,6.6247619],[-1.6267061,6.6251456],[-1.6262072,6.6255186],[-1.6253221,6.6249857],[-1.6247159,6.6246394],[-1.6239247,6.6243489],[-1.6233265,6.6241784],[-1.6225246,6.6240772],[-1.6211084,6.6238987],[-1.620698,6.6239466],[-1.6208911,6.6231207],[-1.6201991,6.6227743],[-1.619255,6.6221456],[-1.6181874,6.6208987],[-1.6176832,6.6210692],[-1.6167337,6.6213942],[-1.6158861,6.6214582],[-1.6140461,6.6214635],[-1.6128767,6.6212024],[-1.6120827,6.6207761],[-1.6111976,6.6205576],[-1.6099691,6.6193587],[-1.6090143,6.6193161],[-1.6079521,6.6209146],[-1.6054899,6.6225186],[-1.6042239,6.6242557],[-1.6025443,6.6243442],[-1.602589,6.6246123],[-1.6026365,6.6247523],[-1.6027153,6.6249744],[-1.6030085,6.6255038],[-1.6031929,6.6256929],[-1.6038532,6.6262188],[-1.6040217,6.6264898],[-1.6040212,6.6267599],[-1.6038525,6.6269811],[-1.6036766,6.6271161],[-1.6034899,6.6272457],[-1.6034272,6.627325],[-1.603393,6.6274002],[-1.6034165,6.6274635],[-1.6034648,6.6275321],[-1.6035432,6.6276493],[-1.6036948,6.6277319],[-1.6037732,6.6277965],[-1.6038483,6.6278878],[-1.6038953,6.6279917],[-1.6039006,6.6281196],[-1.603908,6.6282055],[-1.6038993,6.6283207],[-1.6039382,6.6283694],[-1.6039838,6.6284033],[-1.6040455,6.628426],[-1.6041266,6.6284453],[-1.6042694,6.6284719],[-1.6043492,6.6284226],[-1.6044478,6.6283594],[-1.6045705,6.6283014],[-1.6046584,6.6282928],[-1.6048481,6.6283054],[-1.6049226,6.6283587],[-1.6049581,6.6284193],[-1.604995,6.6285778],[-1.6050634,6.6286604],[-1.6052035,6.6287137],[-1.6053598,6.628799],[-1.6054711,6.6289502],[-1.6058801,6.6293378],[-1.6060705,6.6295017],[-1.6064353,6.6297628],[-1.6065641,6.6299066],[-1.6066714,6.6301571],[-1.606729,6.630273],[-1.6067974,6.6303462],[-1.6069503,6.6304062],[-1.607122,6.6305314],[-1.6072279,6.6306353],[-1.607299,6.6307925],[-1.607417,6.6310549],[-1.6075042,6.6314799],[-1.6076021,6.6317576],[-1.6076866,6.6318086],[-1.6077396,6.6318829],[-1.6077486,6.6319491],[-1.6076929,6.6319658],[-1.6076004,6.6319948],[-1.6076088,6.6320341],[-1.6077023,6.632138],[-1.6077711,6.6322179],[-1.6078676,6.6324364],[-1.6079079,6.6326229],[-1.6082297,6.6330638],[-1.6083384,6.633253],[-1.6085026,6.6335014],[-1.6085543,6.6337878],[-1.6085717,6.6339343],[-1.6086649,6.6340289],[-1.6087702,6.6340782],[-1.6088641,6.6341082],[-1.6089841,6.6341675],[-1.6091128,6.634292],[-1.609204,6.6344499],[-1.6092986,6.6345471],[-1.6094454,6.6345877],[-1.6095226,6.6345431],[-1.6095628,6.6345358],[-1.6096111,6.6345671],[-1.6096466,6.6346863],[-1.6096774,6.6348009],[-1.6097479,6.6348955],[-1.6098759,6.6350473],[-1.6099524,6.6350926],[-1.6100603,6.6351246],[-1.6101877,6.635072],[-1.6103165,6.6351093],[-1.6103681,6.6351772],[-1.6103768,6.6353197],[-1.6103721,6.6354103],[-1.6104613,6.6354576],[-1.610519,6.6354563],[-1.6106082,6.635423],[-1.6107021,6.6354716],[-1.6107034,6.6355962],[-1.6106725,6.6357893],[-1.6106759,6.6359765],[-1.6107067,6.6360544],[-1.6107765,6.6361217],[-1.6108831,6.6361583],[-1.6109911,6.6361843],[-1.6111835,6.6362409],[-1.6113632,6.6363382],[-1.6114524,6.6364187],[-1.6115114,6.636534],[-1.611551,6.6366952],[-1.6116348,6.6367864],[-1.6117655,6.6368384],[-1.6118152,6.636905],[-1.6118862,6.637186],[-1.6119184,6.6373506],[-1.6119158,6.6373879],[-1.6118842,6.6374165],[-1.6118078,6.6374118],[-1.6117515,6.6374172],[-1.6117139,6.6374871],[-1.6117213,6.6376177],[-1.6116904,6.6376756],[-1.6116167,6.6376836],[-1.6115597,6.6376763],[-1.6115094,6.6376843],[-1.6114551,6.6377742],[-1.6114477,6.6378608],[-1.6114651,6.6379827],[-1.6114531,6.638337],[-1.61149,6.6384236],[-1.6116039,6.6385488],[-1.6116167,6.6386294],[-1.6116046,6.6388312],[-1.6116214,6.6389071],[-1.6116898,6.6389304],[-1.6117367,6.6389604],[-1.6117501,6.639031],[-1.6117253,6.6390903],[-1.611679,6.6392708],[-1.611722,6.6393874],[-1.6118909,6.6394213],[-1.6119546,6.6394586],[-1.6120069,6.6395292],[-1.6120485,6.6396811],[-1.6121511,6.6397284],[-1.6122302,6.6397057],[-1.6122846,6.6396678],[-1.6123449,6.6396465],[-1.6124032,6.6396545],[-1.6124468,6.6397264],[-1.6124368,6.6398376],[-1.6124327,6.6399016],[-1.612469,6.6399548],[-1.6125615,6.6400088],[-1.6125521,6.6400508],[-1.6124636,6.6402819],[-1.6125266,6.640473],[-1.6126339,6.6405596],[-1.6127332,6.6406462],[-1.6128069,6.640826],[-1.6129216,6.6409946],[-1.6130282,6.6410711],[-1.6132629,6.6412223],[-1.6134017,6.6414881],[-1.6134513,6.6415454],[-1.6135398,6.6416253],[-1.6138503,6.6417805],[-1.6140085,6.6418611],[-1.6141386,6.6419317],[-1.6142419,6.642005],[-1.6143733,6.6421155],[-1.6144766,6.64229],[-1.6145369,6.6423806],[-1.6146067,6.6425338],[-1.6146724,6.6426737],[-1.6147167,6.6427856],[-1.6147519,6.643021],[-1.6147951,6.6431256],[-1.6147227,6.6433157],[-1.6145027,6.6436534],[-1.6144337,6.6438692],[-1.6143586,6.6439831],[-1.6142627,6.644063],[-1.6141534,6.6441776],[-1.6141192,6.6443475],[-1.6140971,6.64444],[-1.6139542,6.6445326],[-1.6138617,6.6446152],[-1.6137879,6.6446831],[-1.6137564,6.6448983],[-1.6137014,6.6450148],[-1.6136833,6.6451154],[-1.6136739,6.6452866],[-1.613686,6.6454591],[-1.6136471,6.6456283],[-1.6135827,6.6457841],[-1.6135197,6.645892],[-1.6135237,6.6459633],[-1.6135385,6.6460352],[-1.6135881,6.6460718],[-1.6135412,6.6462903],[-1.6134721,6.6464082],[-1.6133601,6.6465248],[-1.6132723,6.6465834],[-1.6132173,6.6466433],[-1.6131382,6.6468198],[-1.613102,6.6470183],[-1.6130979,6.6472448],[-1.613045,6.647372],[-1.6129933,6.6475698],[-1.6128371,6.6478921],[-1.6127412,6.648026],[-1.612762,6.6481233],[-1.6127975,6.6482265],[-1.6128699,6.6484989],[-1.6128988,6.6486594],[-1.6128686,6.6490138],[-1.6127908,6.6492902],[-1.6127117,6.6498889],[-1.6126614,6.6503125],[-1.6126386,6.6504811],[-1.6126527,6.6506056],[-1.6126795,6.6507388],[-1.6126923,6.650882],[-1.6126768,6.6511018],[-1.612644,6.651297],[-1.6125897,6.6513909],[-1.6126131,6.6515241],[-1.6126614,6.651618],[-1.6128089,6.6519084],[-1.6129645,6.6521521],[-1.613108,6.6524732],[-1.6131697,6.6526144],[-1.613163,6.6527123],[-1.6131274,6.6528302],[-1.6130651,6.6530413],[-1.6130389,6.6532491],[-1.6130316,6.6536128],[-1.6129866,6.6538785],[-1.6129585,6.6539897],[-1.6129397,6.6541776],[-1.6129477,6.6543148],[-1.6129611,6.6545735],[-1.6129839,6.6546598],[-1.6129977,6.654741],[-1.612991,6.6548536],[-1.6129326,6.6549818],[-1.6128964,6.6550601],[-1.6127177,6.6556015],[-1.6125132,6.6562349],[-1.6123765,6.6566823],[-1.6120988,6.6575996],[-1.6118628,6.6584015],[-1.6116831,6.6590769],[-1.6114685,6.6599401],[-1.6112097,6.6610403],[-1.6110431,6.6616962],[-1.6109425,6.6621182],[-1.6109361,6.6623471],[-1.6109535,6.6626348],[-1.6110407,6.6631743],[-1.6111453,6.6639669],[-1.6113089,6.66489],[-1.6114484,6.6655919],[-1.611616,6.6660701],[-1.6120257,6.6672403],[-1.6123791,6.6683439],[-1.6125077,6.66897],[-1.6127425,6.6724958],[-1.612804,6.6728345],[-1.6131038,6.6736498],[-1.6134693,6.674528],[-1.6141904,6.6758772],[-1.6143358,6.6761159],[-1.6143581,6.6763769],[-1.6143224,6.6805791]]]}},{"type":"Feature","properties":{"layer":"city","location_id":"GH-takoradi","city_name":"Sekondi-Takoradi","order":1,"color":"#22c55e"},"geometry":{"type":"Polygon","coordinates":[[[-1.7852953,4.8907865],[-1.7856562,4.8917569],[-1.7859306,4.892734],[-1.785982,4.8934275],[-1.7862289,4.894285],[-1.7865135,4.8948317],[-1.786716,4.8949722],[-1.787467,4.8950737],[-1.7878264,4.8952982],[-1.7880678,4.8957846],[-1.7880571,4.8961801],[-1.7879391,4.896442],[-1.7876494,4.8966665],[-1.7867857,4.8971048],[-1.7864853,4.8975163],[-1.7864478,4.8978477],[-1.7865497,4.8980882],[-1.7866892,4.8982218],[-1.7873383,4.898163],[-1.7875958,4.8983608],[-1.7878103,4.898596],[-1.7879123,4.8988632],[-1.7878318,4.8991465],[-1.7874563,4.8994725],[-1.786834,4.8999215],[-1.7865658,4.9002315],[-1.7865014,4.900798],[-1.786598,4.901263],[-1.7866677,4.9014661],[-1.7871934,4.9017601],[-1.7875743,4.9021663],[-1.787746,4.9025404],[-1.787805,4.9028237],[-1.7876977,4.9029894],[-1.7873704,4.903401],[-1.7869145,4.904347],[-1.7868072,4.9049135],[-1.7869896,4.9053571],[-1.7872363,4.905758],[-1.7853599,4.9080608],[-1.785079,4.9086068],[-1.7849831,4.9091529],[-1.7852914,4.9098422],[-1.7852366,4.9102176],[-1.7845652,4.9119444],[-1.7843117,4.9120707],[-1.7679663,4.9026687],[-1.7533198,4.9022591],[-1.753217,4.9029895],[-1.7534225,4.9055217],[-1.752943,4.9107227],[-1.7491546,4.9203601],[-1.7485655,4.9208106],[-1.7482367,4.9209607],[-1.7485586,4.922278],[-1.7494355,4.9232472],[-1.7499767,4.9236704],[-1.749689,4.9241618],[-1.7502918,4.9254654],[-1.752532,4.9286597],[-1.7531143,4.9292057],[-1.7539205,4.9315711],[-1.7599069,4.9289617],[-1.7625259,4.9315711],[-1.7599069,4.9349259],[-1.7565396,4.9379079],[-1.7531723,4.9390262],[-1.7531723,4.9427538],[-1.7569137,4.9434993],[-1.7640225,4.9420083],[-1.7677639,4.9446175],[-1.7647708,4.9483451],[-1.7621517,4.9528181],[-1.7629,4.9550545],[-1.7681381,4.9543091],[-1.7688864,4.9505816],[-1.7763693,4.9502088],[-1.7793624,4.9569183],[-1.7696347,4.9662369],[-1.760281,4.971828],[-1.7513015,4.977419],[-1.7479342,4.9807736],[-1.7449411,4.98301],[-1.7430703,4.98711],[-1.7415737,4.9956827],[-1.7389547,5.0016463],[-1.739703,5.0076098],[-1.7426962,5.0105915],[-1.7440178,5.0176714],[-1.7483448,5.0204874],[-1.7532053,5.024005],[-1.757003,5.0269958],[-1.7615018,5.0307436],[-1.7674184,5.0388038],[-1.7673569,5.0391148],[-1.7699796,5.0424909],[-1.7711282,5.044373],[-1.7720799,5.0429488],[-1.7728134,5.042122],[-1.7742578,5.040767],[-1.7758968,5.0400668],[-1.7771344,5.0393091],[-1.7785673,5.0383905],[-1.779679,5.0373455],[-1.7800463,5.0365415],[-1.7801728,5.0354731],[-1.7804023,5.0345542],[-1.7805631,5.0342095],[-1.7828305,5.0317345],[-1.7840114,5.030742],[-1.7843807,5.0289494],[-1.7874412,5.0261474],[-1.7878609,5.0246478],[-1.7898896,5.0245026],[-1.7906038,5.0238499],[-1.7914015,5.0222451],[-1.791478,5.0218618],[-1.7914381,5.0207123],[-1.7915531,5.0203097],[-1.7923516,5.0191702],[-1.7926972,5.0185137],[-1.7928121,5.0180504],[-1.7927347,5.0176646],[-1.793284,5.0150257],[-1.793531,5.0146229],[-1.7941038,5.0132439],[-1.7944661,5.0128023],[-1.7953812,5.0125145],[-1.7962388,5.0124363],[-1.797747,5.0116515],[-1.7990243,5.0108643],[-1.7999421,5.0105765],[-1.8010483,5.0103822],[-1.8016593,5.0099045],[-1.8023252,5.0081794],[-1.8021317,5.0072602],[-1.8021313,5.0069542],[-1.8022654,5.0064937],[-1.8034465,5.00569],[-1.8041712,5.0048842],[-1.8056214,5.0038872],[-1.8059452,5.0033892],[-1.8062236,5.0018272],[-1.8064897,5.0013693],[-1.8070415,5.0007538],[-1.8086461,5.0002033],[-1.8092812,5.0002576],[-1.8104217,5.0000053],[-1.810935,4.99939],[-1.8119264,4.998661],[-1.8119838,4.9984321],[-1.8116976,4.9981457],[-1.8114693,4.9980302],[-1.8111443,4.9975096],[-1.8106765,4.9970857],[-1.8112366,4.9965584],[-1.8120385,4.995962],[-1.8122663,4.9956171],[-1.8123619,4.9951787],[-1.8121525,4.9947765],[-1.8115777,4.9945456],[-1.8113684,4.9942013],[-1.8112964,4.9937823],[-1.8111945,4.9936281],[-1.8101629,4.9929595],[-1.8099537,4.9927309],[-1.8098188,4.9925574],[-1.8095898,4.9918685],[-1.8089979,4.9911222],[-1.8089783,4.9908934],[-1.8092062,4.9906064],[-1.8096076,4.9907024],[-1.8097233,4.9909311],[-1.8099517,4.9911403],[-1.810411,4.9913134],[-1.8107736,4.9911393],[-1.8115341,4.9903747],[-1.8117451,4.9897983],[-1.811973,4.9896464],[-1.8120885,4.9896463],[-1.8129661,4.9902186],[-1.813425,4.9901022],[-1.8135951,4.9898732],[-1.8137102,4.9895285],[-1.8136323,4.9888394],[-1.8137283,4.9886105],[-1.8142415,4.9879758],[-1.814167,4.9877471],[-1.8135923,4.9875383],[-1.8131738,4.9869819],[-1.8128301,4.9869631],[-1.8124864,4.9868505],[-1.8124093,4.9867541],[-1.8124283,4.9865252],[-1.8127136,4.9860838],[-1.8127901,4.9857391],[-1.8127512,4.9853946],[-1.8126163,4.9851659],[-1.8119289,4.9850317],[-1.8113566,4.9845665],[-1.8108773,4.9837897],[-1.8109733,4.9835773],[-1.811413,4.9834831],[-1.8114317,4.9830999],[-1.8112968,4.9828878],[-1.8112964,4.9825625],[-1.8117163,4.9820464],[-1.8114851,4.9817766],[-1.8104921,4.9812623],[-1.8103214,4.9810144],[-1.8102633,4.9806892],[-1.81034,4.9804768],[-1.8105487,4.9803249],[-1.8112357,4.9801118],[-1.8115213,4.9798827],[-1.8115176,4.9785835],[-1.8117809,4.9786818],[-1.8126514,4.9787642],[-1.813647,4.9792606],[-1.8158792,4.9799666],[-1.8161532,4.9804614],[-1.8163582,4.9811282],[-1.8167586,4.9813361],[-1.8181557,4.9814656],[-1.8199776,4.9811596],[-1.8207341,4.9809315],[-1.8213633,4.9813235],[-1.8218558,4.9813937],[-1.8226465,4.9810738],[-1.8246173,4.9808139],[-1.8258318,4.9804835],[-1.8292902,4.9809511],[-1.833331,4.9825228],[-1.8342121,4.9829269],[-1.835037,4.9828255],[-1.8363092,4.9824377],[-1.8369955,4.9827266],[-1.8376484,4.9828658],[-1.8378999,4.9831767],[-1.8385517,4.9836723],[-1.8400058,4.9840892],[-1.8406006,4.9844813],[-1.8409143,4.985269],[-1.8432105,4.9809924],[-1.8435244,4.979518],[-1.8432226,4.9785924],[-1.8432467,4.977834],[-1.8436945,4.9772377],[-1.8435816,4.9763871],[-1.8432158,4.9758346],[-1.8425183,4.9751667],[-1.8423589,4.9744998],[-1.8420969,4.9739361],[-1.841835,4.9727863],[-1.8414807,4.972349],[-1.8403504,4.9703929],[-1.8402031,4.969485],[-1.8400435,4.9689904],[-1.8399883,4.9678299],[-1.8397955,4.9666919],[-1.8429678,4.967492],[-1.8459315,4.9667712],[-1.8440976,4.9652587],[-1.8437809,4.9647574],[-1.8433613,4.9633989],[-1.8433296,4.9622356],[-1.8431857,4.9614446],[-1.8434706,4.9606613],[-1.8435085,4.9602009],[-1.8433364,4.9596105],[-1.8425727,4.9592442],[-1.8423443,4.9590529],[-1.8421902,4.9588629],[-1.842055,4.9585184],[-1.8413994,4.9601853],[-1.8402991,4.9599872],[-1.8394974,4.9591287],[-1.8396664,4.9572619],[-1.8394779,4.9572316],[-1.8389249,4.9568574],[-1.8385812,4.9567227],[-1.8380535,4.9567115],[-1.8373197,4.9568401],[-1.8367479,4.9567636],[-1.8365196,4.9566481],[-1.8363075,4.9563231],[-1.8363068,4.9557497],[-1.8370144,4.954478],[-1.8371063,4.9532787],[-1.8370279,4.9521292],[-1.8371895,4.9516411],[-1.8371421,4.9510953],[-1.8371992,4.9506377],[-1.8377509,4.950025],[-1.8379017,4.9496802],[-1.8378062,4.949162],[-1.8369928,4.9471714],[-1.8370023,4.9470569],[-1.837079,4.946828],[-1.8377462,4.9463089],[-1.8378971,4.9460799],[-1.8380908,4.9456193],[-1.8381078,4.945294],[-1.8383353,4.9448361],[-1.8375579,4.9440431],[-1.8373338,4.9439773],[-1.8359868,4.943899],[-1.8352031,4.9436133],[-1.834078,4.9428677],[-1.8327033,4.9425634],[-1.8305249,4.9413614],[-1.8303158,4.941188],[-1.8301808,4.9409594],[-1.8300843,4.9406728],[-1.830161,4.9404411],[-1.8301029,4.9401545],[-1.8298741,4.9396007],[-1.8296428,4.9392757],[-1.8292827,4.9392376],[-1.8283647,4.9393352],[-1.8280785,4.9390461],[-1.8280013,4.9388174],[-1.8270469,4.9383224],[-1.8264552,4.9376891],[-1.8253084,4.9372329],[-1.8243342,4.9362196],[-1.8229206,4.9355322],[-1.821865,4.9332482],[-1.8220762,4.9328316],[-1.8223071,4.9328506],[-1.8224197,4.9327761],[-1.822458,4.9326602],[-1.8223451,4.9324509],[-1.8223255,4.9322193],[-1.822751,4.9317281],[-1.8224235,4.9314005],[-1.8228573,4.9310526],[-1.8232009,4.9310522],[-1.8233742,4.9311843],[-1.8238687,4.9309741],[-1.8233851,4.9302321],[-1.8227816,4.9287289],[-1.822329,4.9285923],[-1.8222467,4.9279158],[-1.822569,4.9272599],[-1.8225759,4.9266723],[-1.8223153,4.925948],[-1.8225347,4.9251965],[-1.8230902,4.9250666],[-1.8233371,4.9248138],[-1.8230216,4.924356],[-1.8224181,4.924479],[-1.8222398,4.9239803],[-1.8213346,4.9237069],[-1.8211083,4.9227572],[-1.8217255,4.9222653],[-1.8216912,4.9214795],[-1.8214443,4.9208099],[-1.8208751,4.9199285],[-1.8203676,4.9194502],[-1.8205048,4.9189309],[-1.8204911,4.9186508],[-1.820107,4.9185825],[-1.8198876,4.9184321],[-1.8198944,4.9181247],[-1.8200659,4.917783],[-1.819963,4.9174414],[-1.8194555,4.9174346],[-1.8190098,4.9174482],[-1.8183651,4.9174961],[-1.8177548,4.9173867],[-1.8167741,4.9174004],[-1.8165272,4.9177489],[-1.816294,4.9177899],[-1.8159374,4.9174756],[-1.8157454,4.91697],[-1.8153545,4.916888],[-1.8152379,4.9162935],[-1.815183,4.9158767],[-1.8146961,4.9155146],[-1.8151487,4.9148655],[-1.8153339,4.9146263],[-1.8155328,4.9141549],[-1.8154779,4.9136356],[-1.8151007,4.9133828],[-1.8146138,4.9133896],[-1.8143464,4.9134169],[-1.8141406,4.9139909],[-1.8138663,4.9145033],[-1.8136057,4.9147357],[-1.8132765,4.9145238],[-1.8128925,4.9141412],[-1.812289,4.9132598],[-1.8117129,4.9129045],[-1.8112877,4.9121802],[-1.811178,4.9116131],[-1.8107117,4.9116268],[-1.8099573,4.9119137],[-1.8095458,4.9119684],[-1.8078039,4.9107043],[-1.8078862,4.9096726],[-1.8080911,4.9090062],[-1.8081294,4.9088646],[-1.8082496,4.9086195],[-1.8084574,4.9083472],[-1.8086651,4.9080422],[-1.8088947,4.9076555],[-1.8090477,4.9074485],[-1.8091461,4.9072688],[-1.8091625,4.9071],[-1.8090969,4.9068658],[-1.8089821,4.906637],[-1.8087963,4.9064301],[-1.8085885,4.9063974],[-1.8084355,4.9063102],[-1.8082934,4.9062993],[-1.8082278,4.9064083],[-1.8081458,4.9066425],[-1.8080966,4.906893],[-1.8079818,4.906991],[-1.8078451,4.9070455],[-1.807703,4.9070673],[-1.8074078,4.9070128],[-1.8071727,4.9070074],[-1.8070525,4.9071054],[-1.8069759,4.9072143],[-1.8068776,4.9073015],[-1.8067846,4.9073832],[-1.8066644,4.9073995],[-1.8065523,4.9074266],[-1.8064101,4.9073612],[-1.8058672,4.9071114],[-1.8052092,4.9067768],[-1.8048567,4.9066201],[-1.8044057,4.9065893],[-1.8040614,4.9065653],[-1.803672,4.9062895],[-1.8034429,4.9059356],[-1.8031188,4.9055933],[-1.8028354,4.9052162],[-1.8025676,4.9048604],[-1.8021633,4.9047261],[-1.8020144,4.9046767],[-1.8016262,4.9044736],[-1.8012167,4.9043537],[-1.8007858,4.9040811],[-1.8002695,4.9036943],[-1.799563,4.9030484],[-1.7989594,4.9026423],[-1.7986818,4.9024102],[-1.7980394,4.9022884],[-1.797855,4.9020119],[-1.7978472,4.9017373],[-1.7980724,4.9015187],[-1.7985091,4.9013002],[-1.7988274,4.9010295],[-1.799006,4.9007085],[-1.7989186,4.9002327],[-1.7988235,4.8999601],[-1.7988449,4.8992639],[-1.7988468,4.8984497],[-1.7984683,4.8978986],[-1.7980394,4.8974519],[-1.7975037,4.8972198],[-1.795751,4.8970632],[-1.7942895,4.8971038],[-1.7930512,4.8969894],[-1.7916445,4.8962562],[-1.7903964,4.8956648],[-1.7891727,4.8951342],[-1.7889472,4.8948676],[-1.7886703,4.8933558],[-1.7882588,4.8919755],[-1.7863798,4.8909779],[-1.7852953,4.8907865]]]}},{"type":"Feature","properties":{"layer":"admin","location_id":"GH-takoradi","admin_name":"Sekondi Takoradi Metropolitan District","admin_level":6,"color":"#dc2626"},"geometry":{"type":"Polygon","coordinates":[[[-1.6691048,4.9681852],[-1.6717172,4.969468],[-1.6732049,4.9693504],[-1.6756379,4.9716185],[-1.6765497,4.9713498],[-1.677433,4.9714035],[-1.6782273,4.9716197],[-1.6787279,4.9720936],[-1.6808282,4.9726116],[-1.6849708,4.9772118],[-1.6869178,4.9780009],[-1.6869947,4.9779374],[-1.6875665,4.9779754],[-1.6885395,4.9778669],[-1.6891525,4.9779187],[-1.6888562,4.9792389],[-1.6882741,4.9800252],[-1.6875053,4.982028],[-1.6877201,4.9832267],[-1.6879383,4.9838133],[-1.6870181,4.984264],[-1.6863965,4.9847689],[-1.6849856,4.9882373],[-1.6843013,4.989317],[-1.6849624,4.9898867],[-1.6860515,4.9905412],[-1.6872998,4.9901619],[-1.6877467,4.9903111],[-1.6885152,4.991184],[-1.6935194,4.9909496],[-1.694149,4.9953612],[-1.6939697,4.9960988],[-1.6953018,4.995821],[-1.6959666,4.9958775],[-1.6970395,4.9966263],[-1.6975274,4.9979269],[-1.6976572,4.9984809],[-1.6979162,4.9990651],[-1.7005481,5.0027839],[-1.7013557,5.0089368],[-1.7006277,5.0103733],[-1.7019455,5.0113644],[-1.7022907,5.0128416],[-1.7024808,5.0132246],[-1.7049652,5.0151186],[-1.7050045,5.0159015],[-1.7048346,5.0164586],[-1.7035388,5.0180286],[-1.703226,5.0185803],[-1.7031748,5.019581],[-1.7034066,5.020383],[-1.7037121,5.0207466],[-1.7040748,5.0205367],[-1.7058505,5.0203804],[-1.7068678,5.0205722],[-1.7082184,5.0212986],[-1.7086748,5.0214111],[-1.7091889,5.0213775],[-1.7099198,5.021101],[-1.7107856,5.0209319],[-1.7112337,5.0210086],[-1.7117316,5.0212562],[-1.712711,5.0219305],[-1.7130881,5.022385],[-1.7131077,5.0227461],[-1.7125915,5.0233421],[-1.7125149,5.0236482],[-1.7128317,5.0242571],[-1.7128795,5.0252357],[-1.7130777,5.025434],[-1.7135672,5.0256181],[-1.7148291,5.0257325],[-1.7151731,5.0260382],[-1.7153825,5.0264983],[-1.7155743,5.0284113],[-1.7155208,5.0297898],[-1.7148678,5.0330733],[-1.7174343,5.0349566],[-1.7183895,5.0361438],[-1.7185055,5.0366013],[-1.718506,5.0371002],[-1.7183715,5.0372134],[-1.7183147,5.0381342],[-1.7180872,5.0386693],[-1.7163904,5.0406505],[-1.7162594,5.0409436],[-1.7159336,5.0411532],[-1.7158666,5.0418227],[-1.7153805,5.0422726],[-1.7148475,5.0425792],[-1.7144658,5.0429725],[-1.7150795,5.0432969],[-1.7162312,5.0434337],[-1.7170085,5.0434228],[-1.7175001,5.0435577],[-1.7187386,5.0443749],[-1.719219,5.044527],[-1.7200898,5.0444285],[-1.720568,5.0450286],[-1.7212192,5.0453656],[-1.7219286,5.0454616],[-1.7225931,5.0454079],[-1.7229145,5.0452948],[-1.7231891,5.0453538],[-1.7237817,5.0459202],[-1.7240794,5.0459102],[-1.7244127,5.045694],[-1.7246649,5.0456725],[-1.7270875,5.0466972],[-1.7292921,5.0478013],[-1.72991,5.0479658],[-1.7307686,5.048005],[-1.7316703,5.0472071],[-1.731938,5.0468663],[-1.7325084,5.0456416],[-1.7333681,5.0449708],[-1.734969,5.0433425],[-1.7351087,5.0428489],[-1.7354654,5.0422502],[-1.7360584,5.0415824],[-1.7363568,5.0403884],[-1.7362044,5.0393768],[-1.7362224,5.0382273],[-1.7364143,5.0377446],[-1.7370625,5.0372697],[-1.7379007,5.0370399],[-1.7382825,5.0367528],[-1.7390458,5.0358891],[-1.7398179,5.0355574],[-1.7403425,5.0351598],[-1.7405343,5.0345812],[-1.7405337,5.0340762],[-1.7407227,5.0334364],[-1.7406673,5.0330836],[-1.7401688,5.0322323],[-1.7400325,5.0308734],[-1.739881,5.0305483],[-1.739268,5.0306427],[-1.7390011,5.0303949],[-1.7389431,5.0301661],[-1.7390004,5.0298022],[-1.7387402,5.0294254],[-1.737762,5.0285713],[-1.7365537,5.0272577],[-1.7364594,5.02653],[-1.7365523,5.0260006],[-1.7369337,5.025402],[-1.7367037,5.0237812],[-1.736931,5.0230284],[-1.7368534,5.0224082],[-1.7365284,5.02186],[-1.7365085,5.0212673],[-1.7367577,5.0204041],[-1.7369855,5.0201365],[-1.7371198,5.0197531],[-1.7371195,5.019516],[-1.7364892,5.0187779],[-1.7364422,5.018574],[-1.7366008,5.0177826],[-1.7360859,5.0170168],[-1.7360081,5.0162781],[-1.7362735,5.0151778],[-1.7365369,5.0150044],[-1.7368811,5.0146048],[-1.7374187,5.0142199],[-1.7376739,5.0135068],[-1.7380399,5.0131799],[-1.7388343,5.0145629],[-1.7422769,5.0166393],[-1.7440178,5.0176714],[-1.7426962,5.0105915],[-1.739703,5.0076098],[-1.7389547,5.0016463],[-1.7415737,4.9956827],[-1.7430703,4.98711],[-1.7449411,4.98301],[-1.7479342,4.9807736],[-1.7513015,4.977419],[-1.760281,4.971828],[-1.7696347,4.9662369],[-1.7793624,4.9569183],[-1.7763693,4.9502088],[-1.7688864,4.9505816],[-1.7681381,4.9543091],[-1.7629,4.9550545],[-1.7621517,4.9528181],[-1.7647708,4.9483451],[-1.7677639,4.9446175],[-1.7640225,4.9420083],[-1.7569137,4.9434993],[-1.7531723,4.9427538],[-1.7531723,4.9390262],[-1.7565396,4.9379079],[-1.7599069,4.9349259],[-1.7625259,4.9315711],[-1.7599069,4.9289617],[-1.7539205,4.9315711],[-1.7531143,4.9292057],[-1.752532,4.9286597],[-1.7502918,4.9254654],[-1.749689,4.9241618],[-1.7499767,4.9236704],[-1.7494355,4.9232472],[-1.7485586,4.922278],[-1.7482367,4.9209607],[-1.7485655,4.9208106],[-1.7491546,4.9203601],[-1.752943,4.9107227],[-1.7534225,4.9055217],[-1.753217,4.9029895],[-1.7533198,4.9022591],[-1.7679663,4.9026687],[-1.7843117,4.9120707],[-1.7845652,4.9119444],[-1.7852366,4.9102176],[-1.7852914,4.9098422],[-1.7849831,4.9091529],[-1.785079,4.9086068],[-1.7853599,4.9080608],[-1.7872363,4.905758],[-1.7869896,4.9053571],[-1.7868072,4.9049135],[-1.7869145,4.904347],[-1.7873704,4.903401],[-1.7876977,4.9029894],[-1.787805,4.9028237],[-1.787746,4.9025404],[-1.7875743,4.9021663],[-1.7871934,4.9017601],[-1.7866677,4.9014661],[-1.786598,4.901263],[-1.7865014,4.900798],[-1.7865658,4.9002315],[-1.786834,4.8999215],[-1.7874563,4.8994725],[-1.7878318,4.8991465],[-1.7879123,4.8988632],[-1.7878103,4.898596],[-1.7875958,4.8983608],[-1.7873383,4.898163],[-1.7866892,4.8982218],[-1.7865497,4.8980882],[-1.7864478,4.8978477],[-1.7864853,4.8975163],[-1.7867857,4.8971048],[-1.7876494,4.8966665],[-1.7879391,4.896442],[-1.7880571,4.8961801],[-1.7880678,4.8957846],[-1.7878264,4.8952982],[-1.787467,4.8950737],[-1.786716,4.8949722],[-1.7865135,4.8948317],[-1.7862289,4.894285],[-1.785982,4.8934275],[-1.7859306,4.892734],[-1.7856562,4.8917569],[-1.7852953,4.8907865],[-1.7848161,4.8905953],[-1.7836366,4.8896523],[-1.7818672,4.888477],[-1.7807151,4.8863998],[-1.7802213,4.8851425],[-1.7799333,4.8816577],[-1.778836,4.8800724],[-1.7764906,4.8794848],[-1.7736926,4.8788561],[-1.772837,4.8782595],[-1.7721564,4.8773665],[-1.7711414,4.8763006],[-1.7695641,4.8757676],[-1.7683605,4.8757437],[-1.7679491,4.8754157],[-1.7678493,4.8748565],[-1.7674638,4.8749869],[-1.7670313,4.8750329],[-1.7666397,4.8751585],[-1.7662481,4.8753376],[-1.76613,4.8754552],[-1.7660764,4.8755808],[-1.7659986,4.8757344],[-1.765894,4.8759055],[-1.7657773,4.8760231],[-1.7657197,4.8760578],[-1.7656647,4.8760899],[-1.7656244,4.8761166],[-1.7655949,4.8761594],[-1.7655748,4.8762329],[-1.7655373,4.8763344],[-1.7654367,4.8764654],[-1.765316,4.8765749],[-1.7651443,4.8766818],[-1.7649123,4.8767674],[-1.7646253,4.8768221],[-1.7642605,4.8768569],[-1.7638394,4.876889],[-1.7634626,4.876889],[-1.7631944,4.8768662],[-1.7629382,4.8767981],[-1.7627236,4.8767005],[-1.7625278,4.8765736],[-1.7624353,4.876468],[-1.7623951,4.8763959],[-1.7623883,4.8763264],[-1.7624044,4.8762716],[-1.7624567,4.8761527],[-1.7624943,4.8760698],[-1.762501,4.8760057],[-1.7624715,4.8759603],[-1.7623951,4.8759496],[-1.7623146,4.8759696],[-1.7622167,4.8760191],[-1.7621107,4.8761086],[-1.7620249,4.8761473],[-1.7619109,4.876162],[-1.7618144,4.8761473],[-1.7616856,4.8760885],[-1.7616078,4.8760525],[-1.7615488,4.8760404],[-1.7614831,4.8760458],[-1.7614241,4.8760738],[-1.7613718,4.8761086],[-1.7613249,4.8761286],[-1.7612739,4.8761219],[-1.761176,4.8760551],[-1.7611009,4.8759897],[-1.7610513,4.8759723],[-1.7609842,4.8759803],[-1.7608742,4.8760324],[-1.7607884,4.8760538],[-1.7606892,4.8760792],[-1.7605671,4.8760966],[-1.7604692,4.8761019],[-1.7603566,4.8760805],[-1.7602855,4.8760498],[-1.7601943,4.8760003],[-1.7600562,4.8759616],[-1.7598403,4.8759603],[-1.7594808,4.8760431],[-1.7590275,4.8762302],[-1.7584536,4.8765749],[-1.7582336,4.876738],[-1.7581236,4.8768315],[-1.7580244,4.8769518],[-1.757952,4.8770693],[-1.7579025,4.8771625],[-1.7578286,4.8773019],[-1.7577106,4.8774569],[-1.7575845,4.8775477],[-1.7573217,4.877684],[-1.7570937,4.8777749],[-1.7568523,4.8779139],[-1.7566055,4.8781464],[-1.7564687,4.8782372],[-1.7562461,4.8783067],[-1.7558062,4.8783415],[-1.755428,4.8783201],[-1.7549559,4.8782493],[-1.7545563,4.8782052],[-1.7543176,4.8781731],[-1.7541325,4.8781811],[-1.7538214,4.8782265],[-1.753462,4.8783495],[-1.7531803,4.8784537],[-1.7530328,4.8784991],[-1.752888,4.8784991],[-1.7527297,4.8785178],[-1.7526177,4.8785412],[-1.752483,4.878608],[-1.7523602,4.8786401],[-1.7521644,4.8785733],[-1.7519398,4.8785713],[-1.7516488,4.8786034],[-1.7514074,4.8786461],[-1.7512277,4.8787129],[-1.7510882,4.8787971],[-1.7508549,4.8789535],[-1.7505987,4.8791178],[-1.7504002,4.879218],[-1.7501602,4.8792888],[-1.7500247,4.8793156],[-1.749904,4.8793089],[-1.7498463,4.8793129],[-1.7497726,4.8793436],[-1.7497176,4.8793877],[-1.7496023,4.879504],[-1.7494655,4.8795935],[-1.7486347,4.879975],[-1.7482772,4.8801454],[-1.7480305,4.880263],[-1.7478883,4.8803031],[-1.7477354,4.8803418],[-1.7476416,4.8803538],[-1.7475785,4.8803712],[-1.7475048,4.8804166],[-1.7473613,4.8805583],[-1.7473291,4.8805877],[-1.7472835,4.8806171],[-1.7468771,4.8808135],[-1.7467444,4.8808536],[-1.7466076,4.880887],[-1.7464949,4.8809004],[-1.7464373,4.8809164],[-1.7463863,4.8809431],[-1.7462951,4.8810126],[-1.7461878,4.8810607],[-1.7460296,4.8810901],[-1.744722,4.8810954],[-1.7446174,4.8811088],[-1.7445396,4.8811409],[-1.7444833,4.8811836],[-1.7444685,4.881209],[-1.7444618,4.8813026],[-1.7444665,4.881332],[-1.7444846,4.8813453],[-1.7445429,4.8813487],[-1.7445604,4.881355],[-1.7445688,4.881365],[-1.7445745,4.8814516],[-1.7445859,4.8814736],[-1.7446113,4.8814816],[-1.744846,4.8814409],[-1.7448594,4.8814445],[-1.744867,4.8814532],[-1.7448685,4.881482],[-1.7448718,4.881491],[-1.7448802,4.881494],[-1.7448893,4.8814923],[-1.7450278,4.8814609],[-1.7450482,4.8814629],[-1.7450559,4.8814729],[-1.7450666,4.8815394],[-1.7450609,4.8815488],[-1.7450529,4.8815544],[-1.7450029,4.8815738],[-1.7449775,4.8815992],[-1.7449694,4.8816413],[-1.7449463,4.8820766],[-1.7449488,4.8820808],[-1.7449538,4.8820821],[-1.7451679,4.8820054],[-1.7451756,4.8820061],[-1.7451793,4.8820114],[-1.745186,4.8820261],[-1.7452028,4.8820502],[-1.7452262,4.8820509],[-1.7456983,4.8818812],[-1.7457291,4.8818825],[-1.7457446,4.8819092],[-1.7457452,4.881942],[-1.7457332,4.8819633],[-1.74565,4.8819974],[-1.7456423,4.8820028],[-1.7456388,4.8820083],[-1.7456383,4.8820133],[-1.74564,4.8820215],[-1.7456762,4.8821264],[-1.7456758,4.8821411],[-1.7456661,4.8821548],[-1.7451565,4.8823582],[-1.7446388,4.8825693],[-1.7446368,4.8825733],[-1.7446378,4.8825787],[-1.7447257,4.8827995],[-1.74473,4.8828045],[-1.7447364,4.8828042],[-1.7452946,4.8825767],[-1.7453194,4.882566],[-1.7453422,4.8825606],[-1.7453838,4.8825586],[-1.7458378,4.8825593],[-1.7458448,4.8825626],[-1.7458468,4.8825697],[-1.7458411,4.8828491],[-1.7458405,4.8828533],[-1.7458376,4.8828549],[-1.7458074,4.8828533],[-1.7458044,4.8828549],[-1.7458034,4.8828576],[-1.7458021,4.8836009],[-1.745803,4.8836067],[-1.7458063,4.8836102],[-1.7458117,4.8836109],[-1.7467185,4.8835939],[-1.7467266,4.8835972],[-1.7467286,4.8836062],[-1.7467206,4.8838488],[-1.7467175,4.8838558],[-1.7467105,4.8838618],[-1.745816,4.8838738],[-1.74581,4.8838752],[-1.7458063,4.8838792],[-1.7458046,4.8838869],[-1.7458056,4.884243],[-1.7458103,4.884256],[-1.7458203,4.8842603],[-1.7468731,4.8842443],[-1.7478404,4.884248],[-1.7478511,4.8842513],[-1.7478545,4.8842597],[-1.7478521,4.8872595],[-1.7478511,4.8872882],[-1.7478441,4.8873013],[-1.747834,4.8873123],[-1.7472687,4.887798],[-1.7472446,4.8878154],[-1.7472124,4.8878194],[-1.7465593,4.8877071],[-1.7464909,4.8876777],[-1.7464466,4.887639],[-1.7463823,4.8876176],[-1.7457023,4.8875147],[-1.745595,4.8875014],[-1.7455038,4.8875027],[-1.7453925,4.8875107],[-1.7449875,4.8874506],[-1.7449084,4.8874426],[-1.7448333,4.8874452],[-1.7447595,4.8874359],[-1.7443757,4.8873264],[-1.7442685,4.8872805],[-1.7439697,4.8871538],[-1.7438873,4.8871193],[-1.7437805,4.8870591],[-1.7436732,4.8870364],[-1.7423482,4.8868279],[-1.7411292,4.8866555],[-1.7403688,4.8865219],[-1.7396928,4.8863923],[-1.7385328,4.8862012],[-1.7359069,4.8858003],[-1.7358747,4.8858124],[-1.7358533,4.8858391],[-1.7357795,4.886262],[-1.7357728,4.8863048],[-1.735752,4.8863382],[-1.7357165,4.8863829],[-1.735687,4.8864297],[-1.7356803,4.8864872],[-1.7357031,4.8865433],[-1.7357513,4.8865687],[-1.7358962,4.886562],[-1.7367752,4.8866961],[-1.7373527,4.8867846],[-1.7373827,4.8867885],[-1.738278,4.8869254],[-1.7387584,4.8870089],[-1.7388006,4.8870162],[-1.7391905,4.8870839],[-1.7392375,4.8870921],[-1.7408856,4.8873927],[-1.7408052,4.8881312],[-1.7409697,4.8888265],[-1.7411894,4.8893973],[-1.741812,4.889692],[-1.7421637,4.890036],[-1.7428709,4.8902712],[-1.7431737,4.8904087],[-1.742995,4.8905497],[-1.7425531,4.8907243],[-1.7422287,4.890796],[-1.7416405,4.8906776],[-1.740166,4.8909916],[-1.7393657,4.8912602],[-1.7385051,4.8917321],[-1.7380942,4.8919013],[-1.7377552,4.8922262],[-1.7375909,4.8923412],[-1.7377038,4.8929373],[-1.7378552,4.8931987],[-1.7379293,4.8932565],[-1.7380007,4.8934631],[-1.7381717,4.8939099],[-1.7438541,4.8923808],[-1.7444176,4.8944751],[-1.7393535,4.8958674],[-1.7371025,4.8965309],[-1.7370871,4.8965482],[-1.7370871,4.8965729],[-1.7371488,4.8967306],[-1.7371407,4.8967614],[-1.7371139,4.8967854],[-1.7369127,4.8968335],[-1.7368698,4.8968562],[-1.736843,4.8968896],[-1.7368403,4.8969364],[-1.7369516,4.8973239],[-1.7370079,4.8973613],[-1.7370898,4.8973546],[-1.7388107,4.896891],[-1.7389988,4.8968391],[-1.7391497,4.8967841],[-1.7459665,4.8949508],[-1.7462626,4.8951387],[-1.7465755,4.8951747],[-1.746872,4.8950364],[-1.7470482,4.8948528],[-1.7471544,4.8946358],[-1.7470522,4.8943273],[-1.7470626,4.8942781],[-1.7471427,4.8942548],[-1.7472298,4.8943482],[-1.7474632,4.8947423],[-1.7475544,4.8949254],[-1.7476228,4.8951686],[-1.7476791,4.8956804],[-1.7477247,4.8963859],[-1.7477556,4.8967159],[-1.7477556,4.8969751],[-1.7477006,4.8972544],[-1.747207,4.8989942],[-1.7469791,4.899689],[-1.7467229,4.900317],[-1.746562,4.9007152],[-1.7463474,4.9013499],[-1.7461945,4.9018456],[-1.7461811,4.9020086],[-1.7461945,4.9021142],[-1.7462307,4.9022398],[-1.7462763,4.902491],[-1.7462817,4.9025925],[-1.7462575,4.9026607],[-1.7461878,4.9027569],[-1.7460671,4.9029092],[-1.7458954,4.9030696],[-1.7457372,4.9032593],[-1.7453027,4.9035212],[-1.7450988,4.9036698],[-1.7449084,4.9034789],[-1.7452066,4.9031971],[-1.7451739,4.9031377],[-1.7451031,4.9031397],[-1.7444818,4.9037018],[-1.7443691,4.903739],[-1.7440101,4.9038699],[-1.7438552,4.9035223],[-1.7438638,4.9034552],[-1.7441172,4.90295],[-1.7440658,4.9029097],[-1.7437449,4.9035141],[-1.7438963,4.9038651],[-1.7437865,4.9041062],[-1.7437041,4.9043496],[-1.743755,4.9044699],[-1.7434305,4.9047532],[-1.7431408,4.9049777],[-1.742658,4.9056832],[-1.7423764,4.9060172],[-1.7423013,4.9064101],[-1.7422289,4.9070434],[-1.7421538,4.9075699],[-1.7420733,4.9079841],[-1.7421082,4.9083609],[-1.7421484,4.9086522],[-1.7422396,4.9089782],[-1.7424247,4.9093336],[-1.7425588,4.9094379],[-1.742916,4.909548],[-1.7430845,4.9096864],[-1.7432025,4.909828],[-1.743291,4.9101728],[-1.7434385,4.9103785],[-1.7435056,4.9105148],[-1.7436022,4.9107607],[-1.7436692,4.9111188],[-1.7437229,4.9116078],[-1.7437497,4.9121797],[-1.7436531,4.9131097],[-1.7435324,4.9135934],[-1.7433125,4.9140878],[-1.7430335,4.9144646],[-1.742768,4.9147532],[-1.7424247,4.9150418],[-1.7421484,4.9154132],[-1.7421028,4.9160279],[-1.7420304,4.9163486],[-1.7419285,4.9165303],[-1.7417032,4.9168723],[-1.7414778,4.9171476],[-1.7411184,4.9174122],[-1.7405954,4.9179279],[-1.739815,4.918435],[-1.7394902,4.9184511],[-1.7392297,4.918365],[-1.7389512,4.918278],[-1.7387688,4.9182539],[-1.7385945,4.9182486],[-1.7385033,4.9182967],[-1.7385526,4.9184729],[-1.738691,4.9184784],[-1.7388761,4.9184303],[-1.7391282,4.918441],[-1.7392302,4.9184811],[-1.7393649,4.918646],[-1.7393219,4.9193429],[-1.7391764,4.9197228],[-1.7388295,4.9202671],[-1.7384389,4.920619],[-1.7380902,4.9209744],[-1.7376182,4.9215676],[-1.7372936,4.9219711],[-1.7370093,4.9224949],[-1.736725,4.9227622],[-1.7364474,4.9229759],[-1.7358958,4.9233961],[-1.735375,4.923709],[-1.7348538,4.923928],[-1.7343773,4.9241555],[-1.7338623,4.9244125],[-1.7335385,4.9245686],[-1.7328626,4.9248011],[-1.7318273,4.9252581],[-1.7315671,4.9253917],[-1.730291,4.9258104],[-1.7293945,4.9258941],[-1.7287872,4.9262125],[-1.7277691,4.9269844],[-1.7272756,4.9273665],[-1.7267364,4.9275723],[-1.7258784,4.9279433],[-1.723837,4.9287855],[-1.7228204,4.9292371],[-1.7218789,4.9296433],[-1.7212795,4.9298999],[-1.7208718,4.9300696],[-1.7207015,4.9301444],[-1.7205969,4.9301791],[-1.7204909,4.9301925],[-1.7204151,4.9301825],[-1.7203561,4.9301597],[-1.7203166,4.9301544],[-1.7202783,4.9301684],[-1.7202381,4.9302125],[-1.7201945,4.9302713],[-1.7201181,4.9303274],[-1.7200027,4.9303849],[-1.7197694,4.9304557],[-1.7194596,4.9305653],[-1.7188105,4.9307737],[-1.7183344,4.9309274],[-1.7177778,4.9311077],[-1.7171824,4.9313082],[-1.7165346,4.9315139],[-1.7153853,4.931864],[-1.7138216,4.932321],[-1.7124993,4.9327138],[-1.7115873,4.9330024],[-1.7109221,4.9332188],[-1.7104608,4.9333578],[-1.7099753,4.9334968],[-1.7095435,4.9336304],[-1.7090499,4.9337693],[-1.70872,4.9338254],[-1.708484,4.9338335],[-1.7082828,4.9338121],[-1.7080843,4.9337854],[-1.7078993,4.9337266],[-1.7077357,4.9336411],[-1.7075881,4.9335288],[-1.7074621,4.9334299],[-1.7073333,4.9333925],[-1.707218,4.9334032],[-1.7070758,4.9334647],[-1.7068881,4.9336304],[-1.7067379,4.9337346],[-1.7065179,4.9338094],[-1.7061397,4.9338602],[-1.7050695,4.9338923],[-1.7042676,4.9339069],[-1.7041221,4.933909],[-1.704118,4.9340847],[-1.704116,4.9342062],[-1.7041221,4.9342991],[-1.7041261,4.9343806],[-1.7041348,4.9344875],[-1.7041435,4.9345189],[-1.7041609,4.9345396],[-1.7041844,4.9345543],[-1.7042153,4.934561],[-1.7044111,4.9345617],[-1.7044258,4.9345717],[-1.7044312,4.9345884],[-1.7044339,4.9346131],[-1.7044365,4.9346712],[-1.7044485,4.9350426],[-1.7044736,4.9358191],[-1.7045029,4.9367282],[-1.7045096,4.936773],[-1.7045257,4.9367923],[-1.7045499,4.9367997],[-1.7045941,4.936807],[-1.7051104,4.9368778],[-1.7051373,4.9368905],[-1.7051446,4.9369166],[-1.7051433,4.9369573],[-1.7046276,4.9403498],[-1.7046162,4.9404132],[-1.7046062,4.9404346],[-1.7045867,4.9404466],[-1.7045505,4.940454],[-1.7044768,4.9404446],[-1.7039457,4.9403591],[-1.7031907,4.9402335],[-1.7021231,4.9400718],[-1.7004105,4.9398113],[-1.6999452,4.9397392],[-1.6987248,4.9395361],[-1.6977226,4.9393944],[-1.6975627,4.9393652],[-1.6975471,4.9393664],[-1.6975354,4.9393714],[-1.6975257,4.9393824],[-1.6975201,4.9393963],[-1.6975159,4.9394217],[-1.6975027,4.9395264],[-1.6974957,4.9395681],[-1.6974708,4.9397084],[-1.6980368,4.9398086],[-1.6996112,4.9400358],[-1.7012259,4.9402856],[-1.7023297,4.940474],[-1.7052171,4.9409296],[-1.7053109,4.9409363],[-1.7053686,4.9409189],[-1.7054035,4.9408842],[-1.7054236,4.9408308],[-1.7054719,4.9404967],[-1.705553,4.9399523],[-1.7055664,4.9398547],[-1.7055832,4.9398033],[-1.7056053,4.9397685],[-1.7056489,4.9397498],[-1.7057072,4.9397452],[-1.7064784,4.9398661],[-1.7065488,4.9398681],[-1.7065944,4.9398487],[-1.7066252,4.939816],[-1.7066437,4.9397538],[-1.7067271,4.9391954],[-1.706766,4.9389148],[-1.7068036,4.9387037],[-1.7068398,4.9385874],[-1.7069015,4.9384992],[-1.7069887,4.9384378],[-1.7074031,4.938232],[-1.7076431,4.9380984],[-1.7077102,4.9380864],[-1.7077893,4.9380997],[-1.707851,4.9381398],[-1.7079315,4.9382293],[-1.7079972,4.9382828],[-1.7080884,4.9383349],[-1.7082399,4.9383817],[-1.7083459,4.9384351],[-1.7084384,4.9385059],[-1.7085068,4.9386048],[-1.7086409,4.9389468],[-1.7087764,4.9393731],[-1.7088354,4.9395949],[-1.7088582,4.9398073],[-1.7088488,4.9399476],[-1.7086818,4.9410125],[-1.7086657,4.9410278],[-1.7086376,4.9410345],[-1.7082533,4.940947],[-1.7082144,4.940951],[-1.7081916,4.9409724],[-1.7078962,4.9425239],[-1.7070118,4.9423457],[-1.7064156,4.9417616],[-1.7063212,4.9418062],[-1.7069721,4.9424299],[-1.7078962,4.9426328],[-1.7085881,4.9427788],[-1.7080933,4.9447598],[-1.708025,4.945053],[-1.7074585,4.9457031],[-1.7069511,4.9462324],[-1.7064074,4.9466504],[-1.7058852,4.9468748],[-1.7053684,4.9470379],[-1.7045818,4.946689],[-1.7039896,4.9463788],[-1.703243,4.9457784],[-1.703133,4.9458666],[-1.703184,4.9459868],[-1.7031169,4.9462193],[-1.7028835,4.9461979],[-1.702787,4.9462514],[-1.7027172,4.946369],[-1.7027065,4.9464919],[-1.7027977,4.9465854],[-1.703023,4.9464812],[-1.7033798,4.9465186],[-1.7042756,4.9470824],[-1.7050749,4.9474485],[-1.7056167,4.9478654],[-1.7055041,4.9482288],[-1.7055067,4.9485014],[-1.7055121,4.9489851],[-1.7054665,4.9493405],[-1.7052949,4.9495917],[-1.7055711,4.9501742],[-1.7058259,4.9507086],[-1.7059037,4.9509117],[-1.7058349,4.9512322],[-1.7053995,4.9522532],[-1.704855,4.9530976],[-1.704568,4.9534877],[-1.7042729,4.9538538],[-1.703833,4.9544577],[-1.70342,4.954757],[-1.7031544,4.9550109],[-1.702846,4.95523],[-1.7024303,4.9556094],[-1.7010275,4.9566676],[-1.7003274,4.9570791],[-1.6997829,4.9573383],[-1.6995657,4.9573677],[-1.6992733,4.9574693],[-1.6990936,4.9577178],[-1.6989595,4.9580465],[-1.6988361,4.9583618],[-1.6986403,4.9585408],[-1.6983613,4.9585675],[-1.6981682,4.9585248],[-1.697589,4.958565],[-1.69656,4.958821],[-1.696046,4.959077],[-1.6955799,4.95911],[-1.695274,4.959334],[-1.694503,4.95959],[-1.6942415,4.9596311],[-1.6939813,4.9596952],[-1.6938981,4.9597994],[-1.6935951,4.9602243],[-1.6933993,4.9602831],[-1.6932142,4.9601949],[-1.6929996,4.9600773],[-1.6928816,4.9600613],[-1.6924256,4.9601227],[-1.692188,4.96023],[-1.692203,4.9605984],[-1.6920877,4.9608469],[-1.6917738,4.9611355],[-1.6915056,4.9614107],[-1.6911435,4.9616833],[-1.6905105,4.9620894],[-1.6899553,4.9624181],[-1.6895369,4.9627521],[-1.6887832,4.9630274],[-1.68807,4.963444],[-1.687555,4.9637],[-1.686793,4.9638611],[-1.6864175,4.9638451],[-1.6860661,4.9638344],[-1.6856316,4.9637515],[-1.6854706,4.9637435],[-1.6848993,4.963658],[-1.6846579,4.9636714],[-1.6844836,4.9637141],[-1.6842449,4.963968],[-1.683864,4.964123],[-1.6829735,4.9643928],[-1.6820937,4.964628],[-1.6815949,4.9648471],[-1.6807607,4.9650208],[-1.6802967,4.9651918],[-1.6799399,4.965296],[-1.6794705,4.9652399],[-1.6792426,4.9649941],[-1.6791004,4.9649273],[-1.6788054,4.9650609],[-1.6785076,4.9652346],[-1.6781938,4.9651704],[-1.6778934,4.9651918],[-1.6775849,4.9653067],[-1.6773033,4.9653602],[-1.6767401,4.9652372],[-1.6764933,4.9654243],[-1.6762117,4.9653815],[-1.6760641,4.96528],[-1.6759113,4.9652453],[-1.6754553,4.9652613],[-1.6750315,4.9652346],[-1.6746833,4.9654273],[-1.6743985,4.965622],[-1.6738781,4.9657556],[-1.672993,4.965948],[-1.6727784,4.9659507],[-1.6725478,4.9660095],[-1.6727092,4.9664376],[-1.6727777,4.9671953],[-1.6720171,4.9676186],[-1.6704822,4.9673797],[-1.6695982,4.9677278],[-1.6691048,4.9681852]]]}},{"type":"Feature","properties":{"layer":"city","location_id":"CH-geneva","city_name":"Genève","order":0,"color":"#2563eb"},"geometry":{"type":"Polygon","coordinates":[[[6.1486673,46.2062756],[6.1481946,46.2060935],[6.1478946,46.2057142],[6.1453685,46.2053307],[6.1447211,46.2052676],[6.1446969,46.2053669],[6.1445882,46.2053403],[6.144591,46.205121],[6.1436157,46.2048466],[6.1428871,46.2047218],[6.1416454,46.2045118],[6.1408014,46.2045443],[6.1406386,46.2046453],[6.1397964,46.2046424],[6.1389614,46.2046494],[6.139482,46.2012912],[6.1401978,46.2010778],[6.1405079,46.2009922],[6.1410501,46.2002175],[6.1429891,46.1973599],[6.1434883,46.1975416],[6.1457666,46.1965953],[6.1497024,46.1963071],[6.150452,46.1957809],[6.153556,46.1970025],[6.1552053,46.1981951],[6.1561799,46.1987436],[6.1563049,46.198814],[6.154717,46.1992579],[6.1516491,46.2013331],[6.1526517,46.2035447],[6.1530996,46.2034468],[6.1549969,46.2043196],[6.1545812,46.2047559],[6.1541671,46.2043786],[6.1538728,46.2043856],[6.1536812,46.2043336],[6.1505582,46.2051234],[6.1497923,46.2051113],[6.1486673,46.2062756]]]}},{"type":"Feature","properties":{"layer":"city","location_id":"CH-geneva","city_name":"Carouge","order":1,"color":"#22c55e"},"geometry":{"type":"Polygon","coordinates":[[[6.1538335,46.1798387],[6.1538765,46.1801863],[6.1545345,46.1847043],[6.1544137,46.1852343],[6.1541884,46.1856627],[6.1537564,46.1861072],[6.1530919,46.1864394],[6.1522551,46.1866159],[6.151098,46.1866522],[6.1481991,46.1868636],[6.1473041,46.186811],[6.1459722,46.1867508],[6.1448426,46.1867991],[6.1439201,46.1869332],[6.1427662,46.1873432],[6.141953,46.1879984],[6.1414433,46.1890801],[6.1397085,46.1886405],[6.1395626,46.188754],[6.1373993,46.1888514],[6.137014,46.1888081],[6.1350177,46.1908672],[6.131851,46.1892197],[6.1315895,46.1893763],[6.1290802,46.1880965],[6.1290702,46.1880238],[6.1288435,46.1879141],[6.1285346,46.1878242],[6.1276534,46.1877679],[6.1276421,46.1873792],[6.1276879,46.1871495],[6.1278521,46.1863256],[6.128023,46.1863448],[6.1280657,46.1861033],[6.1281686,46.1855211],[6.1284458,46.1810407],[6.1290417,46.1810547],[6.1291078,46.1809562],[6.1292303,46.180968],[6.1308657,46.1820075],[6.1311364,46.1820207],[6.1311246,46.1817737],[6.1311964,46.1817741],[6.1312619,46.1804636],[6.1312075,46.1800142],[6.1312289,46.1789164],[6.1311312,46.178506],[6.1312349,46.1784877],[6.131256,46.1778156],[6.1311891,46.1774856],[6.1312801,46.177488],[6.1312562,46.1771432],[6.1313583,46.1772065],[6.1313304,46.1766295],[6.1311365,46.1761995],[6.1307098,46.1757543],[6.1300103,46.1753824],[6.1294719,46.1752868],[6.1296396,46.174823],[6.13012,46.1745028],[6.1331011,46.1764206],[6.1345095,46.1750648],[6.1346842,46.1748307],[6.1347542,46.1744657],[6.1348684,46.174303],[6.1348824,46.1741719],[6.1350592,46.1739539],[6.1350812,46.1737569],[6.1353699,46.1737676],[6.1358603,46.1737076],[6.1370348,46.1731805],[6.1370734,46.1731269],[6.1369785,46.1728773],[6.1369878,46.1726873],[6.1368344,46.172552],[6.1368191,46.1724618],[6.1369334,46.1722884],[6.1371866,46.1722167],[6.1374213,46.1720263],[6.1379557,46.1712891],[6.1381055,46.1705459],[6.1380462,46.1702913],[6.1386541,46.1698875],[6.1388564,46.1698055],[6.1388682,46.1697421],[6.1386125,46.1696979],[6.1384392,46.1696037],[6.1382185,46.1694178],[6.1381646,46.1692407],[6.1384406,46.1690876],[6.1389121,46.1690233],[6.1389409,46.1686499],[6.1390114,46.1685988],[6.1393613,46.1685715],[6.1394514,46.1684373],[6.1396736,46.1683],[6.1396922,46.1681293],[6.1398455,46.1681559],[6.1400387,46.1683315],[6.1403742,46.1682555],[6.1403865,46.1682763],[6.140543,46.1685762],[6.1405631,46.1688209],[6.1403901,46.1695295],[6.1393871,46.1715961],[6.1389407,46.1723082],[6.1390553,46.1723874],[6.1391899,46.1723501],[6.1393209,46.1724008],[6.140728,46.1734227],[6.1407764,46.1735166],[6.141057,46.1734415],[6.1416325,46.1739806],[6.1426724,46.1747883],[6.1435747,46.1757141],[6.143655,46.1756935],[6.1458581,46.1773131],[6.1459781,46.17736],[6.1460904,46.1773265],[6.1473325,46.1765852],[6.1477363,46.1763944],[6.1478102,46.1764561],[6.1479941,46.1764336],[6.148251,46.1763021],[6.1488786,46.1767596],[6.1491631,46.1765756],[6.1499496,46.1771579],[6.1496089,46.1773003],[6.1497596,46.1774014],[6.1500377,46.1775084],[6.1506384,46.1776419],[6.1509796,46.1775546],[6.1511576,46.1775714],[6.1513342,46.1775307],[6.1518493,46.1778131],[6.152194,46.1781021],[6.1523513,46.1783702],[6.1523635,46.1785524],[6.1524548,46.1785961],[6.1526784,46.179282],[6.1538335,46.1798387]]]}},{"type":"Feature","properties":{"layer":"city","location_id":"CH-basel","city_name":"Basel","order":0,"color":"#2563eb"},"geometry":{"type":"Polygon","coordinates":[[[7.5546608,47.5643693],[7.5557966,47.5637596],[7.5579279,47.5626202],[7.5587206,47.5619588],[7.5598704,47.5605319],[7.5615849,47.5591798],[7.562616,47.5584996],[7.5645616,47.5572174],[7.5645717,47.5571084],[7.5647211,47.5571136],[7.5659304,47.5571748],[7.5685284,47.5573019],[7.5688088,47.5573132],[7.5689455,47.5573187],[7.5701412,47.5573791],[7.5707265,47.5574063],[7.5711814,47.5574314],[7.5728152,47.5575114],[7.5732789,47.557529],[7.5745194,47.557284],[7.5745915,47.5572657],[7.5752536,47.5571319],[7.5745923,47.5595363],[7.5742742,47.5606584],[7.5739975,47.5616528],[7.5739148,47.5619346],[7.5736368,47.562099],[7.5724369,47.5626793],[7.5716818,47.5630409],[7.5700255,47.5638257],[7.5679836,47.5648014],[7.5668874,47.565326],[7.5663778,47.5655696],[7.5654264,47.5660232],[7.5651559,47.5661631],[7.564876,47.5663192],[7.5641863,47.5667364],[7.5627382,47.5676055],[7.5621012,47.5679891],[7.5616219,47.5683145],[7.5610123,47.5687488],[7.5603584,47.5692412],[7.5602351,47.5693479],[7.5600812,47.5694641],[7.5592186,47.5700017],[7.5591138,47.5700654],[7.5587789,47.5702973],[7.558616,47.5704289],[7.5583596,47.570664],[7.5582325,47.570797],[7.5581151,47.570934],[7.5580076,47.5710747],[7.5579102,47.5712187],[7.5575733,47.5717457],[7.557025,47.5725235],[7.556895,47.5724666],[7.5564645,47.5713891],[7.5586849,47.5698445],[7.5593357,47.569392],[7.5593224,47.5693654],[7.5587395,47.5681978],[7.5587036,47.5681261],[7.558267,47.5672496],[7.5577011,47.5659524],[7.557352,47.5651522],[7.5573303,47.5651011],[7.5573002,47.5650334],[7.5546608,47.5643693]]]}},{"type":"Feature","properties":{"layer":"admin","location_id":"CH-basel","admin_name":"Altstadt Grossbasel","admin_level":9,"color":"#dc2626"},"geometry":{"type":"Polygon","coordinates":[[[7.5955265,47.5557557],[7.5953867,47.5558075],[7.5951833,47.5558931],[7.5950099,47.5557672],[7.5946031,47.5559562],[7.5943379,47.5561364],[7.5938399,47.5563908],[7.5935406,47.5565039],[7.5930096,47.5570455],[7.5920084,47.5573442],[7.5918579,47.5574326],[7.5914881,47.5576347],[7.5914205,47.5576636],[7.5906158,47.5581306],[7.5905758,47.558145],[7.5901527,47.5583976],[7.5899216,47.5585824],[7.5898955,47.558626],[7.5897716,47.5587398],[7.5897542,47.5587311],[7.5896325,47.5588157],[7.589642,47.5588788],[7.5894677,47.5590215],[7.5892125,47.5591817],[7.5892281,47.5592555],[7.5891281,47.5593488],[7.5891654,47.559381],[7.5887678,47.5597412],[7.5882374,47.5601017],[7.5874427,47.5610021],[7.5872307,47.5612002],[7.5866731,47.5617845],[7.5862298,47.5616019],[7.5860678,47.5614947],[7.5857228,47.5612495],[7.5856856,47.5612159],[7.5852737,47.5607489],[7.5851026,47.5605227],[7.5848241,47.5601178],[7.5847503,47.5599879],[7.5845198,47.5594754],[7.5844824,47.5593511],[7.5844536,47.5592074],[7.5843565,47.5585915],[7.5843176,47.5578925],[7.5843197,47.5577914],[7.5843107,47.5576782],[7.5842823,47.5575092],[7.5842453,47.5573658],[7.5841788,47.5571796],[7.5840124,47.5568935],[7.5839997,47.5568164],[7.584009,47.5567636],[7.5840636,47.5566726],[7.5841475,47.5566069],[7.5847137,47.5563781],[7.5854696,47.5560697],[7.5856535,47.5560003],[7.5859658,47.5558923],[7.5866518,47.5556713],[7.5868732,47.555596],[7.5870444,47.5555143],[7.5871213,47.5554661],[7.5872513,47.5553591],[7.587301,47.5553003],[7.5873659,47.5551918],[7.587723,47.5544617],[7.5877812,47.5543904],[7.5878831,47.5543268],[7.5879787,47.5542963],[7.5887784,47.5541634],[7.5891256,47.5541228],[7.5896846,47.5540499],[7.5905899,47.5539159],[7.5917188,47.5537767],[7.5918108,47.5537753],[7.5919277,47.5537916],[7.5920953,47.5538398],[7.5923169,47.5539259],[7.5935847,47.5543248],[7.5943734,47.5545589],[7.5945096,47.5546112],[7.5946702,47.554701],[7.5948175,47.5548332],[7.5952522,47.5554332],[7.5955265,47.5557557]]]}}]}